Identificador de URL;Nombre;Categorías;Nombre de propiedad 1;Valor de propiedad 1;Nombre de propiedad 2;Valor de propiedad 2;Nombre de propiedad 3;Valor de propiedad 3;Precio;Precio promocional;Peso (kg);Alto (cm);Ancho (cm);Profundidad (cm);Stock;SKU;Código de barras;Mostrar en tienda;Envío sin cargo;Descripción;Tags;Título para SEO;Descripción para SEO;Marca;Producto Físico;MPN (Número de pieza del fabricante);Sexo;Rango de edad;Costo;Visibilidad
setx4-individuales-cuerina-40x28cm-gris-oscuro-13l1s;Setx4 Individuales Cuerina 40x28cm gris oscuro;COCINA > INDIVIDUALES;;;;;;;8,000.00;;0.02;10.00;10.00;1.00;2;;;SI;NO;"<p><strong>Caracter&iacute;sticas Principales:</strong></p>
<p>Cantidad: 4 individuales.</p>
<p>Medidas: 40 x 28 cm.</p>
<p>Material: S&iacute;mil cuerina texturada</p>
<p>Color: Gris oscuro &nbsp;</p>
<p>&nbsp;</p>
<p><strong>&nbsp;Beneficios:</strong></p>
<p>Protecci&oacute;n para tu mesa contra manchas y rayaduras.</p>
<p>Durabilidad gracias a su material resistente y de calidad.</p>
<p>F&aacute;cil limpieza, ideal para el uso diario.</p>";cuerina, DELUAR, durabilidad, individuales, protección;;;DELUAR;SI;;;;;Visible
cubre-sommier-600hq-oxford-soft-gris-1ou4m;Cubre Sommier 600HQ Oxford SOFT GRIS;DORMITORIO > SABANAS Y AJUSTABLES;Tamaño;TWIN;;;;;22,900.00;;0.20;30.00;20.00;2.00;2;;;SI;NO;"<p>El <strong>Cubre Sommier 600HQ Oxford SOFT</strong> es la soluci&oacute;n perfecta para proteger y mantener tu sommier en &oacute;ptimas condiciones.</p>
<p>Disponible en diferentes medidas para ajustarse a colchones de</p>
<p><em>-1 1/2 plaza</em> (90x190x35 cm)</p>
<p><em>-2 1/2 plazas/QUEEN</em> (155x190x35 cm)&nbsp;</p>
<p><em>-King</em> (185x190x35 cm)</p>
<p>Confeccionado en tejido Oxford de alta calidad, ofrece suavidad y resistencia. Eleg&iacute; entre los colores blanco o natural, ideal para combinar con cualquier estilo de dormitorio.</p>";;;;;SI;;;;;Visible
cubre-sommier-600hq-oxford-soft-gris-1ou4m;;;Tamaño;FULL (Queen/2 plazas);;;;;24,900.00;;0.20;30.00;20.00;2.00;3;;;;;;;;;;;;;;;
cubre-sommier-600hq-oxford-soft-gris-1ou4m;;;Tamaño;KING;;;;;28,900.00;;0.20;30.00;20.00;2.00;3;;;;;;;;;;;;;;;
cortina-cwr1a;Cortina de baño LUXURY + 12 ganchos metalicos;BAÑO > CORTINAS ;;;;;;;24,900.00;;0.10;2.00;15.00;15.00;2;;;SI;NO;"<p>Cortina de Ba&ntilde;o lavable Antihongos y Antiest&aacute;tica y set de 12 ganchos rollers met&aacute;licos. Con el efecto que el glitter ofrece te renuevas con un dise&ntilde;o fuera de lo convencional pero manteniendo la l&iacute;nea de color que eliges para tu ba&ntilde;o.</p>
<p>&nbsp;</p>
<p>Caracter&iacute;sticas de la cortina</p>
<p>&bull; Dise&ntilde;o Luxury Silver</p>
<p>&bull; Cortina Teflonada</p>
<p>&bull; Cabezal con 12 ojales</p>
<p>&bull; Dise&ntilde;o con glitter efecto brillo</p>
<p>&bull; Medidas: 1.80 x 1.80 mts</p>
<p>&nbsp;</p>
<p>Caracter&iacute;sticas</p>
<p>&bull; Proceso Antihongos</p>
<p>&bull; Proceso Antiest&aacute;tico</p>
<p>&bull; Espesor 70 micrones</p>
<p>&bull; Cabezal reforzado con doble costura</p>
<p>&bull; 12 ojalillos</p>
<p>&bull; 100% Poli&eacute;ster</p>
<p>&bull; Medidas: 1.80 x 1.80 mts</p>
<p>&nbsp;</p>
<p>Caracter&iacute;sticas de los ganchos</p>
<p>&bull; Set de 12 unidades</p>
<p>&bull; Roller acero inoxidable</p>
<p>&bull; Se traban al colocarlos (como si fueran argollas)</p>
<p>&bull; Siempre podr&aacute;s tener la cortina perfectamente enganchada, no se superponen ni sueltan como los ganchos convencionales</p>
<p>&bull; Presentaci&oacute;n en pack de pvc que los protege.</p>
<p>&nbsp;</p>
<p>&nbsp;</p>";;;;;SI;;;;;Visible
cortina-1gbhk;Juego cortina VOILE blanco y natural;LIVING > CORTINA DE AMBIENTE;Color;Blanco;;;;;54,900.00;;0.20;2.00;15.00;15.00;2;;;SI;NO;"<p>Juego de Cortinas ideales para quienes buscan elegancia y ligereza. Estas cortinas de voile cuentan con cinta fruncidora, lo que permite un ajuste f&aacute;cil y un acabado suave y delicado.</p>
<p>&nbsp;</p>
<p>Caracter&iacute;sticas principales:</p>
<p>Medidas: 295 x 205 cm cada pa&ntilde;o</p>
<p>Composici&oacute;n:Microfibra Premium.</p>
<p>&nbsp;</p>
<p>Beneficios del producto:</p>
<p>Aporta luminosidad, dejando pasar la luz con suavidad sin perder privacidad.</p>
<p>Tela liviana y elegante, ideal para living, comedor o dormitorio.</p>
<p>F&aacute;cil colocaci&oacute;n, gracias a su cinta fruncidora adaptable.</p>
<p>Ca&iacute;da natural, mejora la est&eacute;tica del ambiente y suma amplitud visual.</p>
<p>&nbsp;</p>
<p>Eleg&iacute; las Cortinas Voile y transform&aacute; tus ambientes con un toque de elegancia, ligereza y calidad premium. &iexcl;Hac&eacute; tu hogar m&aacute;s c&aacute;lido, luminoso y acogedor!</p>
<p>&nbsp;</p>
<p><strong>Importante</strong>: Cada juego incluye 2 pa&ntilde;os. Las medidas publicadas corresponden a cada uno, por lo que el ancho total ser&aacute; aproximadamente el doble.</p>
<p>&nbsp;</p>
<p>Para elegir la medida ideal, compara el ancho total con tu ventana o barral y considera el fruncido que quieres lograr, ya que influye en c&oacute;mo se ver&aacute; la cortina instalada.</p>";;;;;SI;;;;0.00;Visible
cortina-1gbhk;;;Color;Natural;;;;;54,900.00;;0.20;2.00;15.00;15.00;1;;;;;;;;;;;;;;0.00;
alfombra-177ib;Alfombra de baño TILE 60x40cm;BAÑO > ALFOMBRAS PARA BAÑO;Color;Negro;;;;;10,500.00;;0.05;1.00;15.00;20.00;3;;;SI;NO;"<p>Sum&aacute; estilo y seguridad a tu ba&ntilde;o con esta alfombra, ideal para mantener confort en cada detalle de tu hogar</p>
<p>&nbsp;</p>
<p>Caracter&iacute;sticas Principales:</p>
<p>Medidas: 40 x 60 cm</p>
<p>Composici&oacute;n:&nbsp;</p>
<p>Frente: Poli&eacute;ster</p>
<p>Reverso: PVC antideslizante</p>
<p>Uso: ideal para salida de ducha o ba&ntilde;era</p>
<p>&nbsp;</p>
<p>&nbsp;</p>
<p>Beneficios del Producto:</p>
<p>M&aacute;ximo confort: el relleno Memory Foam se adapta al pie brindando una sensaci&oacute;n suave y acolchonada.</p>
<p>Mayor seguridad: base de PVC antideslizante que ayuda a mantener la alfombra firme en el piso.</p>
<p>Absorbente y pr&aacute;ctica: ideal para colocar a la salida de la ducha o ba&ntilde;era.</p>
<p>&nbsp;</p>";;;;;SI;;;;0.00;Visible
alfombra-177ib;;;Color;Gris;;;;;10,500.00;;0.05;1.00;15.00;20.00;1;;;;;;;;;;;;;;0.00;
alfombra-177ib;;;Color;Beige;;;;;10,500.00;;0.05;1.00;15.00;20.00;3;;;;;;;;;;;;;;0.00;
acolchado-plumon-queen-jean-cartier-oxford-platinum-700-hq-qbbpi;Acolchado/Plumón Queen Oxford Platinum 700 HQ;DORMITORIO > MANTAS/FRAZADAS/ACOLCHADOS;;;;;;;115,500.00;;0.40;20.00;15.00;15.00;1;;;SI;NO;"<p>Experimenta el lujo y la comodidad con el Acolchado/Plum&oacute;n Queen Jean Cartier Oxford Platinum 700 HQ, dise&ntilde;ado para brindarte la suavidad de la microfibra prewashed matelaseado y un estilo sofisticado.</p>
<p>&nbsp;</p>
<p>Caracter&iacute;sticas Principales:</p>
<p>Tama&ntilde;o: Queen</p>
<p>Dimensiones: 240 x 240 cm</p>
<p>Material: Microfibra premium prewashed matelaseado 100%, suave y de alta calidad</p>
<p>Relleno: 100% microfibra premium, perfecto para una experiencia de descanso inigualable</p>
<p>L&iacute;nea: Oxford Platinum 700 HQ de Jean Cartier</p>
<p>Elegante dise&ntilde;o con acabado matelaseado que da un toque de lujo</p>
<p>&nbsp;</p>
<p>&nbsp;</p>
<p>Beneficios del Producto: El Acolchado/Plum&oacute;n Queen de la l&iacute;nea Oxford Platinum 700 HQ te ofrece la mezcla ideal de est&eacute;tica y confort. Su microfibra premium aseguran una calidez perfecta y una textura suave que te envolver&aacute; durante toda la noche. Ideal para aquellos que buscan un producto de alta calidad que combine durabilidad, estilo y comodidad.</p>";;;;;SI;;;;;Visible
sabana-oxford-lumiere-king-600hq-blanco-1g34k;Sabana Oxford LUMIERE KING 600HQ blanco;DORMITORIO > SABANAS Y AJUSTABLES > King;;;;;;;76,500.00;;0.30;3.00;15.00;15.00;2;;;SI;NO;"<p>El juego de s&aacute;banas Oxford Lumiere 600 HQ, con un acabado prewashed, ofrece un tacto algodonoso y confortable que realza la experiencia de descanso.</p>
<p>&nbsp;</p>
<p>Caracter&iacute;sticas Principales:</p>
<p>Medidas:</p>
<p>S&aacute;bana superior: 290 x 245 cm</p>
<p>S&aacute;bana ajustable: 240 x 280 cm</p>
<p>Para colch&oacute;n: 200 x 200 x 30 cm</p>
<p>2 fundas: 90 x 50 cm</p>
<p>Composici&oacute;n: Microfibra Premium | Cotton touch</p>
<p>&nbsp;Color: Blanco</p>
<p>&nbsp;</p>
<p>Beneficios del Producto:</p>
<p>Calidad premium confeccionada en microfibra suave y confortable</p>
<p>Estilo sofisticado con detalles en sat&eacute;n que aportan elegancia</p>
<p>Descanso placentero gracias a su textura suave y delicada</p>";;;;;SI;;;;;Visible
sabana-oxford-belle-600hq-king-beige-8djdq;Sabana Oxford BELLE 600HQ King beige;DORMITORIO > SABANAS Y AJUSTABLES > King;;;;;;;76,500.00;;0.30;3.00;15.00;15.00;1;;;SI;NO;"<p>El juego de s&aacute;banas Oxford Belle 600 HQ de ofrece un descanso superior con un tacto algodonoso inigualable.</p>
<p>&nbsp;</p>
<p>Caracter&iacute;sticas Principales:</p>
<p>Medidas:</p>
<p>S&aacute;bana superior: 290 x 245 cm.</p>
<p>S&aacute;bana ajustable: 290 x 280 cm.</p>
<p>Para colch&oacute;n: 200 x 200 x 30 cm.</p>
<p>2 fundas de almohada: 50 x 75 cm.</p>
<p>Composici&oacute;n: Microfibra Premium | Cotton touch</p>
<p>&nbsp;Color: Beige</p>
<p>&nbsp;</p>
<p>Beneficios del Producto:</p>
<p>Calidad premium que brinda m&aacute;ximo confort y suavidad</p>
<p>Estilo sofisticado con embozo plisado que realza el dormitorio</p>
<p>F&aacute;cil cuidado gracias a su microfibra premium de mantenimiento simple</p>
<p>Descanso reparador con tacto algodonoso y sensaci&oacute;n acogedora</p>";;;;;SI;;;;;Visible
frazada-oklahoma-vkx4k;FRAZADA OKLAHOMA 2 1/2 plazas;DORMITORIO > MANTAS/FRAZADAS/ACOLCHADOS;;;;;;;54,900.00;;0.30;5.00;15.00;15.00;1;;;SI;NO;"<p>Frazada Corderito Jacquard Oklahoma</p>
<p>La Frazada Oklahoma combina textura corderito ultra suave con un dise&ntilde;o jacquard a cuadros que no solo abriga, sino que tambi&eacute;n eleva la est&eacute;tica de tu cama.</p>
<p>Su volumen y ca&iacute;da &mdash;como se aprecia en las im&aacute;genes&mdash; generan un efecto envolvente de calor inmediato, ideal para los d&iacute;as m&aacute;s fr&iacute;os. No es una frazada liviana m&aacute;s: es esa capa de confort que hace que no quieras salir de la cama. Si busc&aacute;s dormir mejor, sin interrupciones por el fr&iacute;o, esta es una elecci&oacute;n segura.</p>
<p>Caracter&iacute;sticas principales</p>
<p>Tipo: Frazada corderito jacquard con dise&ntilde;o a cuadros</p>
<p>Tama&ntilde;o: 2 1/2 plazas</p>
<p>Medidas: 220 x 240 cm</p>
<p>Material: Microfibra premium, no pierde suavidad con los lavados.&nbsp;</p>
<p>Textura: Extra suave, efecto corderito</p>
<p>Color: Crema&nbsp;</p>";;;;;SI;;;;;Visible
manta-polar-1xk0l;MANTA POLAR 1 1/2 plaza BEIGE;DORMITORIO > PIE DE CAMA Y MANTAS , DORMITORIO > MANTAS/FRAZADAS/ACOLCHADOS;;;;;;;21,900.00;;0.05;5.00;10.00;10.00;3;;;SI;NO;"<p>Disfruta del calor y la suavidad en cada noche. Esta frazada de polar de 1 1/2 plaza, confeccionada con microfibra premium, es la opci&oacute;n perfecta para envolverte en confort durante el invierno.</p>
<p>&nbsp;</p>
<p>&nbsp;Caracter&iacute;sticas principales:</p>
<p>Tama&ntilde;o: 1 1/2 Plaza (150 x 220 cm)</p>
<p>Composici&oacute;n: microfibra premium</p>
<p>Color: beige</p>
<p>&nbsp;</p>
<p>Beneficios del producto:</p>
<p>S&uacute;per suave y c&aacute;lida: La microfibra premium ofrece una suavidad extrema y una sensaci&oacute;n acogedora.</p>
<p>Ideal para noches fr&iacute;as: El material polar asegura un excelente aislamiento t&eacute;rmico.</p>
<p>Versatilidad en tama&ntilde;o: Perfecta para camas de 1 1/2 plaza, adapt&aacute;ndose a diferentes espacios.</p>";;;;;SI;;;;;Visible
alfombra-lg7ds;ALFOMBRA SHAGGY 60X40CM;BAÑO > ALFOMBRAS PARA BAÑO;Color;Gris;;;;;8,900.00;;0.05;2.00;15.00;10.00;3;;;SI;NO;"<h4 data-start=""1133"" data-end=""1253"">Alfombra De Ba&ntilde;o 60 x 40 cm | M&aacute;xima suavidad</h4>
<h3 data-start=""1133"" data-end=""1253"">Caracter&iacute;sticas Principales:</h3>
<ul>
<li data-start=""1133"" data-end=""1253"">Medidas: 40 x 60 cm</li>
<li data-start=""1133"" data-end=""1253"">Composici&oacute;n: Poli&eacute;ster</li>
<li data-start=""1133"" data-end=""1253"">Uso: ideal para salida de ducha o ba&ntilde;era</li>
<li data-start=""1133"" data-end=""1253"">antideslizante&nbsp;</li>
</ul>
<p data-start=""1133"" data-end=""1253"">&nbsp;</p>
<h3 data-start=""1133"" data-end=""1253"">Beneficios del Producto:</h3>
<ul>
<li data-start=""1133"" data-end=""1253"">M&aacute;ximo confort: se adapta al pie brindando una sensaci&oacute;n suave y acolchonada.</li>
<li data-start=""1133"" data-end=""1253"">Absorbente y pr&aacute;ctica: ideal para colocar a la salida de la ducha o ba&ntilde;era.</li>
</ul>";;;;;SI;;;;0.00;Visible
alfombra-lg7ds;;;Color;Marrón;;;;;8,900.00;;0.05;2.00;15.00;10.00;2;;;;;;;;;;;;;;0.00;
alfombra-lg7ds;;;Color;Crema;;;;;8,900.00;;0.05;2.00;15.00;10.00;2;;;;;;;;;;;;;;0.00;
kit-duvet-1vk25;Cubre Edredon DUVET Queen + fundas almohadas;DORMITORIO > MANTAS/FRAZADAS/ACOLCHADOS;;;;;;;65,900.00;;0.30;5.00;15.00;20.00;1;;;SI;NO;"<h2 style=""box-sizing: inherit; margin-top: 0px; font-family: Lato, sans-serif; color: #191919; background-color: #ffffff; font-size: 20px !important;"" data-start=""0"" data-end=""142""><strong style=""box-sizing: inherit;"" data-start=""18"" data-end=""142"">Kit Duvet Queen de 3 Piezas | Un Descanso Inigualable</strong></h2>
<p class="""" style=""box-sizing: inherit; line-height: 1.4286em; color: #191919; font-family: Outfit, sans-serif; font-size: 12px; background-color: #ffffff;"" data-start=""144"" data-end=""432""><br style=""box-sizing: inherit;"" data-start=""160"" data-end=""163"" />Renueva tu <strong style=""box-sizing: inherit;"" data-start=""174"" data-end=""195"">acolchado antiguo</strong> con el <strong style=""box-sizing: inherit;"" data-start=""203"" data-end=""236"">Kit Duvet Oxford,</strong>&nbsp;un set <strong style=""box-sizing: inherit;"" data-start=""245"" data-end=""265"">Queen de 3 piezas</strong> con <strong style=""box-sizing: inherit;"" data-start=""270"" data-end=""298"">funda n&oacute;rdica S&uacute;per Soft</strong> y cierre en la parte posterior para mayor comodidad y estilo. Ideal para quienes buscan calidad y confort</p>
<p class="""" style=""box-sizing: inherit; line-height: 1.4286em; color: #191919; font-family: Outfit, sans-serif; font-size: 12px; background-color: #ffffff;"" data-start=""434"" data-end=""468"">&nbsp;</p>
<p class="""" style=""box-sizing: inherit; line-height: 1.4286em; color: #191919; font-family: Outfit, sans-serif; font-size: 12px; background-color: #ffffff;"" data-start=""434"" data-end=""468""><strong style=""box-sizing: inherit;"" data-start=""434"" data-end=""466"">Caracter&iacute;sticas Principales:</strong></p>
<ul style=""box-sizing: inherit; padding-left: 20px; color: #191919; font-family: Outfit, sans-serif; font-size: 12px; background-color: #ffffff;"" data-start=""469"" data-end=""1060"">
<li class="""" style=""box-sizing: inherit; margin-bottom: 10px; line-height: 22px;"" data-start=""469"" data-end=""597"">
<p class="""" style=""box-sizing: inherit; line-height: 1.4286em;"" data-start=""471"" data-end=""484""><strong style=""box-sizing: inherit;"" data-start=""471"" data-end=""482"">Medida:</strong></p>
<ul style=""box-sizing: inherit; padding-left: 20px;"" data-start=""488"" data-end=""597"">
<li class="""" style=""box-sizing: inherit; margin-bottom: 10px; line-height: 22px;"" data-start=""488"" data-end=""543"">
<p class="""" style=""box-sizing: inherit; line-height: 1.4286em;"" data-start=""490"" data-end=""543"">1 <strong style=""box-sizing: inherit;"">Funda N&oacute;rdica</strong>: 240 cm x 240 cm + 5 cm</p>
</li>
<li class="""" style=""box-sizing: inherit; margin-bottom: 10px; line-height: 22px;"" data-start=""547"" data-end=""597"">
<p class="""" style=""box-sizing: inherit; line-height: 1.4286em;"" data-start=""549"" data-end=""597"">2 <strong style=""box-sizing: inherit;"" data-start=""551"" data-end=""573"">Funda de Almohad&oacute;n</strong>: 70 cm x 50 cm + 5 cm</p>
</li>
</ul>
</li>
<li class="""" style=""box-sizing: inherit; margin-bottom: 10px; line-height: 22px;"" data-start=""598"" data-end=""723"">
<p class="""" style=""box-sizing: inherit; line-height: 1.4286em;"" data-start=""600"" data-end=""723""><strong style=""box-sizing: inherit;"" data-start=""600"" data-end=""616"">Composici&oacute;n:</strong> Microfibra Premium</p>
</li>
<li class="""" style=""box-sizing: inherit; margin-bottom: 10px; line-height: 22px;"" data-start=""829"" data-end=""963"">
<p class="""" style=""box-sizing: inherit; line-height: 1.4286em;"" data-start=""831"" data-end=""963""><strong style=""box-sizing: inherit;"" data-start=""831"" data-end=""864"">Cierre en la Parte Posterior:</strong> F&aacute;cil de colocar y quitar, con cierre oculto que asegura que el edred&oacute;n se mantenga en su lugar.</p>
</li>
<li class="""" style=""box-sizing: inherit; margin-bottom: 10px; line-height: 22px;"" data-start=""964"" data-end=""1060"">
<p class="""" style=""box-sizing: inherit; line-height: 1.4286em;"" data-start=""966"" data-end=""1060""><strong style=""box-sizing: inherit;"" data-start=""966"" data-end=""976"">Marca:</strong> Jean Cartier</p>
</li>
</ul>
<p class="""" style=""box-sizing: inherit; line-height: 1.4286em; color: #191919; font-family: Outfit, sans-serif; font-size: 12px; background-color: #ffffff;"" data-start=""1062"" data-end=""1092"">&nbsp;</p>
<p class="""" style=""box-sizing: inherit; line-height: 1.4286em; color: #191919; font-family: Outfit, sans-serif; font-size: 12px; background-color: #ffffff;"" data-start=""1062"" data-end=""1092""><strong style=""box-sizing: inherit;"" data-start=""1062"" data-end=""1090"">Beneficios del Producto:</strong></p>
<ul style=""box-sizing: inherit; padding-left: 20px; color: #191919; font-family: Outfit, sans-serif; font-size: 12px; background-color: #ffffff;"" data-start=""1093"" data-end=""1602"">
<li class="""" style=""box-sizing: inherit; margin-bottom: 10px; line-height: 22px;"" data-start=""1093"" data-end=""1301"">
<p class="""" style=""box-sizing: inherit; line-height: 1.4286em;"" data-start=""1095"" data-end=""1301""><strong style=""box-sizing: inherit;"" data-start=""1095"" data-end=""1128"">Renueva tu Acolchado Antiguo:</strong> Transforma tu habitaci&oacute;n con el elegante y c&oacute;modo <strong style=""box-sizing: inherit;"" data-start=""1179"" data-end=""1199"">Kit Duvet Oxford</strong>. Ideal para dar un toque de frescura a tu cama, mejorando el confort y la apariencia de tu espacio.</p>
</li>
<li class="""" style=""box-sizing: inherit; margin-bottom: 10px; line-height: 22px;"" data-start=""1449"" data-end=""1602"">
<p class="""" style=""box-sizing: inherit; line-height: 1.4286em;"" data-start=""1451"" data-end=""1602""><strong style=""box-sizing: inherit;"" data-start=""1451"" data-end=""1493"">Cierre Posterior para Mayor Comodidad:</strong> El pr&aacute;ctico cierre facilita el uso y mantenimiento del set, manteniendo todo en su lugar sin complicaciones.</p>
</li>
</ul>";;;;;SI;;;;;Visible
set-latas-pij1a;Setx4 latas Almacenamiento;COCINA > BAZAR > FRASCOS, COCINA > BAZAR > ORGANIZACION COCINA;;;;;;;39,900.00;;0.40;15.00;10.00;10.00;4;;;SI;NO;"<p>Lata de acero galvanizado <strong>color gris con tapa de bamboo</strong>.<br />Destaca no s&oacute;lo por la combinaci&oacute;n arm&oacute;nica de sus materiales de excelente calidad, sino tambi&eacute;n por los detalles de dise&ntilde;o que posee esta l&iacute;nea.<br />Ideal para cocinas modernas y organizadas.<br /><br />Caracter&iacute;sticas:<br /><br />. Medidas:</p>
<p>Lata <strong>CAFE - TE - AZUCAR:</strong> 15,5 x 11,5 cm de di&aacute;metro</p>
<p>Lata <strong>PASTA:</strong>&nbsp; 29,5 x 11,5 cm de di&aacute;metro</p>
<p><br />. Material: Acero y Madera de Bamboo<br />. Apto lavavajillas: No<br />. L&iacute;nea de dise&ntilde;o: Bamboo Grey</p>
<p>&nbsp;</p>
<p>&nbsp;</p>";;;;;SI;;;;0.00;Visible
set-sushi-10z1c;SET DE SUSHI PARA 2 PORCELANA NEGRO 19X9 CM;COCINA > BAZAR > BANDEJAS - BOWLS - TABLAS, COCINA > BAZAR > CUBIERTOS - VAJILLA, DIA DEL PADRE;;;;;;;32,500.00;;0.10;2.00;10.00;10.00;3;;;SI;NO;"<h4>SET DE SUSHI PARA 2 PORCELANA NEGRO 19X9 CM</h4>
<div>Caracter&iacute;sticas:<br /><br />. Medida: 19 x 9 cm (bandeja) - 8 x 5,5 cm (dip)<br />. Material: Porcelana y Madera de Bamboo<br />. Apto lavavajillas: Porcelana s&iacute;, bamboo no<br />. Packing: Caja de Regalo tipo Window Box<br /><br /></div>";;;;;SI;;;;;Visible
tabla-bambu-13duh;TABLA DE BAMBOO CON MANGO NEGRO RECTANGULAR 34X17 CM;COCINA > BAZAR > BANDEJAS - BOWLS - TABLAS, DIA DEL PADRE;;;;;;;14,900.00;;0.05;2.00;10.00;10.00;2;;;SI;NO;"<h4>TABLA DE BAMBOO CON MANGO NEGRO RECTANGULAR 34X17 CM</h4>
<div>Tabla de madera rectangular con mango pintado en color negro, ideal para colgar. Su dise&ntilde;o cl&aacute;sico y sobrio combina con todo tipo de cocina.<br /><br />Caracter&iacute;sticas:<br /><br />&middot; Medidas: 34x17 cm<br />&middot; Material: Madera de Bamboo<br />&middot; Apto lavavajillas: no<br />. Apto microondas: no<br /><br /></div>";;;;;SI;;;;;Visible
aceit-14hsk;ACEITERA DE ACRILICO 6X10CM;COCINA > BAZAR > ACEITEROS - SALEROS - AZUCARERAS - ESPECIEROS;;;;;;;6,900.00;;0.05;5.00;3.00;5.00;6;;;SI;NO;"<h4>ACEITERA DE ACRILICO LINEA NET</h4>
<p>&nbsp;</p>
<div>Jarra de acr&iacute;lico transparente con pico vertedor y cierre de tapa a presi&oacute;n.<br />Dise&ntilde;o cl&aacute;sico de uso cotidiano. Ideal para usar como condimentero.<br />Acr&iacute;lico de excelente calidad, resistente y duradero.<br /><br />Caracter&iacute;sticas:<br /><br />Material: acr&iacute;lico<br />Medidas: 6 cm de di&aacute;metro x 10 cm de alto<br />Apto lavavajillas: no<br />Apto microondas: no<br />L&iacute;nea de dise&ntilde;o: Net<br />Origen: China</div>";;;;;SI;;;;;Visible
azucarera-1eogd;AZUCARERA MARGARITA 350 ML;COCINA > BAZAR > ACEITEROS - SALEROS - AZUCARERAS - ESPECIEROS;;;;;;;15,500.00;;0.10;5.00;5.00;5.00;3;;;SI;NO;"<h4>AZUCARERA MARGARITA 350 ML</h4>
<h4>&nbsp;Caracter&iacute;sticas:<br /><br />. Medidas: 9 x 10 cm de di&aacute;metro<br />. Capacidad: 350 ml<br />. Material: Cer&aacute;mica<br />. Apto lavavajillas: Si<br />. Apto microondas: Si<br />. Apto horno: Si<br />. L&iacute;nea de dise&ntilde;o: Margarita<br /><br /></h4>";;;;;SI;;;;;Visible
taza-1tgq4;Taza CREAM 440ml;COCINA > BAZAR > TAZAS Y PLATITOS;;;;;;;9,000.00;;0.05;5.00;5.00;5.00;3;;;SI;NO;"<h4>Taza CREAM 440 ML</h4>
<p>&nbsp;</p>
<div>Caracter&iacute;sticas:<br /><br />. Capacidad: 440 ML<br />. Medidas: 7X9,5 CM<br />. Material: Cer&aacute;mica<br />. Lavavajillas: Si<br />. Microondas: Si<br />. L&iacute;nea: Gather Cream<br /><br /></div>";;;;;SI;;;;;Visible
noix-24-5-1az5h;BANDEJA RECTANGULAR NOIX 24,5X11 CM;;;;;;;;19,900.00;;0.05;2.00;5.00;10.00;1;;;SI;NO;"<h4>BANDEJA RECTANGULAR NOIX 24,5X11 CM</h4>
<div>Caracter&iacute;sticas:<br /><br />. Medidas: 24,5X11 CM<br />. Material: Poliestireno<br />. Apto lavavajillas: Hasta 65&deg;<br />. Apto microondas: No<br />. L&iacute;nea de dise&ntilde;o: Noix<br />. Origen: Turqu&iacute;a</div>";;;;;SI;;;;;Visible
noix-31-z7ivw;BANDEJA REDONDA NOIX 31 CM;COCINA > BAZAR > BANDEJAS - BOWLS - TABLAS, DIA DEL PADRE;;;;;;;32,500.00;;0.05;2.00;15.00;15.00;2;;;SI;NO;"<h4>BANDEJA REDONDA NOIX 31 CM</h4>
<h4>&nbsp;Caracter&iacute;sticas:<br /><br /><br />. Medidas: 31 CM<br />. Material: Poliestireno<br />. Apto lavavajillas: Hasta 65&deg;<br />. Apto microondas: No<br />. L&iacute;nea de dise&ntilde;o: Noix<br />. Origen: Turqu&iacute;a</h4>";;;;;SI;;;;;Visible
noix-285x17-cm-scygo;BOWL BAJO OVAL NOIX 28,5X17 CM;COCINA > BAZAR > BANDEJAS - BOWLS - TABLAS, DIA DEL PADRE;;;;;;;19,900.00;;0.05;2.00;5.00;15.00;2;;;SI;NO;"<h4>BOWL BAJO OVAL NOIX&nbsp;</h4>
<div>Caracter&iacute;sticas:<br /><br />. Medidas:&nbsp;28,5X17 CM<br />. Capacidad: 400 ML<br />. Material: Poliestireno<br />. Apto lavavajillas: Hasta 65&deg;<br />. Apto microondas: No<br />. L&iacute;nea de dise&ntilde;o: Noix<br />. Origen: Turqu&iacute;a</div>";;;;;SI;;;;;Visible
manila-1gyz4;BANDEJA ACACIA MANILA BLACK 28X13 CM;COCINA > BAZAR > BANDEJAS - BOWLS - TABLAS, DIA DEL PADRE;;;;;;;24,500.00;;0.05;2.00;7.00;15.00;1;;;SI;NO;"<h4>BANDEJA ACACIA MANILA BLACK 28X13 CM</h4>
<h4>&nbsp;La l&iacute;nea Manila est&aacute; realizada a mano artesanalmente, logrando que cada pieza sea realmente &uacute;nica.<br />Su madera es muy noble, resistente y destacada por poseer un lustre natural incre&iacute;ble. Ideal para usar tanto en el interior como en el exterior.<br />Son much&iacute;simas las combinaciones que se pueden lograr con esta vajilla tan c&aacute;lida y aut&eacute;ntica, desde darle un toque m&aacute;s artesanal a otra vajilla muy cl&aacute;sica, o combinarlo con piezas en acr&iacute;lico para un exterior, hasta mezclarla inclusive con otra vajilla en tonos neutros, negra, etc.<br /><br />Caracter&iacute;sticas:<br /><br />. Medida: 28 x 12,5 cm<br />. Material: Madera de Acacia<br />. Apto lavavajillas: No<br />. Apto microondas: No<br />. Apto horno: No<br />. L&iacute;nea de dise&ntilde;o: Manila Black<br />. Origen: Filipinas<br />. Consejo: Lavar con agua y jab&oacute;n con esponja suave, y siempre secar al finalizar.</h4>";;;;;SI;;;;;Visible
bandeja-1f6eh;BANDEJA ACACIA MANILA BLACK 30,5X30,5 CM;COCINA > BAZAR > BANDEJAS - BOWLS - TABLAS, DIA DEL PADRE;;;;;;;37,500.00;;0.05;2.00;15.00;15.00;2;;;SI;NO;"<h4>BANDEJA ACACIA MANILA BLACK 30,5X30,5 CM</h4>
<h4>&nbsp;</h4>
<div>La l&iacute;nea Manila est&aacute; realizada a mano artesanalmente, logrando que cada pieza sea realmente &uacute;nica.<br />Su madera es muy noble, resistente y destacada por poseer un lustre natural incre&iacute;ble. Ideal para usar tanto en el interior como en el exterior.<br />Son much&iacute;simas las combinaciones que se pueden lograr con esta vajilla tan c&aacute;lida y aut&eacute;ntica, desde darle un toque m&aacute;s artesanal a otra vajilla muy cl&aacute;sica, o combinarlo con piezas en acr&iacute;lico para un exterior, hasta mezclarla inclusive con otra vajilla en tonos neutros, negra, etc.<br /><br />Caracter&iacute;sticas:<br /><br />. Medida: 30,5 x 30,5 cm<br />. Material: Madera de Acacia<br />. Apto lavavajillas: No<br />. Apto microondas: No<br />. Apto horno: No<br />. L&iacute;nea de dise&ntilde;o: Manila Black<br />. Origen: Filipinas<br />. Consejo: Lavar con agua y jab&oacute;n con esponja suave, y siempre secar al finalizar.</div>";;;;;SI;;;;;Visible
bowl-16-tv510;BOWL VIDRIO FUME ROSES 16 CM;COCINA > BAZAR > BANDEJAS - BOWLS - TABLAS;;;;;;;12,500.00;;0.15;5.00;10.00;10.00;3;;;SI;NO;"<h4>BOWL VIDRIO FUME ROSES 16 CM</h4>
<div>Caracter&iacute;sticas:<br /><br />. Medida: 7 x 16 cm de di&aacute;metro<br />. Capacidad: 700 ml<br />. Material: Vidrio<br />. Apto lavavajillas: No<br />. Apto microondas: No<br />. Linea de dise&ntilde;o: Roses<br /><br /></div>";;;;;SI;;;;;Visible
bowl-1xfvn;BOWL VIDRIO FUME ROSES 19 CM;COCINA > BAZAR > BANDEJAS - BOWLS - TABLAS;;;;;;;15,200.00;;0.15;5.00;15.00;15.00;4;;;SI;NO;"<h4>BOWL VIDRIO FUME ROSES 19 CM</h4>
<p>&nbsp;</p>
<div>Caracter&iacute;sticas:<br /><br />. Medida: 8 x 19 cm de di&aacute;metro<br />. Capacidad: 1000 ml<br />. Material: Vidrio<br />. Apto lavavajillas: No<br />. Apto microondas: No<br />. Linea de dise&ntilde;o: Roses<br /><br /></div>";;;;;SI;;;;;Visible
bandeja-2-4czqm;Bandeja ACACIA MANILA BLACK 27.5x15cm;COCINA > BAZAR > BANDEJAS - BOWLS - TABLAS, DIA DEL PADRE, COMBOS PARA REGALAR;;;;;;;21,500.00;;0.05;2.00;10.00;15.00;3;;;SI;NO;"<p>La l&iacute;nea Manila est&aacute; realizada a mano artesanalmente, logrando que cada pieza sea realmente &uacute;nica.<br />Su madera es muy noble, resistente y destacada por poseer un lustre natural incre&iacute;ble. Ideal para usar tanto en el interior como en el exterior.<br />Son much&iacute;simas las combinaciones que se pueden lograr con esta vajilla tan c&aacute;lida y aut&eacute;ntica, desde darle un toque m&aacute;s artesanal a otra vajilla muy cl&aacute;sica, o combinarlo con piezas en acr&iacute;lico para un exterior, hasta mezclarla inclusive con otra vajilla en tonos neutros, negra, etc.<br /><br />Caracter&iacute;sticas:<br /><br />. Medida: 27,5 x 15 cm<br />. Material: Madera de Acacia<br />. Apto lavavajillas: No<br />. Apto microondas: No<br />. Apto horno: No<br />. L&iacute;nea de dise&ntilde;o: Manila Black<br />. Origen: Filipinas<br />. Consejo: Lavar con agua y jab&oacute;n con esponja suave, y siempre secar al finalizar.</p>";;;;;SI;;;;;Visible
indivudual-perak-flecos-negros-35-cm-cqaf7;INDIVUDUAL PERAK FLECOS NEGROS 35 CM;COCINA > INDIVIDUALES;;;;;;;9,500.00;;0.05;1.00;20.00;20.00;11;;;SI;NO;"<p>Individual PERAK&nbsp;</p>
<p>Hecho de fibras naturales con flecos en su circunferencia de color negro.&nbsp;</p>
<p>Medida: 35cm diametro&nbsp;</p>
<p>Color: marron con negro.&nbsp;</p>
<p>Ideal para usarlo como centro de mesa, individuales o platos de sitio.&nbsp;</p>
<p>&nbsp;</p>";;;;;SI;;;;;Visible
set-tazas-65qlg;Set taza y plato de ceramica GRIS Y ARENA 200ml;COCINA > BAZAR > TAZAS Y PLATITOS;;;;;;;9,900.00;;0.10;7.00;7.00;7.00;5;;;SI;NO;"<p>Set de taza y plato de cer&aacute;mica con esmaltado semi-mate, color gris y arena, con detalle en la base a tono.<br />Dise&ntilde;o novedoso que combina una peque&ntilde;a trama tipo panal, con un sutil efecto de salpicado granito.<br />Ideal para combinar con cucharitas negras o doradas.<br /><br />Caracter&iacute;sticas:<br /><br />. Medidas: 7 x 8,5 cm de di&aacute;metro (taza) - 16 cm de di&aacute;metro (plato)<br />. Capacidad: 200 ml<br />. Material: Cer&aacute;mica<br />. Apto lavavajillas: Si<br />. Apto microondas: Si<br /><br /></p>";;;;;SI;;;;;Visible
bateria-1bw3c;Bateria de 5 piezas GRANITO triple capa antiadherente;COCINA > BAZAR > ORGANIZACION COCINA;;;;;;;119,900.00;;0.50;10.00;20.00;20.00;0;;;SI;NO;"<p><span style=""color: #060606; font-family: 'Nunito Sans', sans-serif; font-size: 14px; background-color: #ffffff;"">Bater&iacute;a de 5 Piezas, l&iacute;nea Granito de aluminio con triple capa antiadherente, con tapas de vidrio, asas y mango simil madera soft touch y base espiral difusora de calor.</span><br style=""box-sizing: border-box; color: #060606; font-family: 'Nunito Sans', sans-serif; font-size: 14px; background-color: #ffffff;"" /><br style=""box-sizing: border-box; color: #060606; font-family: 'Nunito Sans', sans-serif; font-size: 14px; background-color: #ffffff;"" /><em style=""box-sizing: border-box; color: #060606; font-family: 'Nunito Sans', sans-serif; font-size: 14px; background-color: #ffffff;"">Incluye:<br style=""box-sizing: border-box;"" />Cacerola: 24 cm / 3.9 lts.<br style=""box-sizing: border-box;"" />Cacerola con Mango: 18 cm / 1.9 lts.<br style=""box-sizing: border-box;"" />Sart&eacute;n: 24 cm</em><br style=""box-sizing: border-box; color: #060606; font-family: 'Nunito Sans', sans-serif; font-size: 14px; background-color: #ffffff;"" /><br style=""box-sizing: border-box; color: #060606; font-family: 'Nunito Sans', sans-serif; font-size: 14px; background-color: #ffffff;"" /><span style=""color: #060606; font-family: 'Nunito Sans', sans-serif; font-size: 14px; background-color: #ffffff;"">Apta para cocina de gas, el&eacute;ctrica, hal&oacute;gena y vitrocer&aacute;mica.</span></p>";;;;;SI;;;;;Visible
bateria-crema-26v20;Bateria de 5 piezas con mango desmontable CREMA;COCINA > BAZAR > FRASCOS, COCINA > BAZAR > ORGANIZACION COCINA;;;;;;;119,900.00;;0.40;5.00;15.00;15.00;0;;;SI;NO;"<p><span style=""color: #060606; font-family: 'Nunito Sans', sans-serif; font-size: 14px; background-color: #ffffff;"">Bateria de 5 piezas con Mango desmontable. Da un uso vers&aacute;til y ahorro de espacio de guardado.</span><br style=""box-sizing: border-box; color: #060606; font-family: 'Nunito Sans', sans-serif; font-size: 14px; background-color: #ffffff;"" /><span style=""color: #060606; font-family: 'Nunito Sans', sans-serif; font-size: 14px; background-color: #ffffff;"">De aluminio reforzado con 3 capas de antiadherente. Tapas de vidrio con borde siliconado.</span><br style=""box-sizing: border-box; color: #060606; font-family: 'Nunito Sans', sans-serif; font-size: 14px; background-color: #ffffff;"" /><span style=""box-sizing: border-box; font-weight: bold; color: #060606; font-family: 'Nunito Sans', sans-serif; font-size: 14px; background-color: #ffffff;"">Color: Crema<br style=""box-sizing: border-box;"" /></span><br style=""box-sizing: border-box; color: #060606; font-family: 'Nunito Sans', sans-serif; font-size: 14px; background-color: #ffffff;"" /><span style=""color: #060606; font-family: 'Nunito Sans', sans-serif; font-size: 14px; background-color: #ffffff;"">Incluye:</span><br style=""box-sizing: border-box; color: #060606; font-family: 'Nunito Sans', sans-serif; font-size: 14px; background-color: #ffffff;"" /><span style=""color: #060606; font-family: 'Nunito Sans', sans-serif; font-size: 14px; background-color: #ffffff;"">Cacerola 18cm con tapa de vidrio con bordes siliconados, Sart&eacute;n 20 cm, Sart&eacute;n 26 cm y mango desmontable.</span><br style=""box-sizing: border-box; color: #060606; font-family: 'Nunito Sans', sans-serif; font-size: 14px; background-color: #ffffff;"" /><span style=""color: #060606; font-family: 'Nunito Sans', sans-serif; font-size: 14px; background-color: #ffffff;"">Apto cocina a gas, el&eacute;ctrica, cer&aacute;mica e inducci&oacute;n.</span><br style=""box-sizing: border-box; color: #060606; font-family: 'Nunito Sans', sans-serif; font-size: 14px; background-color: #ffffff;"" /><span style=""color: #060606; font-family: 'Nunito Sans', sans-serif; font-size: 14px; background-color: #ffffff;"">En caja.</span></p>";;;;;SI;;;;;Visible
bateria-gris-1w9fo;Bateria de 5 piezas con mango desmontable GRIS;COCINA > BAZAR > FRASCOS, COCINA > BAZAR > ORGANIZACION COCINA;;;;;;;119,900.00;;0.40;5.00;15.00;15.00;1;;;SI;NO;"<p><span style=""color: #060606; font-family: 'Nunito Sans', sans-serif; font-size: 14px; background-color: #ffffff;"">Bateria de 5 piezas con Mango desmontable. Da un uso vers&aacute;til y ahorro de espacio de guardado.</span><br style=""box-sizing: border-box; color: #060606; font-family: 'Nunito Sans', sans-serif; font-size: 14px; background-color: #ffffff;"" /><span style=""color: #060606; font-family: 'Nunito Sans', sans-serif; font-size: 14px; background-color: #ffffff;"">De aluminio reforzado con 3 capas de antiadherente. Tapas de vidrio con borde siliconado.</span><br style=""box-sizing: border-box; color: #060606; font-family: 'Nunito Sans', sans-serif; font-size: 14px; background-color: #ffffff;"" /><span style=""box-sizing: border-box; font-weight: bold; color: #060606; font-family: 'Nunito Sans', sans-serif; font-size: 14px; background-color: #ffffff;"">Color: Gris<br style=""box-sizing: border-box;"" /></span><br style=""box-sizing: border-box; color: #060606; font-family: 'Nunito Sans', sans-serif; font-size: 14px; background-color: #ffffff;"" /><span style=""color: #060606; font-family: 'Nunito Sans', sans-serif; font-size: 14px; background-color: #ffffff;"">Incluye:</span><br style=""box-sizing: border-box; color: #060606; font-family: 'Nunito Sans', sans-serif; font-size: 14px; background-color: #ffffff;"" /><span style=""color: #060606; font-family: 'Nunito Sans', sans-serif; font-size: 14px; background-color: #ffffff;"">Cacerola 18cm con tapa de vidrio con bordes siliconados, Sart&eacute;n 20 cm, Sart&eacute;n 26 cm y mango desmontable.</span><br style=""box-sizing: border-box; color: #060606; font-family: 'Nunito Sans', sans-serif; font-size: 14px; background-color: #ffffff;"" /><span style=""color: #060606; font-family: 'Nunito Sans', sans-serif; font-size: 14px; background-color: #ffffff;"">Apto cocina a gas, el&eacute;ctrica, cer&aacute;mica e inducci&oacute;n.</span><br style=""box-sizing: border-box; color: #060606; font-family: 'Nunito Sans', sans-serif; font-size: 14px; background-color: #ffffff;"" /><span style=""color: #060606; font-family: 'Nunito Sans', sans-serif; font-size: 14px; background-color: #ffffff;"">En caja.</span></p>";;;;;SI;;;;;Visible
cubiertero-tdqho;Cubiertero madera 4 divisiones;COCINA > BAZAR > ORGANIZACION COCINA;;;;;;;18,500.00;;0.10;4.00;15.00;15.00;0;;;SI;NO;"<p>Cubiertero de madera 4 divisiones&nbsp;</p>
<p>Material: MDF&nbsp;</p>
<p>Color: beige&nbsp;</p>
<p>Medidas: 35x25x4cm (largoxanchoxalto)</p>
<p>&nbsp;</p>";;;;;SI;;;;;Visible
cesto-ropa-hlpin;Cesto ropa rigido con asas de metal y goma;BAÑO > ARTICULOS PARA BAÑO, BAÑO > CESTOS PARA BAÑO ;;;;;;;37,900.00;;0.10;25.00;15.00;2.00;2;;;SI;NO;"<p><span style=""color: #060606; font-family: 'Nunito Sans', sans-serif; font-size: 14px; background-color: #ffffff;"">Cesto de ropa de tela r&iacute;gida, interior forrado, con asas de metal y goma.</span><br style=""box-sizing: border-box; color: #060606; font-family: 'Nunito Sans', sans-serif; font-size: 14px; background-color: #ffffff;"" /><br style=""box-sizing: border-box; color: #060606; font-family: 'Nunito Sans', sans-serif; font-size: 14px; background-color: #ffffff;"" /><em style=""box-sizing: border-box; color: #060606; font-family: 'Nunito Sans', sans-serif; font-size: 14px; background-color: #ffffff;"">Medidas:<br style=""box-sizing: border-box;"" />Alto: 61 cm.<br style=""box-sizing: border-box;"" />Ancho: 30 cm.<br style=""box-sizing: border-box;"" />Largo: 40 cm.</em></p>";;;;;SI;;;;;Visible
cesto-rombo-11dtq;Cesto Plegable rombos 45x35cm;BAÑO > CESTOS PARA BAÑO ;;;;;;;7,500.00;;0.05;2.00;15.00;15.00;4;;;SI;NO;"<p><span style=""color: #060606; font-family: 'Nunito Sans', sans-serif; font-size: 14px; background-color: #ffffff;"">Cesto de tela plegable decorado con manijas de tela.</span><br style=""box-sizing: border-box; color: #060606; font-family: 'Nunito Sans', sans-serif; font-size: 14px; background-color: #ffffff;"" /><br style=""box-sizing: border-box; color: #060606; font-family: 'Nunito Sans', sans-serif; font-size: 14px; background-color: #ffffff;"" /><em style=""box-sizing: border-box; color: #060606; font-family: 'Nunito Sans', sans-serif; font-size: 14px; background-color: #ffffff;"">Medidas:<br style=""box-sizing: border-box;"" />Alto: 45 cm.<br style=""box-sizing: border-box;"" />Di&aacute;metro: 35 cm.</em></p>";;;;;SI;;;;;Visible
setx6-copas-vidrio-zypb6;Setx6 copas vidrio FUME 270cc;COCINA > BAZAR > VASOS - COPAS;;;;;;;32,500.00;;0.20;10.00;10.00;10.00;4;;;SI;NO;"<p><span style=""color: #060606; font-family: 'Nunito Sans', sans-serif; font-size: 14px; background-color: #ffffff;"">Pack x 6 unidades copas de vidrio rayadas.&nbsp;</span><br style=""box-sizing: border-box; color: #060606; font-family: 'Nunito Sans', sans-serif; font-size: 14px; background-color: #ffffff;"" /><span style=""box-sizing: border-box; font-weight: bold; color: #060606; font-family: 'Nunito Sans', sans-serif; font-size: 14px; background-color: #ffffff;"">Color:Fume</span><br style=""box-sizing: border-box; color: #060606; font-family: 'Nunito Sans', sans-serif; font-size: 14px; background-color: #ffffff;"" /><br style=""box-sizing: border-box; color: #060606; font-family: 'Nunito Sans', sans-serif; font-size: 14px; background-color: #ffffff;"" /><em style=""box-sizing: border-box; color: #060606; font-family: 'Nunito Sans', sans-serif; font-size: 14px; background-color: #ffffff;"">Medidas:<br style=""box-sizing: border-box;"" />Alto: 14,2 cm.<br style=""box-sizing: border-box;"" />Di&aacute;metro de boca: 8 cm.<br style=""box-sizing: border-box;"" />Di&aacute;metro de base: 6,6 cm.<br style=""box-sizing: border-box;"" />Capacidad: 270 cc.</em></p>";;;;;SI;;;;;Visible
jarra-vidrio-1tm06;Jarra vidrio labrada 1L;COCINA > BAZAR > VASOS - COPAS;;;;;;;22,500.00;;0.20;10.00;10.00;10.00;0;;;SI;NO;"<p>Jarra de vidrio facetado transparente.</p>
<p>&nbsp;</p>
<p>Medidas:</p>
<p>Alto: 19,5 cm</p>
<p>Diametro de boca: 13 cm</p>
<p>Diametro de base: 10 cm</p>
<p>Capacidad: 1 lt.</p>
<p>En caja.</p>";;;;;SI;;;;;Visible
set-whisky-r2jxk;Set whisky Hielera + 6 vasos;COCINA > BAZAR > VASOS - COPAS, DIA DEL PADRE, COMBOS PARA REGALAR;;;;;;;45,900.00;;0.25;10.00;15.00;15.00;2;;;SI;NO;"<div class=""recomendadosrow row"" style=""box-sizing: border-box; margin-right: -15px; margin-left: -15px; padding-left: 15px; padding-right: 15px; color: #060606; font-family: 'Nunito Sans', sans-serif; font-size: 14px; font-style: normal; font-variant-ligatures: normal; font-variant-caps: normal; font-weight: 300; letter-spacing: normal; orphans: 2; text-align: start; text-indent: 0px; text-transform: none; widows: 2; word-spacing: 0px; -webkit-text-stroke-width: 0px; white-space: normal; background-color: #ffffff; text-decoration-thickness: initial; text-decoration-style: initial; text-decoration-color: initial;"">&nbsp;</div>
<div id=""detalle"" class=""row"" style=""box-sizing: border-box; margin-right: -15px; margin-left: -15px; color: #060606; font-family: 'Nunito Sans', sans-serif; font-size: 14px; font-style: normal; font-variant-ligatures: normal; font-variant-caps: normal; font-weight: 300; letter-spacing: normal; orphans: 2; text-align: start; text-indent: 0px; text-transform: none; widows: 2; word-spacing: 0px; -webkit-text-stroke-width: 0px; white-space: normal; background-color: #ffffff; text-decoration-thickness: initial; text-decoration-style: initial; text-decoration-color: initial;"">
<div class=""product-tab col-md-12 clearfix"" style=""box-sizing: border-box; position: relative; min-height: 1px; padding-right: 15px; padding-left: 15px; float: none; width: 1170px; clear: both; display: inline-block;"">
<div class=""tab-content"" style=""box-sizing: border-box;"">
<div id=""Descripci&oacute;n"" class=""tab-pane active"" style=""box-sizing: border-box; display: block;"">Set x 7 piezas. Hielera con manija de acero + 6 vasos de vidrio labrado.<br style=""box-sizing: border-box;"" />Incluye pinza de acero<br style=""box-sizing: border-box;"" /><br style=""box-sizing: border-box;"" /><br style=""box-sizing: border-box;"" /><em style=""box-sizing: border-box;"">Medidas:<br style=""box-sizing: border-box;"" />Hielera<br style=""box-sizing: border-box;"" />Alto: 12,5 cm<br style=""box-sizing: border-box;"" />Di&aacute;metro: 11,5 cm<br style=""box-sizing: border-box;"" />Capacidad: 980 ml<br style=""box-sizing: border-box;"" />Vasos<br style=""box-sizing: border-box;"" />Alto: 9 cm<br style=""box-sizing: border-box;"" />Di&aacute;metro: 8,5 cm<br style=""box-sizing: border-box;"" />Capacidad: 320 ml<br style=""box-sizing: border-box;"" /></em></div>
<div class=""tab-pane active"" style=""box-sizing: border-box; display: block;"">&nbsp;</div>
<div class=""tab-pane active"" style=""box-sizing: border-box; display: block;""><em style=""box-sizing: border-box;"">EN CAJA, IDEAL PARA REGALAR</em></div>
</div>
</div>
</div>";;;;;SI;;;;;Visible
escobilla-negra-18zsa;Escobilla negra con mango madera;BAÑO > CESTOS PARA BAÑO ;;;;;;;12,500.00;;0.05;10.00;10.00;10.00;0;;;SI;NO;"<p><span style=""color: #060606; font-family: 'Nunito Sans', sans-serif; font-size: 14px; background-color: #ffffff;"">Escobilla pl&aacute;stica con mango de madera, tope de goma y dep&oacute;sito pl&aacute;stico.</span><br style=""box-sizing: border-box; color: #060606; font-family: 'Nunito Sans', sans-serif; font-size: 14px; background-color: #ffffff;"" /><br style=""box-sizing: border-box; color: #060606; font-family: 'Nunito Sans', sans-serif; font-size: 14px; background-color: #ffffff;"" /><em style=""box-sizing: border-box; color: #060606; font-family: 'Nunito Sans', sans-serif; font-size: 14px; background-color: #ffffff;"">Medidas:<br style=""box-sizing: border-box;"" />Alto total: 44 cm.<br style=""box-sizing: border-box;"" />Largo de la escobilla: 38 cm<br style=""box-sizing: border-box;"" />Alto de deposito: 16 cm<br style=""box-sizing: border-box;"" />Ancho de base: 11 cm.</em><br style=""box-sizing: border-box; color: #060606; font-family: 'Nunito Sans', sans-serif; font-size: 14px; background-color: #ffffff;"" /><br style=""box-sizing: border-box; color: #060606; font-family: 'Nunito Sans', sans-serif; font-size: 14px; background-color: #ffffff;"" /><br /></p>";;;;;SI;;;;;Visible
botella-vidrio-1l-1bwa0;Botella vidrio 1L;COCINA > BAZAR > FRASCOS, COCINA > BAZAR > VASOS - COPAS;;;;;;;19,900.00;;0.15;10.00;5.00;5.00;0;;;SI;NO;"<p>Botella de vidrio labrado con tap&oacute;n de corcho</p>
<p>&nbsp;</p>
<p>Medidas:</p>
<p>Alto: 24,5 cm</p>
<p>Di&aacute;metro: 9 cm</p>
<p>Capacidad: 950 cc</p>
<p>&nbsp;</p>
<p>En caja.</p>
<p>&nbsp;</p>";;;;;SI;;;;0.00;Visible
set-de-bano-5-piezas-fzcz3;Set de baño 5 piezas Gris petroleo;BAÑO > ARTICULOS PARA BAÑO, BAÑO > CESTOS PARA BAÑO ;;;;;;;33,900.00;;0.20;15.00;10.00;10.00;3;;;SI;NO;"<p><span style=""margin: 0px; padding: 0px; border: 0px; outline: 0px; vertical-align: baseline; font-size: 14px; color: #060606; font-family: 'Nunito Sans', sans-serif; background-color: #ffffff;"">Set de ba&ntilde;o de 5 piezas</span><br style=""font-size: 14px; box-sizing: border-box; color: #060606; font-family: 'Nunito Sans', sans-serif; background-color: #ffffff;"" /><span style=""margin: 0px; padding: 0px; border: 0px; outline: 0px; vertical-align: baseline; font-size: 14px; color: #060606; font-family: 'Nunito Sans', sans-serif; background-color: #ffffff;"">Material: Pl&aacute;stico con textura de l&iacute;neas.</span><br style=""font-size: 14px; box-sizing: border-box; color: #060606; font-family: 'Nunito Sans', sans-serif; background-color: #ffffff;"" /><br style=""font-size: 14px; box-sizing: border-box; color: #060606; font-family: 'Nunito Sans', sans-serif; background-color: #ffffff;"" /><span style=""margin: 0px; padding: 0px; border: 0px; outline: 0px; vertical-align: baseline; font-size: 14px; box-sizing: border-box; font-weight: bold; color: #060606; font-family: 'Nunito Sans', sans-serif; background-color: #ffffff;"">Color Gris petroleo</span><br style=""font-size: 14px; box-sizing: border-box; color: #060606; font-family: 'Nunito Sans', sans-serif; background-color: #ffffff;"" /><br style=""font-size: 14px; box-sizing: border-box; color: #060606; font-family: 'Nunito Sans', sans-serif; background-color: #ffffff;"" /><em style=""margin: 0px; padding: 0px; border: 0px; outline: 0px; vertical-align: baseline; font-size: 14px; box-sizing: border-box; color: #060606; font-family: 'Nunito Sans', sans-serif; background-color: #ffffff;"">Medidas:</em><br style=""font-size: 14px; box-sizing: border-box; color: #060606; font-family: 'Nunito Sans', sans-serif; background-color: #ffffff;"" /><em style=""margin: 0px; padding: 0px; border: 0px; outline: 0px; vertical-align: baseline; font-size: 14px; box-sizing: border-box; color: #060606; font-family: 'Nunito Sans', sans-serif; background-color: #ffffff;"">Escobilla<br style=""box-sizing: border-box;"" />Alto: 35 cm<br style=""box-sizing: border-box;"" />Diametro: 8,5 cm<br style=""box-sizing: border-box;"" /><br style=""box-sizing: border-box;"" />Cesto con tapa<br style=""box-sizing: border-box;"" />Alto: 23 cm<br style=""box-sizing: border-box;"" />Di&aacute;metro: 17,5 cm<br style=""box-sizing: border-box;"" /><br style=""box-sizing: border-box;"" />Dispenser<br style=""box-sizing: border-box;"" />Alto: 18 cm<br style=""box-sizing: border-box;"" />Di&aacute;metro: 8 cm<br style=""box-sizing: border-box;"" /><br style=""box-sizing: border-box;"" />Vaso:<br style=""box-sizing: border-box;"" />Alto: 12,5 cm<br style=""box-sizing: border-box;"" />Di&aacute;metro: 7,5 cm</em></p>";;;;;SI;;;;;Visible
hermetico-x4-t20x1;Hermético x4 grandes;COCINA > BAZAR > FRASCOS;Color;Azul;;;;;12,500.00;;0.15;5.00;15.00;10.00;0;;;SI;NO;"<p>Set x 4 hermeticos rectangular.</p>
<p>Tapa de diferentes colores.</p>
<p>&nbsp;</p>
<p>&nbsp;</p>
<p>Medidas:</p>
<p>XL: Capacidad:3,5 lts / Alto: 8,5 / 16,5 / 28 cm.</p>
<p>L: Capacidad: 2,5 lts /Alto: 8 / 14 / 25 cm.</p>
<p>M: Capacidad: 1,5 lts /Alto: 7 / 11,2 / 22,5 cm.</p>
<p>S: Capacidad: 750 ml /Alto: 5,5 / 9,5 / 16 cm.</p>";;;;;SI;;;;0.00;Visible
hermetico-x4-t20x1;;;Color;Rosa;;;;;12,500.00;;0.15;5.00;15.00;10.00;1;;;;;;;;;;;;;;0.00;
hermetico-x4-t20x1;;;Color;Naranja;;;;;12,500.00;;0.15;5.00;15.00;10.00;1;;;;;;;;;;;;;;0.00;
hermetico-x4-t20x1;;;Color;Verde;;;;;12,500.00;;0.15;5.00;15.00;10.00;1;;;;;;;;;;;;;;0.00;
hermetico-x4-1q042;Hermético x4 Redondos;COCINA > BAZAR > FRASCOS;Color;Negro;;;;;10,000.00;;0.15;10.00;5.00;10.00;0;;;SI;NO;"<p><span style=""color: #060606; font-family: 'Nunito Sans', sans-serif; font-size: 14px; background-color: #ffffff;"">Set x 4 hermeticos redondos de pl&aacute;stico con tapa de color</span><br style=""box-sizing: border-box; color: #060606; font-family: 'Nunito Sans', sans-serif; font-size: 14px; background-color: #ffffff;"" /><span style=""box-sizing: border-box; font-weight: bold; color: #060606; font-family: 'Nunito Sans', sans-serif; font-size: 14px; background-color: #ffffff;"">Colores surtidos</span><br style=""box-sizing: border-box; color: #060606; font-family: 'Nunito Sans', sans-serif; font-size: 14px; background-color: #ffffff;"" /><em style=""box-sizing: border-box; color: #060606; font-family: 'Nunito Sans', sans-serif; font-size: 14px; background-color: #ffffff;""><br style=""box-sizing: border-box;"" />Medidas:<br style=""box-sizing: border-box;"" />Hermetico 1<br style=""box-sizing: border-box;"" />Di&aacute;metro: 18 cm<br style=""box-sizing: border-box;"" />Alto:7,5 cm<br style=""box-sizing: border-box;"" />Capacidad:1,2 lts<br style=""box-sizing: border-box;"" /><br style=""box-sizing: border-box;"" />Hermetico 2<br style=""box-sizing: border-box;"" />Ancho: 15 cm<br style=""box-sizing: border-box;"" />Alto: 6,5 cm<br style=""box-sizing: border-box;"" />Capacidad: 740 cc<br style=""box-sizing: border-box;"" /><br style=""box-sizing: border-box;"" />Hermetico 3<br style=""box-sizing: border-box;"" />Ancho: 12,5 cm<br style=""box-sizing: border-box;"" />Alto: 5 cm<br style=""box-sizing: border-box;"" />Capacidad: 370 cc<br style=""box-sizing: border-box;"" /><br style=""box-sizing: border-box;"" />Hermetico 4<br style=""box-sizing: border-box;"" />Ancho: 10 cm<br style=""box-sizing: border-box;"" />Alto: 4 cm<br style=""box-sizing: border-box;"" />Capacidad: 210 cc</em></p>";;;;;SI;;;;0.00;Visible
hermetico-x4-1q042;;;Color;Celeste;;;;;10,000.00;;0.15;10.00;5.00;10.00;1;;;;;;;;;;;;;;0.00;
hermetico-x4-1q042;;;Color;Rosa;;;;;10,000.00;;0.15;10.00;5.00;10.00;1;;;;;;;;;;;;;;0.00;
hermetico-x4-1q042;;;Color;Blanco;;;;;10,000.00;;0.15;10.00;5.00;10.00;1;;;;;;;;;;;;;;0.00;
setx6-vasos-de-vidrio-1u43e;Setx6 copas de vidrio AMBAR;COCINA > BAZAR > VASOS - COPAS;;;;;;;32,500.00;;0.30;10.00;10.00;10.00;2;;;SI;NO;"<p>Pack x 6 copas de agua/vino de vidrio labrado</p>
<p>Color: Ambar</p>
<p>&nbsp;</p>
<p>Medidas:</p>
<p>Alto: 17 cm</p>
<p>Di&aacute;metro: 8,8 cm</p>
<p>Di&aacute;metro de base:7,5 cm</p>
<p>Capacidad: 330 ml</p>";;;;;SI;;;;;Visible
setx6-vasos-177q4;Setx6 vasos de vidrio rayados 250ml;COCINA > BAZAR > VASOS - COPAS;;;;;;;15,900.00;;0.20;10.00;10.00;5.00;0;;;SI;NO;"<p>Setx6 Vasos de vidrio rayado</p>
<p>&nbsp;</p>
<p>Medidas:</p>
<p>Alto: 9 cm</p>
<p>Di&aacute;metro: 7,5 cm</p>
<p>Capacidad: 250 ml</p>
<p>En caja&nbsp;</p>";;;;;SI;;;;0.00;Visible
setx6-copas-bbl6d;Setx6 copas de vidrio rayadas 250cc;COCINA > BAZAR > VASOS - COPAS;;;;;;;20,900.00;;0.40;10.00;10.00;10.00;0;;;SI;NO;"<p>Pack x 6 copas de vidrio rayados.&nbsp;</p>
<p>&nbsp;</p>
<p>Medidas:</p>
<p>Alto: 14 cm.</p>
<p>Di&aacute;metro de boca: 8 cm.</p>
<p>Di&aacute;metro de base: 6,5 cm.</p>
<p>Capacidad: 250 cc.</p>
<p>En caja.</p>";;;;;SI;;;;0.00;Visible
set-de-bano-4-piezas-1dzwe;Set de baño 4 piezas GRIS PETROLEO;BAÑO > ARTICULOS PARA BAÑO, BAÑO > CESTOS PARA BAÑO ;;;;;;;17,500.00;;0.20;5.00;10.00;10.00;0;;;SI;NO;"<p>Set de Ba&ntilde;o x 4 Piezas.</p>
<p>&nbsp;</p>
<p>Color: Gris petroleo&nbsp;</p>
<p>Material: Pl&aacute;stico, con textura de l&iacute;neas.</p>
<p>Medidas</p>
<p>&nbsp;</p>
<p>Dispenser de Jabon:</p>
<p>Alto: 12cm</p>
<p>Alto con pico: 17cm.</p>
<p>Diametro: 7,5cm.</p>
<p>&nbsp;</p>
<p>Vaso Contenedor:</p>
<p>Alto: 12 cm</p>
<p>Diametro: 8 cm</p>
<p>&nbsp;</p>
<p>Jabonera</p>
<p>Largo: 13cm</p>
<p>Ancho: 8,5cm</p>
<p>Alto: 3cm</p>
<p>&nbsp;</p>
<p>Canasto</p>
<p>Largo: 22,5cm</p>
<p>Ancho: 16cm</p>
<p>Alto: 9cm</p>";;;;;SI;;;;0.00;Visible
set-de-bano-4-piezas-8t9xs;Set de baño 4 piezas CREMA;BAÑO > ARTICULOS PARA BAÑO, BAÑO > CESTOS PARA BAÑO ;;;;;;;17,500.00;;0.20;5.00;10.00;10.00;1;;;SI;NO;"<p>Set de Ba&ntilde;o x 4 Piezas.</p>
<p>&nbsp;</p>
<p>Color: Crema</p>
<p>Material: Pl&aacute;stico, con textura de l&iacute;neas.</p>
<p>&nbsp;</p>
<p>Medidas</p>
<p>Dispenser de Jabon:</p>
<p>Alto: 12cm</p>
<p>Alto con pico: 17cm.</p>
<p>Diametro: 7,5cm.</p>
<p>&nbsp;</p>
<p>Vaso Contenedor:</p>
<p>Alto: 12 cm</p>
<p>Diametro: 8 cm</p>
<p>&nbsp;</p>
<p>Jabonera</p>
<p>Largo: 13cm</p>
<p>Ancho: 8,5cm</p>
<p>Alto: 3cm</p>
<p>&nbsp;</p>
<p>Canasto</p>
<p>Largo: 22,5cm</p>
<p>Ancho: 16cm</p>
<p>Alto: 9cm</p>";;;;;SI;;;;0.00;Visible
tetera-18aqd;Tetera de vidrio con tapa bambu 1L;COCINA > BAZAR > TAZAS Y PLATITOS, COCINA > BAZAR > FRASCOS, COCINA > BAZAR > ACEITEROS - SALEROS - AZUCARERAS - ESPECIEROS;;;;;;;23,500.00;;0.30;10.00;10.00;10.00;2;;;SI;NO;"<p>Jarra / Tetera de vidrio de borosilicato con tapa de bamb&uacute; y colador de resorte, de 1 litro.</p>
<p>&nbsp;</p>
<p>Medidas:</p>
<p>Alto: 13 cm.</p>
<p>Ancho total con asa: 21 cm.</p>
<p>Diametro de tapa: 8 cm.</p>
<p>Diametro de base: 11 cm.</p>
<p>Capacidad: 1000 cc.</p>
<p>&nbsp;</p>
<p>En caja.</p>
<p>&nbsp;</p>";;;;;SI;;;;0.00;Visible
setx2-vasos-1sdgi;Setx2 vasos para cafe 150cc;COCINA > BAZAR > TAZAS Y PLATITOS, DIA DEL PADRE;;;;;;;14,500.00;;0.15;5.00;10.00;5.00;1;;;SI;NO;"<p>Setx2 Vasos para cafe de doble vidrio.</p>
<p>&nbsp;</p>
<p>Medidas:</p>
<p>Di&aacute;metro: 7 cm.</p>
<p>Alto: 8 cm.</p>
<p>Di&aacute;metro de base: 5,5 cm.</p>
<p>Capacidad: 150 cc.</p>";;;;;SI;;;;;Visible
mantel-cuadricula-negro-200x150cm-1wcz1;Mantel CUADRICULA negro 200x150cm;COCINA > MANTELES;;;;;;;24,500.00;;0.10;15.00;10.00;2.00;2;;;SI;NO;"<p class="""" style=""box-sizing: inherit; line-height: 1.4286em; color: #191919; font-family: Outfit, sans-serif; background-color: #ffffff;"" data-start=""99"" data-end=""339"">Agrega un toque fresco a tu mesa con el&nbsp;<strong style=""box-sizing: inherit;"">Mantel Cuadr&iacute;cula</strong>&nbsp;de microfibra premium. Su dise&ntilde;o estampado entrega un toque moderno y funcional a tu cocina</p>
<p class="""" style=""box-sizing: inherit; line-height: 1.4286em; color: #191919; font-family: Outfit, sans-serif; background-color: #ffffff;"" data-start=""341"" data-end=""375"">&nbsp;</p>
<p class="""" style=""box-sizing: inherit; line-height: 1.4286em; color: #191919; font-family: Outfit, sans-serif; background-color: #ffffff;"" data-start=""341"" data-end=""375""><strong style=""box-sizing: inherit;"" data-start=""341"" data-end=""373"">Caracter&iacute;sticas Principales:</strong></p>
<ul style=""box-sizing: inherit; padding-left: 20px; color: #191919; font-family: Outfit, sans-serif; background-color: #ffffff;"" data-start=""376"" data-end=""935"">
<li class="""" style=""box-sizing: inherit; margin-bottom: 10px; line-height: 22px;"" data-start=""376"" data-end=""474"">
<p class="""" style=""box-sizing: inherit; line-height: 1.4286em;"" data-start=""378"" data-end=""474""><strong style=""box-sizing: inherit;"" data-start=""378"" data-end=""389"">Medida:</strong> 150 x 200 cm</p>
</li>
<li class="""" style=""box-sizing: inherit; margin-bottom: 10px; line-height: 22px;"" data-start=""475"" data-end=""567"">
<p class="""" style=""box-sizing: inherit; line-height: 1.4286em;"" data-start=""477"" data-end=""567""><strong style=""box-sizing: inherit;"" data-start=""477"" data-end=""493"">Composici&oacute;n:</strong>&nbsp;Microfibra Premium</p>
</li>
<li class="""" style=""box-sizing: inherit; margin-bottom: 10px; line-height: 22px;"" data-start=""475"" data-end=""567"">
<p class="""" style=""box-sizing: inherit; line-height: 1.4286em;"" data-start=""477"" data-end=""567""><strong style=""box-sizing: inherit;"" data-start=""659"" data-end=""670"">Dise&ntilde;o:</strong>&nbsp;Estampado con patr&oacute;n cuadrill&eacute;</p>
</li>
<li class="""" style=""box-sizing: inherit; margin-bottom: 10px; line-height: 22px;"" data-start=""475"" data-end=""567"">Color: Negro con cuadriculas blancas.</li>
</ul>
<p data-start=""937"" data-end=""967"">&nbsp;</p>
<p class="""" style=""box-sizing: inherit; line-height: 1.4286em; color: #191919; font-family: Outfit, sans-serif; background-color: #ffffff;"" data-start=""937"" data-end=""967""><strong style=""box-sizing: inherit;"" data-start=""937"" data-end=""965"">Beneficios del Producto:</strong></p>
<ul style=""box-sizing: inherit; padding-left: 20px; color: #191919; font-family: Outfit, sans-serif; background-color: #ffffff;"" data-start=""968"" data-end=""1381"">
<li class="""" style=""box-sizing: inherit; margin-bottom: 10px; line-height: 22px;"" data-start=""968"" data-end=""1109"">
<p class="""" style=""box-sizing: inherit; line-height: 1.4286em;"" data-start=""970"" data-end=""1109""><strong style=""box-sizing: inherit;"" data-start=""970"" data-end=""987"">Dise&ntilde;o &uacute;nico:</strong>&nbsp;El estampado con cuadr&iacute;cula agrega dinamismo y frescura, perfecto para tus celebraciones o comidas cotidianas.</p>
</li>
<li class="""" style=""box-sizing: inherit; margin-bottom: 10px; line-height: 22px;"" data-start=""1110"" data-end=""1234""><strong style=""box-sizing: inherit;"" data-start=""1237"" data-end=""1267"">Durabilidad y resistencia:</strong> Ideal para su uso diario, contiene materiales de alta calidad que mantienen su aspecto y color incluso despu&eacute;s de m&uacute;ltiples lavados.</li>
</ul>";;;;;SI;;;;;Visible
mantel-cuadricula-200x150cm-q6oo6;Mantel CUADRICULA gris 200x150cm;COCINA > MANTELES;;;;;;;24,500.00;;0.10;15.00;10.00;2.00;2;;;SI;NO;"<p>Agrega un toque fresco a tu mesa con el Mantel Cuadr&iacute;cula de microfibra premium. Su dise&ntilde;o estampado entrega un toque moderno y funcional a tu cocina</p>
<p>&nbsp;</p>
<p><strong>Caracter&iacute;sticas Principales:</strong></p>
<p>Medida: 150 x 200 cm</p>
<p>Composici&oacute;n: Microfibra Premium</p>
<p>Dise&ntilde;o: Estampado con patr&oacute;n cuadrill&eacute;</p>
<p>Color: Gris con cuadriculas en blanco.&nbsp;</p>
<p>&nbsp;</p>
<p><strong>Beneficios del Producto:</strong></p>
<p>Dise&ntilde;o &uacute;nico: El estampado con cuadr&iacute;cula agrega dinamismo y frescura, perfecto para tus celebraciones o comidas cotidianas.</p>
<p>Durabilidad y resistencia: Ideal para su uso diario, contiene materiales de alta calidad que mantienen su aspecto y color incluso despu&eacute;s de m&uacute;ltiples lavados.</p>";;;;;SI;;;;;Visible
mantel-lines-250x150cm-1lpcm;Mantel LINES 250x150cm;COCINA > MANTELES;;;;;;;31,900.00;;0.10;15.00;10.00;2.00;1;;;SI;NO;"<p>Renueva tu cocina con el Mantel Estampado Lines, a&ntilde;adiendo un toque fresco y vibrante a tu hogar. Perfecto para darle un aire renovado y moderno a tu espacio.</p>
<p><strong>Caracter&iacute;sticas Principales:</strong></p>
<p>Medida: 150 x 250 cm</p>
<p>Composici&oacute;n: Microfibra Premium</p>
<p>Dise&ntilde;o: Estampado con l&iacute;neas que aportan un toque moderno y fresco a tu cocina.</p>
<p>Color: Beige con lineas blancas.</p>
<p>&nbsp;</p>
<p>&nbsp;</p>
<p><strong>Beneficios del Producto:</strong></p>
<p>Renueva tu cocina: Este mantel estampado es la opci&oacute;n perfecta para darle un aire renovado y vibrante a tu espacio, ideal para ocasiones especiales o el d&iacute;a a d&iacute;a.</p>
<p>Material premium: Fabricado en microfibra premium, que es resistente y f&aacute;cil de limpiar, manteniendo su aspecto por m&aacute;s tiempo.</p>
<p>&nbsp;</p>";;;;;SI;;;;;Visible
alfombra-e1pdt;Alfombra MALAGA 60x110cm;DORMITORIO > ALFOMBRAS PARA SALIDA DE CAMA , LIVING > ALFOMBRAS;;;;;;;18,500.00;;0.20;20.00;15.00;2.00;2;;;SI;NO;"<p style=""margin-top: 20px; margin-bottom: 20px; padding: 0px; border: 0px; outline: 0px; vertical-align: baseline; max-width: 100%; font-family: Montserrat, sans-serif; font-size: 14px; background-color: #ffffff;"">Alfombra confeccionada con hilos de pabilo, este productos es 100% algod&oacute;n. Tiene un cuerpo increible. Este producto es realiza en telar y el material que se usa para su produccion es rustico por lo que puede tener variacion de tonos y de grosor.</p>
<p style=""margin-top: 20px; margin-bottom: 20px; padding: 0px; border: 0px; outline: 0px; vertical-align: baseline; max-width: 100%; font-family: Montserrat, sans-serif; font-size: 14px; background-color: #ffffff;"">Medida aproximada: 60x110cm</p>
<p style=""margin-top: 20px; margin-bottom: 20px; padding: 0px; border: 0px; outline: 0px; vertical-align: baseline; max-width: 100%; font-family: Montserrat, sans-serif; font-size: 14px; background-color: #ffffff;"">Es apta lavarropas y secarropas pero tene en cuenta que al ser 100% algodon su lavado tiene que ser con agua fr&iacute;a o la misma no puede superar los 30*C. Siempe en modo lavado a mano y secado a la sombra.&nbsp;</p>";;;;;SI;;;;;Visible
cortina-bano-1thu6;Protector de cortina de PEVA + 12 ganchos plasticos;BAÑO > CORTINAS ;;;;;;;7,500.00;;0.05;10.00;10.00;2.00;0;;;SI;NO;"<p>Mant&eacute;n tu ba&ntilde;o fresco y limpio con el pr&aacute;ctico Protector de Cortina de PEVA.</p>
<p>&nbsp;</p>
<p><strong>Caracter&iacute;sticas t&eacute;cnicas:</strong></p>
<p>Material: PEVA (polietileno vinil acetato)</p>
<p>Dimensiones: 180 x 180 cm</p>
<p>Accesorios: Incluye 12 ganchos pl&aacute;sticos&nbsp;</p>
<p>&nbsp;</p>
<p><strong>Beneficios del producto:</strong></p>
<p>Impermeable y duradero: fabricado con PEVA, material resistente al agua que protege tu cortina de ba&ntilde;o.</p>
<p>Amigable con el medio ambiente: material libre de cloro y m&aacute;s ecol&oacute;gico que el vinilo convencional.</p>
<p>Ajuste universal: se adapta a la mayor&iacute;a de las cortinas de ba&ntilde;o, ofreciendo una soluci&oacute;n pr&aacute;ctica y eficiente.</p>
<p>&nbsp;</p>";;;;;SI;;;;;Visible
cuadros-1kagv;Packx2 Cuadros INHALE 22x18cm;LIVING > DECO - FLOREROS, VARIOS;;;;;;;27,800.00;;0.20;15.00;10.00;2.00;2;;;SI;NO;"<p style=""margin-top: 20px; margin-bottom: 20px; padding: 0px; border: 0px; outline: 0px; vertical-align: baseline; max-width: 100%; color: #434343; font-family: Montserrat, sans-serif; font-size: 14px; background-color: #ffffff;"">Descubr&iacute; nuestro&nbsp;<strong style=""font-weight: bold; margin: 0px; padding: 0px; border: 0px; outline: 0px; vertical-align: baseline;"">Packx2 Cuadros</strong>, una opci&oacute;n perfecta para decorar tus espacios con estilo y variedad.</p>
<p style=""margin-top: 20px; margin-bottom: 20px; padding: 0px; border: 0px; outline: 0px; vertical-align: baseline; max-width: 100%; color: #434343; font-family: Montserrat, sans-serif; font-size: 14px; background-color: #ffffff;"">Incluye dos cuadros con medidas de&nbsp;<em style=""margin: 0px; padding: 0px; border: 0px; outline: 0px; vertical-align: baseline;"">22cm x 18cm</em>, fabricados en melamina de alta calidad (18mm y 5mm).</p>
<p style=""margin-top: 20px; margin-bottom: 20px; padding: 0px; border: 0px; outline: 0px; vertical-align: baseline; max-width: 100%; color: #434343; font-family: Montserrat, sans-serif; font-size: 14px; background-color: #ffffff;"">Podes colocarlos sobre algun estante y tambien viene para colgarlos con cinta bifaz, sin necesidad de hacer agujeros en la pared.&nbsp;</p>
<p style=""margin-top: 20px; margin-bottom: 20px; padding: 0px; border: 0px; outline: 0px; vertical-align: baseline; max-width: 100%; color: #434343; font-family: Montserrat, sans-serif; font-size: 14px; background-color: #ffffff;"">Disponibles en colores&nbsp;<em style=""margin: 0px; padding: 0px; border: 0px; outline: 0px; vertical-align: baseline;"">Gaud&iacute;</em>&nbsp;y&nbsp;<em style=""margin: 0px; padding: 0px; border: 0px; outline: 0px; vertical-align: baseline;"">blanco</em>, estos cuadros combinan resistencia y est&eacute;tica para darle un toque &uacute;nico a tu hogar u oficina.</p>";;;;;SI;;;;;Visible
alfombra-1cnr7;Alfombra GUINEA 60X110CM;DORMITORIO > ALFOMBRAS PARA SALIDA DE CAMA , LIVING > ALFOMBRAS;;;;;;;23,000.00;;0.00;20.00;15.00;2.00;1;;;SI;NO;"<p style=""margin-top: 20px; margin-bottom: 20px; padding: 0px; border: 0px; outline: 0px; vertical-align: baseline; max-width: 100%; font-family: Montserrat, sans-serif; font-size: 14px; background-color: #ffffff;"">Alfombra de telar, confeccionadas con estopa 100% algod&oacute;n, tienen flecos en sus laterales.</p>
<p style=""margin-top: 20px; margin-bottom: 20px; padding: 0px; border: 0px; outline: 0px; vertical-align: baseline; max-width: 100%; font-family: Montserrat, sans-serif; font-size: 14px; background-color: #ffffff;"">Es un producto artesanal y rustico por lo que el hilado puede variar tanto en grosor como en color.</p>
<p style=""margin-top: 20px; margin-bottom: 20px; padding: 0px; border: 0px; outline: 0px; vertical-align: baseline; max-width: 100%; font-family: Montserrat, sans-serif; font-size: 14px; background-color: #ffffff;"">Apta lavarropas y secarropas, al ser algod&oacute;n se recomienda que la temperatura del agua no supere los 30*C preferentemente agua fr&iacute;a y en modo lavado a mano o lavado cuidado.&nbsp;</p>
<p style=""margin-top: 20px; margin-bottom: 20px; padding: 0px; border: 0px; outline: 0px; vertical-align: baseline; max-width: 100%; font-family: Montserrat, sans-serif; font-size: 14px; background-color: #ffffff;"">Color Crudo con lineas en gris.&nbsp;</p>";;;;;SI;;;;;Visible
mantel-qzr8p;Mantel CUADRICULA negro 250x150cm;COCINA > MANTELES;;;;;;;31,900.00;;0.10;15.00;10.00;2.00;1;;;SI;NO;"<p class="""" style=""box-sizing: inherit; line-height: 1.4286em; color: #191919; font-family: Outfit, sans-serif; background-color: #ffffff;"" data-start=""99"" data-end=""339"">Agrega un toque fresco a tu mesa con el&nbsp;<strong style=""box-sizing: inherit;"">Mantel Cuadr&iacute;cula</strong>&nbsp;de microfibra premium. Su dise&ntilde;o estampado entrega un toque moderno y funcional a tu cocina</p>
<p class="""" style=""box-sizing: inherit; line-height: 1.4286em; color: #191919; font-family: Outfit, sans-serif; background-color: #ffffff;"" data-start=""341"" data-end=""375"">&nbsp;</p>
<p class="""" style=""box-sizing: inherit; line-height: 1.4286em; color: #191919; font-family: Outfit, sans-serif; background-color: #ffffff;"" data-start=""341"" data-end=""375""><strong style=""box-sizing: inherit;"" data-start=""341"" data-end=""373"">Caracter&iacute;sticas Principales:</strong></p>
<ul style=""box-sizing: inherit; padding-left: 20px; color: #191919; font-family: Outfit, sans-serif; background-color: #ffffff;"" data-start=""376"" data-end=""935"">
<li class="""" style=""box-sizing: inherit; margin-bottom: 10px; line-height: 22px;"" data-start=""376"" data-end=""474"">
<p class="""" style=""box-sizing: inherit; line-height: 1.4286em;"" data-start=""378"" data-end=""474""><strong style=""box-sizing: inherit;"" data-start=""378"" data-end=""389"">Medida:</strong>&nbsp;150 x 250 cm</p>
</li>
<li class="""" style=""box-sizing: inherit; margin-bottom: 10px; line-height: 22px;"" data-start=""475"" data-end=""567"">
<p class="""" style=""box-sizing: inherit; line-height: 1.4286em;"" data-start=""477"" data-end=""567""><strong style=""box-sizing: inherit;"" data-start=""477"" data-end=""493"">Composici&oacute;n:</strong>&nbsp;Microfibra Premium</p>
</li>
<li class="""" style=""box-sizing: inherit; margin-bottom: 10px; line-height: 22px;"" data-start=""475"" data-end=""567"">
<p class="""" style=""box-sizing: inherit; line-height: 1.4286em;"" data-start=""477"" data-end=""567""><strong style=""box-sizing: inherit;"" data-start=""659"" data-end=""670"">Dise&ntilde;o:</strong>&nbsp;Estampado con patr&oacute;n cuadrill&eacute;</p>
</li>
<li class="""" style=""box-sizing: inherit; margin-bottom: 10px; line-height: 22px;"" data-start=""475"" data-end=""567"">Color: Negro con cuadriculas blancas.</li>
</ul>
<p data-start=""937"" data-end=""967"">&nbsp;</p>
<p class="""" style=""box-sizing: inherit; line-height: 1.4286em; color: #191919; font-family: Outfit, sans-serif; background-color: #ffffff;"" data-start=""937"" data-end=""967""><strong style=""box-sizing: inherit;"" data-start=""937"" data-end=""965"">Beneficios del Producto:</strong></p>
<ul style=""box-sizing: inherit; padding-left: 20px; color: #191919; font-family: Outfit, sans-serif; background-color: #ffffff;"" data-start=""968"" data-end=""1381"">
<li class="""" style=""box-sizing: inherit; margin-bottom: 10px; line-height: 22px;"" data-start=""968"" data-end=""1109"">
<p class="""" style=""box-sizing: inherit; line-height: 1.4286em;"" data-start=""970"" data-end=""1109""><strong style=""box-sizing: inherit;"" data-start=""970"" data-end=""987"">Dise&ntilde;o &uacute;nico:</strong>&nbsp;El estampado con cuadr&iacute;cula agrega dinamismo y frescura, perfecto para tus celebraciones o comidas cotidianas.</p>
</li>
<li class="""" style=""box-sizing: inherit; margin-bottom: 10px; line-height: 22px;"" data-start=""1110"" data-end=""1234""><strong style=""box-sizing: inherit;"" data-start=""1237"" data-end=""1267"">Durabilidad y resistencia:</strong> Ideal para su uso diario, contiene materiales de alta calidad que mantienen su aspecto y color incluso despu&eacute;s de m&uacute;ltiples lavados.</li>
</ul>";;;;;SI;;;;;Visible
mantel-eufuv;Mantel CUADRICULA gris 250x150cm;COCINA > MANTELES;;;;;;;31,900.00;;0.10;15.00;10.00;2.00;3;;;SI;NO;"<p>Agrega un toque fresco a tu mesa con el Mantel Cuadr&iacute;cula de microfibra premium. Su dise&ntilde;o estampado entrega un toque moderno y funcional a tu cocina</p>
<p>&nbsp;</p>
<p><strong>Caracter&iacute;sticas Principales:</strong></p>
<p>Medida: 150 x 250 cm</p>
<p>Composici&oacute;n: Microfibra Premium</p>
<p>Dise&ntilde;o: Estampado con patr&oacute;n cuadrill&eacute;</p>
<p>Color: Gris con cuadriculas en blanco.&nbsp;</p>
<p>&nbsp;</p>
<p><strong>Beneficios del Producto:</strong></p>
<p>Dise&ntilde;o &uacute;nico: El estampado con cuadr&iacute;cula agrega dinamismo y frescura, perfecto para tus celebraciones o comidas cotidianas.</p>
<p>Durabilidad y resistencia: Ideal para su uso diario, contiene materiales de alta calidad que mantienen su aspecto y color incluso despu&eacute;s de m&uacute;ltiples lavados.</p>";;;;;SI;;;;;Visible
mantel-1lsfo;Mantel LINES 300x150cm;COCINA > MANTELES;;;;;;;35,900.00;;0.10;15.00;10.00;2.00;1;;;SI;NO;"<p>Renueva tu cocina con el Mantel Estampado Lines, a&ntilde;adiendo un toque fresco y vibrante a tu hogar. Perfecto para darle un aire renovado y moderno a tu espacio.</p>
<p><strong>Caracter&iacute;sticas Principales:</strong></p>
<p>Medida: 150 x 300 cm</p>
<p>Composici&oacute;n: Microfibra Premium</p>
<p>Dise&ntilde;o: Estampado con l&iacute;neas que aportan un toque moderno y fresco a tu cocina.</p>
<p>Color: Beige con lineas blancas.&nbsp;</p>
<p>&nbsp;</p>
<p><strong>Beneficios del Producto:</strong></p>
<p>Renueva tu cocina: Este mantel estampado es la opci&oacute;n perfecta para darle un aire renovado y vibrante a tu espacio, ideal para ocasiones especiales o el d&iacute;a a d&iacute;a.</p>
<p>Material premium: Fabricado en microfibra premium, que es resistente y f&aacute;cil de limpiar, manteniendo su aspecto por m&aacute;s tiempo.</p>
<p>&nbsp;</p>";;;;;SI;;;;;Visible
organizador-de-placard-con-asas-plegable-fej8w;Organizador con asas plegable 47x28x27cm;ORGANIZACIÓN;;;;;;;12,500.00;;0.10;30.00;15.00;2.00;0;;;SI;NO;"<p>Organizador de placard con asas, plegable.</p>
<p>De tela, reforzado. Super firme.&nbsp;</p>
<p>Color: azul con asas en color marron, tal como se ve en las fotos.<br /><br />Medidas:<br />47 x 28 x 27 cm</p>";;;;;SI;;;;;Visible
setx12-utensilios-de-silicona-con-vaso-contenedor-gris-xvdvz;Setx12 Utensilios de silicona con Vaso Contenedor GRIS;COCINA > BAZAR > CUBIERTOS - VAJILLA, COCINA > BAZAR > ORGANIZACION COCINA;;;;;;;44,500.00;;0.40;25.00;10.00;10.00;0;;;SI;NO;"<p>Set x 12 utensilios de silicona con mango de madera y vaso contenedor.</p>
<p>Incluye: esp&aacute;tula, esp&aacute;tula calada, esp&aacute;tula repostera, esp&aacute;tula profunda, cuchara, cuchar&oacute;n, cuchara calada, cuchara spaghetti, pinza, pincel y batidor.</p>
<p>Color: gris&nbsp;</p>
<p>&nbsp;</p>
<p>Medidas:</p>
<p>Largo promedio de utensilios: 32 cm.</p>
<p>Contenedor: Alto: 17 cm/ Di&aacute;metro: 10,5 cm.</p>
<p>En caja</p>
<p>&nbsp;</p>";cocina, DELUAR, madera, silicona, utensilios;;;DELUAR;SI;;;;;Visible
setx2-salero-9p0y9;Setx2 Salero de vidrio;COCINA > BAZAR > ACEITEROS - SALEROS - AZUCARERAS - ESPECIEROS;;;;;;;6,500.00;;0.10;10.00;10.00;5.00;5;;;SI;NO;"<p>Setx2 Salero de vidrio&nbsp;</p>
<p>&nbsp;</p>
<p>Material: Vidrio&nbsp;</p>
<p>Capacidad: 35ml&nbsp;</p>
<p>Medidas: 10.5x4.5cm cada uno.</p>
<p>&nbsp;</p>";;;;;SI;;;;;Visible
dispenser-vidrio-thl25;Dispenser vidrio labrado 330cc;BAÑO > ARTICULOS PARA BAÑO;;;;;;;7,500.00;;0.10;10.00;5.00;5.00;4;;;SI;NO;"<div class=""recomendadosrow row"" style=""box-sizing: border-box; margin-right: -15px; margin-left: -15px; padding-left: 15px; padding-right: 15px; color: #060606; font-family: 'Nunito Sans', sans-serif; font-size: 14px; font-style: normal; font-variant-ligatures: normal; font-variant-caps: normal; font-weight: 300; letter-spacing: normal; orphans: 2; text-align: start; text-indent: 0px; text-transform: none; widows: 2; word-spacing: 0px; -webkit-text-stroke-width: 0px; white-space: normal; background-color: #ffffff; text-decoration-thickness: initial; text-decoration-style: initial; text-decoration-color: initial;"">&nbsp;</div>
<div id=""detalle"" class=""row"" style=""box-sizing: border-box; margin-right: -15px; margin-left: -15px; color: #060606; font-family: 'Nunito Sans', sans-serif; font-size: 14px; font-style: normal; font-variant-ligatures: normal; font-variant-caps: normal; font-weight: 300; letter-spacing: normal; orphans: 2; text-align: start; text-indent: 0px; text-transform: none; widows: 2; word-spacing: 0px; -webkit-text-stroke-width: 0px; white-space: normal; background-color: #ffffff; text-decoration-thickness: initial; text-decoration-style: initial; text-decoration-color: initial;"">
<div class=""product-tab col-md-12 clearfix"" style=""box-sizing: border-box; position: relative; min-height: 1px; padding-right: 15px; padding-left: 15px; float: none; width: 1170px; clear: both; display: inline-block;"">
<div class=""tab-content"" style=""box-sizing: border-box;"">
<div id=""Descripci&oacute;n"" class=""tab-pane active"" style=""box-sizing: border-box; display: block;"">Dispenser / dosificador de vidrio transparente labrado ondas.</div>
<div class=""tab-pane active"" style=""box-sizing: border-box; display: block;"">Dosificador color dorado.&nbsp;<br style=""box-sizing: border-box;"" /><br style=""box-sizing: border-box;"" /><em style=""box-sizing: border-box;"">Medidas:<br style=""box-sizing: border-box;"" />Alto: 19 cm.<br style=""box-sizing: border-box;"" />Diametro: 7 cm.<br style=""box-sizing: border-box;"" />Capacidad: 330 cc.</em></div>
</div>
</div>
</div>";;;;;SI;;;;;Visible
dispenser-cocina-pe0x2;Dispenser cocina 600ml NEGRO;COCINA > BAZAR > FRASCOS, COCINA > BAZAR > ORGANIZACION COCINA;;;;;;;5,800.00;;0.05;10.00;10.00;10.00;0;;;SI;NO;"<p><span style=""color: #060606; font-family: 'Nunito Sans', sans-serif; font-size: 14px; background-color: #ffffff;"">Dosificador con porta esponja y base perforada para drenaje de agua de pl&aacute;stico</span><br style=""box-sizing: border-box; color: #060606; font-family: 'Nunito Sans', sans-serif; font-size: 14px; background-color: #ffffff;"" /><span style=""box-sizing: border-box; font-weight: bold; color: #060606; font-family: 'Nunito Sans', sans-serif; font-size: 14px; background-color: #ffffff;"">Color:Negro&nbsp;</span></p>
<p><br style=""box-sizing: border-box; color: #060606; font-family: 'Nunito Sans', sans-serif; font-size: 14px; background-color: #ffffff;"" /><em style=""box-sizing: border-box; color: #060606; font-family: 'Nunito Sans', sans-serif; font-size: 14px; background-color: #ffffff;"">Medidas:<br style=""box-sizing: border-box;"" />Alto total: 17 cm<br style=""box-sizing: border-box;"" />Ancho total: 11 cm<br style=""box-sizing: border-box;"" />Capacidad: 600 ml</em></p>";;;;;SI;;;;;Visible
dispenser-cocina-pqc7e;Dispenser cocina 600ml GRIS;COCINA > BAZAR > ORGANIZACION COCINA;;;;;;;5,800.00;;0.05;10.00;10.00;10.00;0;;;SI;NO;"<p><span style=""color: #060606; font-family: 'Nunito Sans', sans-serif; font-size: 14px; background-color: #ffffff;"">Dosificador con porta esponja y base perforada para drenaje de agua de pl&aacute;stico</span><br style=""box-sizing: border-box; color: #060606; font-family: 'Nunito Sans', sans-serif; font-size: 14px; background-color: #ffffff;"" /><span style=""box-sizing: border-box; font-weight: bold; color: #060606; font-family: 'Nunito Sans', sans-serif; font-size: 14px; background-color: #ffffff;"">Color: Gris</span><br style=""box-sizing: border-box; color: #060606; font-family: 'Nunito Sans', sans-serif; font-size: 14px; background-color: #ffffff;"" /><br style=""box-sizing: border-box; color: #060606; font-family: 'Nunito Sans', sans-serif; font-size: 14px; background-color: #ffffff;"" /><em style=""box-sizing: border-box; color: #060606; font-family: 'Nunito Sans', sans-serif; font-size: 14px; background-color: #ffffff;"">Medidas:<br style=""box-sizing: border-box;"" />Alto total: 17 cm<br style=""box-sizing: border-box;"" />Ancho total: 11 cm<br style=""box-sizing: border-box;"" />Capacidad: 600 ml</em></p>";;;;;SI;;;;;Visible
molde-desc-1qq7d;Setx50 unid. moldes descartables;COCINA > BAZAR > FRASCOS, COCINA > BAZAR > ORGANIZACION COCINA;;;;;;;6,900.00;;0.05;15.00;15.00;4.00;1;;;SI;NO;"<p><span style=""color: #060606; font-family: 'Nunito Sans', sans-serif; font-size: 14px; background-color: #ffffff;"">Moldes descartables cuadrados para Freidora de Aire.</span><br style=""box-sizing: border-box; color: #060606; font-family: 'Nunito Sans', sans-serif; font-size: 14px; background-color: #ffffff;"" /><span style=""box-sizing: border-box; font-weight: bold; color: #060606; font-family: 'Nunito Sans', sans-serif; font-size: 14px; background-color: #ffffff;"">x 50u.</span><br style=""box-sizing: border-box; color: #060606; font-family: 'Nunito Sans', sans-serif; font-size: 14px; background-color: #ffffff;"" /><br style=""box-sizing: border-box; color: #060606; font-family: 'Nunito Sans', sans-serif; font-size: 14px; background-color: #ffffff;"" /><em style=""box-sizing: border-box; color: #060606; font-family: 'Nunito Sans', sans-serif; font-size: 14px; background-color: #ffffff;"">Medidas:<br style=""box-sizing: border-box;"" />Alto:4,5 cm.<br style=""box-sizing: border-box;"" />Ancho: 16 x16cm.</em></p>";;;;;SI;;;;;Visible
setx2-molde-bhjg3;Setx2 molde freidora aire 20cm;COCINA > BAZAR > FRASCOS, COCINA > BAZAR > ORGANIZACION COCINA;;;;;;;12,500.00;;0.05;2.00;15.00;2.00;0;;;SI;NO;"<div class=""recomendadosrow row"" style=""box-sizing: border-box; margin-right: -15px; margin-left: -15px; padding-left: 15px; padding-right: 15px; color: #060606; font-family: 'Nunito Sans', sans-serif; font-size: 14px; font-style: normal; font-variant-ligatures: normal; font-variant-caps: normal; font-weight: 300; letter-spacing: normal; orphans: 2; text-align: start; text-indent: 0px; text-transform: none; widows: 2; word-spacing: 0px; -webkit-text-stroke-width: 0px; white-space: normal; background-color: #ffffff; text-decoration-thickness: initial; text-decoration-style: initial; text-decoration-color: initial;"">&nbsp;</div>
<div id=""detalle"" class=""row"" style=""box-sizing: border-box; margin-right: -15px; margin-left: -15px; color: #060606; font-family: 'Nunito Sans', sans-serif; font-size: 14px; font-style: normal; font-variant-ligatures: normal; font-variant-caps: normal; font-weight: 300; letter-spacing: normal; orphans: 2; text-align: start; text-indent: 0px; text-transform: none; widows: 2; word-spacing: 0px; -webkit-text-stroke-width: 0px; white-space: normal; background-color: #ffffff; text-decoration-thickness: initial; text-decoration-style: initial; text-decoration-color: initial;"">
<div class=""product-tab col-md-12 clearfix"" style=""box-sizing: border-box; position: relative; min-height: 1px; padding-right: 15px; padding-left: 15px; float: none; width: 1170px; clear: both; display: inline-block;"">
<div class=""tab-content"" style=""box-sizing: border-box;"">
<div id=""Descripci&oacute;n"" class=""tab-pane active"" style=""box-sizing: border-box; display: block;"">Set x2 Molde para Air fryer</div>
<div class=""tab-pane active"" style=""box-sizing: border-box; display: block;"">&nbsp;</div>
<div class=""tab-pane active"" style=""box-sizing: border-box; display: block;"">Material: Silicona&nbsp;<br style=""box-sizing: border-box;"" /><br style=""box-sizing: border-box;"" /><em style=""box-sizing: border-box;"">Medidas:<br style=""box-sizing: border-box;"" />Di&aacute;metro: 20 cm.<br style=""box-sizing: border-box;"" />Alto: 5,5 cm.</em></div>
<div class=""tab-pane active"" style=""box-sizing: border-box; display: block;"">&nbsp;</div>
<div class=""tab-pane active"" style=""box-sizing: border-box; display: block;""><em style=""box-sizing: border-box;"">Apto para freidora de aire, microondas, horno.&nbsp;</em></div>
<div class=""tab-pane active"" style=""box-sizing: border-box; display: block;"">&nbsp;</div>
<div class=""tab-pane active"" style=""box-sizing: border-box; display: block;""><em style=""box-sizing: border-box;"">FREE BPA</em></div>
</div>
</div>
</div>";;;;;SI;;;;;Visible
molde-silicona-8602j;Molde silicona para freidora 22cm;COCINA > BAZAR > FRASCOS, COCINA > BAZAR > ORGANIZACION COCINA;;;;;;;9,900.00;;0.10;3.00;10.00;2.00;0;;;SI;NO;"<p><span style=""color: #060606; font-family: 'Nunito Sans', sans-serif; font-size: 14px; background-color: #ffffff;"">Molde de silicona para Freidora de Aire con asas.</span><br style=""box-sizing: border-box; color: #060606; font-family: 'Nunito Sans', sans-serif; font-size: 14px; background-color: #ffffff;"" /><span style=""box-sizing: border-box; font-weight: bold; color: #060606; font-family: 'Nunito Sans', sans-serif; font-size: 14px; background-color: #ffffff;"">Colores surtidos</span><br style=""box-sizing: border-box; color: #060606; font-family: 'Nunito Sans', sans-serif; font-size: 14px; background-color: #ffffff;"" /><br style=""box-sizing: border-box; color: #060606; font-family: 'Nunito Sans', sans-serif; font-size: 14px; background-color: #ffffff;"" /><em style=""box-sizing: border-box; color: #060606; font-family: 'Nunito Sans', sans-serif; font-size: 14px; background-color: #ffffff;"">Medidas:<br style=""box-sizing: border-box;"" />Di&aacute;metro: 22 cm.<br style=""box-sizing: border-box;"" />Diametro base: 19 cm.<br style=""box-sizing: border-box;"" />Alto: 6 cm.</em><br style=""box-sizing: border-box; color: #060606; font-family: 'Nunito Sans', sans-serif; font-size: 14px; background-color: #ffffff;"" /><br style=""box-sizing: border-box; color: #060606; font-family: 'Nunito Sans', sans-serif; font-size: 14px; background-color: #ffffff;"" /><span style=""color: #060606; font-family: 'Nunito Sans', sans-serif; font-size: 14px; background-color: #ffffff;"">Tambien apto microondas y lavavajillas.</span><br style=""box-sizing: border-box; color: #060606; font-family: 'Nunito Sans', sans-serif; font-size: 14px; background-color: #ffffff;"" /><span style=""color: #060606; font-family: 'Nunito Sans', sans-serif; font-size: 14px; background-color: #ffffff;"">Libre de BPA.</span></p>";;;;;SI;;;;;Visible
organizador-rectangular-de-tela-plastica-zbc1s;Organizador rectangular de tela 60x40x30cm;ORGANIZACIÓN;;;;;;;11,500.00;;0.05;10.00;10.00;2.00;5;;;SI;NO;"<div class=""recomendadosrow row"" style=""box-sizing: border-box; margin-right: -15px; margin-left: -15px; padding-left: 15px; padding-right: 15px; color: #060606; font-family: 'Nunito Sans', sans-serif; font-size: 14px; font-style: normal; font-variant-ligatures: normal; font-variant-caps: normal; font-weight: 300; letter-spacing: normal; orphans: 2; text-align: start; text-indent: 0px; text-transform: none; widows: 2; word-spacing: 0px; -webkit-text-stroke-width: 0px; white-space: normal; background-color: #ffffff; text-decoration-thickness: initial; text-decoration-style: initial; text-decoration-color: initial;"">&nbsp;</div>
<div id=""detalle"" class=""row"" style=""box-sizing: border-box; margin-right: -15px; margin-left: -15px; color: #060606; font-family: 'Nunito Sans', sans-serif; font-size: 14px; font-style: normal; font-variant-ligatures: normal; font-variant-caps: normal; font-weight: 300; letter-spacing: normal; orphans: 2; text-align: start; text-indent: 0px; text-transform: none; widows: 2; word-spacing: 0px; -webkit-text-stroke-width: 0px; white-space: normal; background-color: #ffffff; text-decoration-thickness: initial; text-decoration-style: initial; text-decoration-color: initial;"">
<div class=""product-tab col-md-12 clearfix"" style=""box-sizing: border-box; position: relative; min-height: 1px; padding-right: 15px; padding-left: 15px; float: none; width: 1170px; clear: both; display: inline-block;"">
<div class=""tab-content"" style=""box-sizing: border-box;"">
<div id=""Descripci&oacute;n"" class=""tab-pane active"" style=""box-sizing: border-box; display: block;"">Organizador rectangular de tela pl&aacute;stica de alta resistencia y borde con cierre.<br style=""box-sizing: border-box;"" />Plegable y liviano. Para proteger ropa de la suciedad y humedad.<br style=""box-sizing: border-box;"" /><strong style=""box-sizing: border-box; font-weight: bold;"">Puede venir con cierre blanco o cierre negro. </strong><br style=""box-sizing: border-box;"" /><br style=""box-sizing: border-box;"" /><em style=""box-sizing: border-box;"">Medidas:<br style=""box-sizing: border-box;"" />Largo: 60 cm<br style=""box-sizing: border-box;"" />Ancho: 45 cm<br style=""box-sizing: border-box;"" />Alto: 30 cm</em><br style=""box-sizing: border-box;"" />En bolsa.</div>
</div>
</div>
</div>";;;;;SI;;;;;Visible
organizador-rectangular-de-tela-1qxci;Organizador rectangular de tela 80x45x15cm;ORGANIZACIÓN;;;;;;;11,500.00;;0.05;10.00;10.00;2.00;4;;;SI;NO;"<p><span style=""color: #060606; font-family: 'Nunito Sans', sans-serif; font-size: 14px; background-color: #ffffff;"">Organizador rectangular de tela pl&aacute;stica de alta resistencia y borde con cierre.</span><br style=""box-sizing: border-box; color: #060606; font-family: 'Nunito Sans', sans-serif; font-size: 14px; background-color: #ffffff;"" /><span style=""color: #060606; font-family: 'Nunito Sans', sans-serif; font-size: 14px; background-color: #ffffff;"">Plegable y liviano. Para proteger ropa de la suciedad y humedad.</span><br style=""box-sizing: border-box; color: #060606; font-family: 'Nunito Sans', sans-serif; font-size: 14px; background-color: #ffffff;"" /><span style=""box-sizing: border-box; font-weight: bold; color: #060606; font-family: 'Nunito Sans', sans-serif; font-size: 14px; background-color: #ffffff;"">Colores Surtidos</span><br style=""box-sizing: border-box; color: #060606; font-family: 'Nunito Sans', sans-serif; font-size: 14px; background-color: #ffffff;"" /><br style=""box-sizing: border-box; color: #060606; font-family: 'Nunito Sans', sans-serif; font-size: 14px; background-color: #ffffff;"" /><em style=""box-sizing: border-box; color: #060606; font-family: 'Nunito Sans', sans-serif; font-size: 14px; background-color: #ffffff;"">Medidas:<br style=""box-sizing: border-box;"" />Largo: 80 cm<br style=""box-sizing: border-box;"" />Ancho: 45 cm<br style=""box-sizing: border-box;"" />Alto: 15 cm</em><br style=""box-sizing: border-box; color: #060606; font-family: 'Nunito Sans', sans-serif; font-size: 14px; background-color: #ffffff;"" /><span style=""color: #060606; font-family: 'Nunito Sans', sans-serif; font-size: 14px; background-color: #ffffff;"">En bolsa.</span></p>";;;;;SI;;;;;Visible
organizador-rectangular-de-tela-ujnbe;Organizador rectangular de tela 80x60x25cm;ORGANIZACIÓN;;;;;;;12,500.00;;0.05;10.00;10.00;2.00;3;;;SI;NO;"<p><span style=""color: #060606; font-family: 'Nunito Sans', sans-serif; font-size: 14px; background-color: #ffffff;"">Organizador rectangular de tela pl&aacute;stica de alta resistencia y borde con cierre.</span><br style=""box-sizing: border-box; color: #060606; font-family: 'Nunito Sans', sans-serif; font-size: 14px; background-color: #ffffff;"" /><span style=""color: #060606; font-family: 'Nunito Sans', sans-serif; font-size: 14px; background-color: #ffffff;"">Plegable y liviano. Para proteger ropa de la suciedad y humedad.</span><br style=""box-sizing: border-box; color: #060606; font-family: 'Nunito Sans', sans-serif; font-size: 14px; background-color: #ffffff;"" /><br style=""box-sizing: border-box; color: #060606; font-family: 'Nunito Sans', sans-serif; font-size: 14px; background-color: #ffffff;"" /><em style=""box-sizing: border-box; color: #060606; font-family: 'Nunito Sans', sans-serif; font-size: 14px; background-color: #ffffff;"">Medidas:<br style=""box-sizing: border-box;"" />Largo: 80 cm<br style=""box-sizing: border-box;"" />Ancho: 60 cm<br style=""box-sizing: border-box;"" />Alto: 25 cm</em><br style=""box-sizing: border-box; color: #060606; font-family: 'Nunito Sans', sans-serif; font-size: 14px; background-color: #ffffff;"" /><span style=""color: #060606; font-family: 'Nunito Sans', sans-serif; font-size: 14px; background-color: #ffffff;"">En bolsa.</span></p>";;;;;SI;;;;;Visible
bolso-termico-chico-1ib9u;Bolso térmico chico;VARIOS, ORGANIZACIÓN;;;;;;;9,500.00;;0.05;10.00;10.00;1.00;3;;;SI;NO;"<div class=""recomendadosrow row"" style=""box-sizing: border-box; margin-right: -15px; margin-left: -15px; padding-left: 15px; padding-right: 15px; color: #060606; font-family: 'Nunito Sans', sans-serif; font-size: 14px; font-style: normal; font-variant-ligatures: normal; font-variant-caps: normal; font-weight: 300; letter-spacing: normal; orphans: 2; text-align: start; text-indent: 0px; text-transform: none; widows: 2; word-spacing: 0px; -webkit-text-stroke-width: 0px; white-space: normal; background-color: #ffffff; text-decoration-thickness: initial; text-decoration-style: initial; text-decoration-color: initial;"">&nbsp;</div>
<div id=""detalle"" class=""row"" style=""box-sizing: border-box; margin-right: -15px; margin-left: -15px; color: #060606; font-family: 'Nunito Sans', sans-serif; font-size: 14px; font-style: normal; font-variant-ligatures: normal; font-variant-caps: normal; font-weight: 300; letter-spacing: normal; orphans: 2; text-align: start; text-indent: 0px; text-transform: none; widows: 2; word-spacing: 0px; -webkit-text-stroke-width: 0px; white-space: normal; background-color: #ffffff; text-decoration-thickness: initial; text-decoration-style: initial; text-decoration-color: initial;"">
<div class=""product-tab col-md-12 clearfix"" style=""box-sizing: border-box; position: relative; min-height: 1px; padding-right: 15px; padding-left: 15px; float: none; width: 1170px; clear: both; display: inline-block;"">
<div class=""tab-content"" style=""box-sizing: border-box;"">
<div id=""Descripci&oacute;n"" class=""tab-pane active"" style=""box-sizing: border-box; display: block;"">Bolso t&eacute;rmico de tela impermeable lisa con manija superior y bolsillo frontal. Interior con revestimiento de aluminio flexible t&eacute;rmico.<br style=""box-sizing: border-box;"" /><strong style=""box-sizing: border-box; font-weight: bold;"">Color gris.&nbsp;</strong></div>
<div class=""tab-pane active"" style=""box-sizing: border-box; display: block;""><br style=""box-sizing: border-box;"" /><em style=""box-sizing: border-box;"">Medidas:<br style=""box-sizing: border-box;"" />Ancho: 22 cm.<br style=""box-sizing: border-box;"" />Profundidad: 10 cm.<br style=""box-sizing: border-box;"" />Alto: 20 cm.<br style=""box-sizing: border-box;"" /></em></div>
</div>
</div>
</div>";;;;;SI;;;;;Visible
termo-1-l-1r86f;Termo Doble pared Acero Inoxidable 1 litro;COCINA > BAZAR > VASOS - COPAS, COCINA > BAZAR > ORGANIZACION COCINA, VARIOS, COMBOS PARA REGALAR;;;;;;;57,900.00;;0.30;20.00;5.00;5.00;0;;;SI;NO;"<p><span style=""color: #060606; font-family: 'Nunito Sans', sans-serif; font-size: 14px; background-color: #ffffff;"">Termo de acero inoxidable con pico a presi&oacute;n de acero.</span><br style=""box-sizing: border-box; color: #060606; font-family: 'Nunito Sans', sans-serif; font-size: 14px; background-color: #ffffff;"" /><span style=""color: #060606; font-family: 'Nunito Sans', sans-serif; font-size: 14px; background-color: #ffffff;"">Incluye tapa de acero con interior de pl&aacute;stico</span></p>
<p>Doble pared de acero. Base de acero inoxidable.&nbsp;<br style=""box-sizing: border-box; color: #060606; font-family: 'Nunito Sans', sans-serif; font-size: 14px; background-color: #ffffff;"" /><span style=""box-sizing: border-box; font-weight: bold; color: #060606; font-family: 'Nunito Sans', sans-serif; font-size: 14px; background-color: #ffffff;"">Modelo: Acero</span><br style=""box-sizing: border-box; color: #060606; font-family: 'Nunito Sans', sans-serif; font-size: 14px; background-color: #ffffff;"" /><br style=""box-sizing: border-box; color: #060606; font-family: 'Nunito Sans', sans-serif; font-size: 14px; background-color: #ffffff;"" /><em style=""box-sizing: border-box; color: #060606; font-family: 'Nunito Sans', sans-serif; font-size: 14px; background-color: #ffffff;"">Medidas:<br style=""box-sizing: border-box;"" />Alto total: 32,5 cm<br style=""box-sizing: border-box;"" />Di&aacute;metro: 8,5 cm<br style=""box-sizing: border-box;"" />Capacidad: 1lts.</em><br style=""box-sizing: border-box; color: #060606; font-family: 'Nunito Sans', sans-serif; font-size: 14px; background-color: #ffffff;"" /><br style=""box-sizing: border-box; color: #060606; font-family: 'Nunito Sans', sans-serif; font-size: 14px; background-color: #ffffff;"" /><span style=""color: #060606; font-family: 'Nunito Sans', sans-serif; font-size: 14px; background-color: #ffffff;"">Conserva temperatura: 24 hs fria y caliente</span><br style=""box-sizing: border-box; color: #060606; font-family: 'Nunito Sans', sans-serif; font-size: 14px; background-color: #ffffff;"" /><span style=""color: #060606; font-family: 'Nunito Sans', sans-serif; font-size: 14px; background-color: #ffffff;"">Libre de PFOA, Plomo y cadmio</span></p>";;;;;SI;;;;;Visible
termo-750-ml-evg7t;Termo Doble pared Acero Inoxidable 750 ml;COCINA > BAZAR > FRASCOS, COCINA > BAZAR > ORGANIZACION COCINA, VARIOS, DIA DEL PADRE, COMBOS PARA REGALAR;;;;;;;52,900.00;;0.30;18.00;5.00;5.00;2;;;SI;NO;"<p><span style=""color: #060606; font-family: 'Nunito Sans', sans-serif; font-size: 14px; background-color: #ffffff;"">Termo de acero inoxidable con pico a presi&oacute;n 100% de acero.</span></p>
<p>Doble pared. Base de acero inoxidable.</p>
<p><br style=""box-sizing: border-box; color: #060606; font-family: 'Nunito Sans', sans-serif; font-size: 14px; background-color: #ffffff;"" /><span style=""color: #060606; font-family: 'Nunito Sans', sans-serif; font-size: 14px; background-color: #ffffff;"">Incluye tapa de acero con interior de pl&aacute;stico.</span><br style=""box-sizing: border-box; color: #060606; font-family: 'Nunito Sans', sans-serif; font-size: 14px; background-color: #ffffff;"" /><span style=""box-sizing: border-box; font-weight: bold; color: #060606; font-family: 'Nunito Sans', sans-serif; font-size: 14px; background-color: #ffffff;"">Modelo: Plata</span></p>
<p><br style=""box-sizing: border-box; color: #060606; font-family: 'Nunito Sans', sans-serif; font-size: 14px; background-color: #ffffff;"" /><em style=""box-sizing: border-box; color: #060606; font-family: 'Nunito Sans', sans-serif; font-size: 14px; background-color: #ffffff;"">Medidas:<br style=""box-sizing: border-box;"" />Alto total: 27 cm<br style=""box-sizing: border-box;"" />Di&aacute;metro: 8,3 cm<br style=""box-sizing: border-box;"" />Capacidad: 750 cc.</em><br style=""box-sizing: border-box; color: #060606; font-family: 'Nunito Sans', sans-serif; font-size: 14px; background-color: #ffffff;"" /><br style=""box-sizing: border-box; color: #060606; font-family: 'Nunito Sans', sans-serif; font-size: 14px; background-color: #ffffff;"" /><span style=""color: #060606; font-family: 'Nunito Sans', sans-serif; font-size: 14px; background-color: #ffffff;"">Conserva temperatura: 24 hs fria y caliente.</span><br style=""box-sizing: border-box; color: #060606; font-family: 'Nunito Sans', sans-serif; font-size: 14px; background-color: #ffffff;"" /><span style=""color: #060606; font-family: 'Nunito Sans', sans-serif; font-size: 14px; background-color: #ffffff;"">Libre de PFOA, Plomo y cadmio</span></p>";;;;;SI;;;;;Visible
set-de-bano-5-piezas-1q7bx;Set de baño 5 piezas Crema;BAÑO > ARTICULOS PARA BAÑO, BAÑO > CESTOS PARA BAÑO ;;;;;;;33,900.00;;0.20;20.00;15.00;15.00;0;;;SI;NO;"<p><span style=""color: #060606; font-family: 'Nunito Sans', sans-serif; font-size: 14px; background-color: #ffffff;"">Set de ba&ntilde;o de 5 piezas</span><br style=""box-sizing: border-box; color: #060606; font-family: 'Nunito Sans', sans-serif; font-size: 14px; background-color: #ffffff;"" /><span style=""color: #060606; font-family: 'Nunito Sans', sans-serif; font-size: 14px; background-color: #ffffff;"">Material: Pl&aacute;stico con textura de l&iacute;neas.</span><br style=""box-sizing: border-box; color: #060606; font-family: 'Nunito Sans', sans-serif; font-size: 14px; background-color: #ffffff;"" /><br style=""box-sizing: border-box; color: #060606; font-family: 'Nunito Sans', sans-serif; font-size: 14px; background-color: #ffffff;"" /><span style=""box-sizing: border-box; font-weight: bold; color: #060606; font-family: 'Nunito Sans', sans-serif; font-size: 14px; background-color: #ffffff;"">Colores Crema</span><br style=""box-sizing: border-box; color: #060606; font-family: 'Nunito Sans', sans-serif; font-size: 14px; background-color: #ffffff;"" /><br style=""box-sizing: border-box; color: #060606; font-family: 'Nunito Sans', sans-serif; font-size: 14px; background-color: #ffffff;"" /><em style=""box-sizing: border-box; color: #060606; font-family: 'Nunito Sans', sans-serif; font-size: 14px; background-color: #ffffff;"">Medidas:</em><br style=""box-sizing: border-box; color: #060606; font-family: 'Nunito Sans', sans-serif; font-size: 14px; background-color: #ffffff;"" /><em style=""box-sizing: border-box; color: #060606; font-family: 'Nunito Sans', sans-serif; font-size: 14px; background-color: #ffffff;"">Escobilla<br style=""box-sizing: border-box;"" />Alto: 35 cm<br style=""box-sizing: border-box;"" />Diametro: 8,5 cm<br style=""box-sizing: border-box;"" /><br style=""box-sizing: border-box;"" />Cesto con tapa<br style=""box-sizing: border-box;"" />Alto: 23 cm<br style=""box-sizing: border-box;"" />Di&aacute;metro: 17,5 cm<br style=""box-sizing: border-box;"" /><br style=""box-sizing: border-box;"" />Dispenser<br style=""box-sizing: border-box;"" />Alto: 18 cm<br style=""box-sizing: border-box;"" />Di&aacute;metro: 8 cm<br style=""box-sizing: border-box;"" /><br style=""box-sizing: border-box;"" />Vaso:<br style=""box-sizing: border-box;"" />Alto: 12,5 cm<br style=""box-sizing: border-box;"" />Di&aacute;metro: 7,5 cm</em></p>";baño, crema, DELUAR, plástico, set;Set de baño 5 piezas crema con accesorios de plástico;Set de baño crema de 5 piezas en plástico con textura lineal. Incluye escobilla, cesto, dispenser y vaso. ¡Decora y organiza tu baño!;DELUAR;SI;;;;;Visible
set-de-bano-5-piezas-1yfz5;Set de baño 5 piezas Vison;BAÑO > ARTICULOS PARA BAÑO, BAÑO > CESTOS PARA BAÑO ;;;;;;;33,900.00;;0.30;20.00;15.00;15.00;0;;;SI;NO;"<p><span style=""color: #060606; font-family: 'Nunito Sans', sans-serif; font-size: 14px; background-color: #ffffff;"">Set de ba&ntilde;o de 5 piezas</span><br style=""box-sizing: border-box; color: #060606; font-family: 'Nunito Sans', sans-serif; font-size: 14px; background-color: #ffffff;"" /><span style=""color: #060606; font-family: 'Nunito Sans', sans-serif; font-size: 14px; background-color: #ffffff;"">Material: Pl&aacute;stico con textura de l&iacute;neas.</span><br style=""box-sizing: border-box; color: #060606; font-family: 'Nunito Sans', sans-serif; font-size: 14px; background-color: #ffffff;"" /><br style=""box-sizing: border-box; color: #060606; font-family: 'Nunito Sans', sans-serif; font-size: 14px; background-color: #ffffff;"" /><span style=""box-sizing: border-box; font-weight: bold; color: #060606; font-family: 'Nunito Sans', sans-serif; font-size: 14px; background-color: #ffffff;"">Color Vison</span><br style=""box-sizing: border-box; color: #060606; font-family: 'Nunito Sans', sans-serif; font-size: 14px; background-color: #ffffff;"" /><br style=""box-sizing: border-box; color: #060606; font-family: 'Nunito Sans', sans-serif; font-size: 14px; background-color: #ffffff;"" /><em style=""box-sizing: border-box; color: #060606; font-family: 'Nunito Sans', sans-serif; font-size: 14px; background-color: #ffffff;"">Medidas:</em><br style=""box-sizing: border-box; color: #060606; font-family: 'Nunito Sans', sans-serif; font-size: 14px; background-color: #ffffff;"" /><em style=""box-sizing: border-box; color: #060606; font-family: 'Nunito Sans', sans-serif; font-size: 14px; background-color: #ffffff;"">Escobilla<br style=""box-sizing: border-box;"" />Alto: 35 cm<br style=""box-sizing: border-box;"" />Diametro: 8,5 cm<br style=""box-sizing: border-box;"" /><br style=""box-sizing: border-box;"" />Cesto con tapa<br style=""box-sizing: border-box;"" />Alto: 23 cm<br style=""box-sizing: border-box;"" />Di&aacute;metro: 17,5 cm<br style=""box-sizing: border-box;"" /><br style=""box-sizing: border-box;"" />Dispenser<br style=""box-sizing: border-box;"" />Alto: 18 cm<br style=""box-sizing: border-box;"" />Di&aacute;metro: 8 cm<br style=""box-sizing: border-box;"" /><br style=""box-sizing: border-box;"" />Vaso:<br style=""box-sizing: border-box;"" />Alto: 12,5 cm<br style=""box-sizing: border-box;"" />Di&aacute;metro: 7,5 cm</em></p>";accesorios, baño, plástico, set, visón;Set de baño 5 piezas plástico color visón con accesorios esenciales;Set de baño 5 piezas en plástico color visón con escobilla, cesto, dispenser y vaso. Perfecto para renovar tu baño. ¡Compra ahora!;DELUAR;SI;;;;;Visible
setx4-frascos-vidrio-bambu-fow7r;Setx4 frascos vidrio Hermeticos bambú;COCINA > BAZAR > FRASCOS;;;;;;;31,500.00;;0.30;15.00;15.00;15.00;0;;;SI;NO;"<p><span style=""color: #060606; font-family: 'Nunito Sans', sans-serif; font-size: 14px; background-color: #ffffff;"">Setx4 Frascos de vidrio recto con tapa herm&eacute;tica de bamb&uacute;</span></p>
<p><br style=""box-sizing: border-box; color: #060606; font-family: 'Nunito Sans', sans-serif; font-size: 14px; background-color: #ffffff;"" /><em style=""box-sizing: border-box; color: #060606; font-family: 'Nunito Sans', sans-serif; font-size: 14px; background-color: #ffffff;"">Medidas:</em></p>
<p><strong><em style=""box-sizing: border-box; color: #060606; font-family: 'Nunito Sans', sans-serif; font-size: 14px; background-color: #ffffff;"">TAMA&Ntilde;O 1:</em></strong></p>
<p><em style=""box-sizing: border-box; color: #060606; font-family: 'Nunito Sans', sans-serif; font-size: 14px; background-color: #ffffff;""><em style=""box-sizing: border-box;"">Diametro: 6,5 cm.<br style=""box-sizing: border-box;"" />Alto: 9 cm.<br style=""box-sizing: border-box;"" />Capacidad: 250 cc.</em></em></p>
<p><strong><em style=""box-sizing: border-box; color: #060606; font-family: 'Nunito Sans', sans-serif; font-size: 14px; background-color: #ffffff;""><em style=""box-sizing: border-box;"">TAMA&Ntilde;O 2:</em></em></strong></p>
<p><em style=""box-sizing: border-box; color: #060606; font-family: 'Nunito Sans', sans-serif; font-size: 14px; background-color: #ffffff;""><em style=""box-sizing: border-box;"">Diametro: 6,5 cm.<br style=""box-sizing: border-box;"" />Alto: 10,5 cm.<br style=""box-sizing: border-box;"" />Capacidad: 280 cc.</em></em></p>
<p><em style=""box-sizing: border-box; color: #060606; font-family: 'Nunito Sans', sans-serif; font-size: 14px; background-color: #ffffff;""><em style=""box-sizing: border-box;""><strong>TAMA&Ntilde;O 3:&nbsp;</strong><br style=""box-sizing: border-box;"" />Diametro: 10 cm.<br style=""box-sizing: border-box;"" />Alto: 12,5 cm.<br style=""box-sizing: border-box;"" />Capacidad: 750 cc.</em></em></p>
<p><em style=""box-sizing: border-box; color: #060606; font-family: 'Nunito Sans', sans-serif; font-size: 14px; background-color: #ffffff;""><strong>TAMA&Ntilde;O 4:&nbsp;</strong><br style=""box-sizing: border-box;"" />Diametro: 10 cm.<br style=""box-sizing: border-box;"" />Alto: 16 cm.<br style=""box-sizing: border-box;"" />Capacidad: 950 cc.</em></p>";bambú, conservación, frascos, hermético, vidrio;Setx4 frascos vidrio herméticos con tapa bambú;Setx4 frascos de vidrio con tapa hermética de bambú, ideales para conservar alimentos frescos. Compra ahora y organiza tu cocina.;DELUAR;SI;;;;;Visible
molinillo-xd3q2;Molinillo SAL/PIMIENTA ACERO;COCINA > BAZAR > ACEITEROS - SALEROS - AZUCARERAS - ESPECIEROS;;;;;;;14,900.00;;0.10;5.00;5.00;5.00;1;;;SI;NO;"<p>Molinillo para sal y pimienta de acero inoxidable.</p>
<p>Con visor transparente de acr&iacute;lico y muelas de cer&aacute;mica regulable.</p>
<p>Dise&ntilde;o cilindrico.</p>
<p>&nbsp;</p>
<p>Medidas:</p>
<p>Alto: 12,7 cm.</p>
<p>Diametro: 5,2 cm.</p>
<p>En caja.</p>";;;;;SI;;;;;Visible
setx5-bowl-melamina-i1o1f;Setx5 bowls melamina;COCINA > BAZAR > FRASCOS;;;;;;;15,900.00;;0.20;10.00;10.00;5.00;1;;;SI;NO;"<div class=""recomendadosrow row"" style=""box-sizing: border-box; margin-right: -15px; margin-left: -15px; padding-left: 15px; padding-right: 15px; color: #060606; font-family: 'Nunito Sans', sans-serif; font-size: 14px; font-style: normal; font-variant-ligatures: normal; font-variant-caps: normal; font-weight: 300; letter-spacing: normal; orphans: 2; text-align: start; text-indent: 0px; text-transform: none; widows: 2; word-spacing: 0px; -webkit-text-stroke-width: 0px; white-space: normal; background-color: #ffffff; text-decoration-thickness: initial; text-decoration-style: initial; text-decoration-color: initial;"">&nbsp;</div>
<div id=""detalle"" class=""row"" style=""box-sizing: border-box; margin-right: -15px; margin-left: -15px; color: #060606; font-family: 'Nunito Sans', sans-serif; font-size: 14px; font-style: normal; font-variant-ligatures: normal; font-variant-caps: normal; font-weight: 300; letter-spacing: normal; orphans: 2; text-align: start; text-indent: 0px; text-transform: none; widows: 2; word-spacing: 0px; -webkit-text-stroke-width: 0px; white-space: normal; background-color: #ffffff; text-decoration-thickness: initial; text-decoration-style: initial; text-decoration-color: initial;"">
<div class=""product-tab col-md-12 clearfix"" style=""box-sizing: border-box; position: relative; min-height: 1px; padding-right: 15px; padding-left: 15px; float: none; width: 1170px; clear: both; display: inline-block;"">
<div class=""tab-content"" style=""box-sizing: border-box;"">
<div id=""Descripci&oacute;n"" class=""tab-pane active"" style=""box-sizing: border-box; display: block;"">Set x 5 bowls de melamina con tapa de pl&aacute;stico transparente<br style=""box-sizing: border-box;"" /><strong style=""box-sizing: border-box; font-weight: bold;"">Color blanco</strong><br style=""box-sizing: border-box;"" /><br style=""box-sizing: border-box;"" /><em style=""box-sizing: border-box;"">Medidas:<br style=""box-sizing: border-box;"" />Bowl 1: &Oslash;19 cm / 7,5 cm<br style=""box-sizing: border-box;"" />Bowl 2: &Oslash;16,5 cm / 7 cm<br style=""box-sizing: border-box;"" />Bowl 3: &Oslash;15 cm / 6,5 cm<br style=""box-sizing: border-box;"" />Bowl 4: &Oslash;12,5 cm / 5,5 cm<br style=""box-sizing: border-box;"" />Bowl 5: &Oslash;10,5 cm / 5 cm</em></div>
</div>
</div>
</div>";blanco, bowl, DELUAR, hermético, melamina, práctico;Set de 5 bowls de melamina con tapa transparente;Set x5 bowls blancos de melamina con tapas plásticas transparentes, prácticos y resistentes para almacenar y servir. ¡Compra ahora!;DELUAR;SI;;;;;Visible
trapo-cocina-1tmih;Trapo cocina 60x110cm;COCINA > BAZAR > ORGANIZACION COCINA;;;;;;;8,600.00;;0.05;10.00;10.00;2.00;4;;;SI;NO;"<p>Alfombra confeccionada 100% con pabilo de algod&oacute;n (algod&oacute;n r&uacute;stico sin procesar) hechas en telar.</p>
<p>Estampa de serigrafia.&nbsp;</p>
<p>Medidas: 60x110cm</p>
<p>&nbsp;</p>
<p>Es apta lavarropas y secarropas pero al ser un producto de algod&oacute;n te recomendamos lavar con agua fr&iacute;a o que la misma no supere los 30&ordm;C para que no achique ni sufra modificaciones.&nbsp;</p>";;;;;SI;;;;0.00;Visible
funda-almohadon-1h0b2;Funda almohadón LOLA 45x45cm;LIVING > ALMOHADONES Y FUNDAS;;;;;;;12,500.00;;0.10;10.00;10.00;2.00;2;;;SI;NO;"<p>Funda almohad&oacute;n LOLA 45x45cm</p>
<p>Confeccionada en tejido de espigas, esta funda aporta una textura &uacute;nica y elegante a tu decoraci&oacute;n.</p>
<p>Su dise&ntilde;o combina colores gris con crema, ideal para ambientes modernos y c&aacute;lidos.</p>
<p>Destacan los flecos en las puntas, que suman un detalle artesanal y sofisticado.</p>
<p>100% ALGODON&nbsp;</p>
<p><strong> Medidas: 45x45 cm, </strong>perfecta para almohadones est&aacute;ndar. Renov&aacute; tu living o dormitorio con estilo y comodidad.</p>";algodón, almohadón, decoración, flecos, funda;Funda almohadón LOLA 45x45cm en algodón con flecos elegantes;Funda LOLA 45x45cm en algodón, con textura espigas y flecos artesanales. Ideal para dar estilo y calidez a tu hogar. ¡Renová tu espacio ahora!;DELUAR;SI;;;;0.00;Visible
florero-1kfxy;Florero CILINDRO 26X10CM;LIVING > DECO - FLOREROS;;;;;;;28,900.00;;0.40;20.00;10.00;10.00;3;;;SI;NO;"<p>El&nbsp;<strong>Florero CILINDRO</strong>&nbsp;en&nbsp;<strong>color OFF WHITE mate</strong>&nbsp;es una pieza de cer&aacute;mica ideal para realzar cualquier ambiente.</p>
<p>Con medidas de <strong>26<em><strong> </strong>cm de alto por 10 cm de ancho</em>,&nbsp;</strong>combina dise&ntilde;o moderno y funcionalidad.</p>
<p>Su&nbsp;<strong>acabado mate</strong>&nbsp;aporta sofisticaci&oacute;n y elegancia, siendo perfecto para tus flores favoritas o como objeto decorativo independiente.</p>
<p>Un complemento esencial para darle un toque distinguido a tu hogar u oficina.</p>";cerámica, decoración, elegante, florero, hogar;Florero Cilindro 26x10cm Cerámica Off White Mate;Florero Cilindro en cerámica off white mate, moderno y elegante. Ideal para decorar y realzar ambientes con sofisticación. ¡Decora tu hogar hoy!;DELUAR;SI;;;;;Visible
florero-k5vj7;Florero INVERTIDO 17x9cm;LIVING > DECO - FLOREROS;;;;;;;14,900.00;;0.20;15.00;9.00;9.00;3;;;SI;NO;"<p>El&nbsp;<strong>Florero INVERTIDO</strong>&nbsp;en&nbsp;<strong>color gris oscuro mate</strong>&nbsp;es una pieza de cer&aacute;mica ideal para realzar cualquier ambiente.</p>
<p>Con medidas de <strong>17<em>&nbsp;cm de alto por 9 cm de ancho</em>,&nbsp;</strong>combina dise&ntilde;o moderno y funcionalidad.</p>
<p>Su&nbsp;<strong>acabado mate&nbsp;</strong>aporta sofisticaci&oacute;n y elegancia, siendo perfecto para tus flores favoritas o como objeto decorativo independiente.</p>
<p>Un complemento esencial para darle un toque distinguido a tu hogar u oficina.</p>";;;;;SI;;;;;Visible
florero-1szw2;Florero CREMA mate 18x18cm;LIVING > DECO - FLOREROS;;;;;;;19,900.00;;0.40;18.00;18.00;3.00;3;;;SI;NO;"<p>El&nbsp;<strong>Florero</strong> en color <strong>crema mate</strong>&nbsp;es una pieza de cer&aacute;mica ideal para realzar cualquier ambiente.</p>
<p>Con medidas de <strong>18<em>&nbsp;cm de alto por 18 cm de ancho</em>,&nbsp;</strong>combina dise&ntilde;o moderno y funcionalidad.</p>
<p>Su&nbsp;<strong>acabado mate&nbsp;</strong>aporta sofisticaci&oacute;n y elegancia, siendo perfecto para tus flores favoritas o como objeto decorativo independiente.</p>
<p>Un complemento esencial para darle un toque distinguido a tu hogar u oficina.</p>";;;;;SI;;;;;Visible
florero-fkkxc;Florero LINEAS gris oscuro 19x8.5cm;LIVING > DECO - FLOREROS;;;;;;;16,900.00;;0.30;17.00;8.00;8.00;3;;;SI;NO;"<p>El&nbsp;<strong>Florero LINEAS</strong>&nbsp;en&nbsp;<strong>color gris oscuro</strong>&nbsp;es una pieza de cer&aacute;mica ideal para realzar cualquier ambiente.</p>
<p>Con medidas de <strong>19<em>&nbsp;cm de alto por 8.5cm de ancho</em>,&nbsp;</strong>combina dise&ntilde;o moderno y funcionalidad.</p>
<p>Su&nbsp;<strong>acabado brillante&nbsp;</strong>aporta sofisticaci&oacute;n y elegancia, siendo perfecto para tus flores favoritas o como objeto decorativo independiente.</p>
<p>Un complemento esencial para darle un toque distinguido a tu hogar u oficina.</p>";cerámica, decoración, elegante, florero, moderno;Florero LINEAS gris oscuro 19x8.5cm elegante y moderno;Florero LINEAS gris oscuro de cerámica con acabado brillante, ideal para decorar y realzar tu hogar u oficina. ¡Compra ahora!;DELUAR;SI;;;;;Visible
florero-wjze1;Florero VERA 22x12cm;LIVING > DECO - FLOREROS;;;;;;;19,900.00;;0.20;20.00;12.00;12.00;2;;;SI;NO;"<p>El&nbsp;<strong>Florero VERA</strong>&nbsp;en&nbsp;<strong>color negro</strong>&nbsp;es una pieza de cer&aacute;mica ideal para realzar cualquier ambiente.</p>
<p>Con medidas de&nbsp;<strong>22<em>&nbsp;cm de alto por 12 cm de ancho</em>,&nbsp;</strong>combina dise&ntilde;o moderno y funcionalidad.</p>
<p>Su&nbsp;<strong>acabado brillante&nbsp;</strong>aporta sofisticaci&oacute;n y elegancia, siendo perfecto para tus flores favoritas o como objeto decorativo independiente.</p>
<p>Un complemento esencial para darle un toque distinguido a tu hogar u oficina.</p>";;;;;SI;;;;;Visible
florero-oadk2;Florero MARINA 20X8CM;LIVING > DECO - FLOREROS;;;;;;;17,500.00;;0.20;20.00;10.00;10.00;1;;;SI;NO;"<p>El&nbsp;<strong>Florero MARINA </strong>en&nbsp;<strong>color blanco mate</strong>&nbsp;es una pieza de cer&aacute;mica ideal para realzar cualquier ambiente.</p>
<p>Con medidas de&nbsp;<strong>20<em>&nbsp;cm de alto por 8 cm de ancho</em>,&nbsp;</strong>combina dise&ntilde;o moderno y funcionalidad.</p>
<p>Su&nbsp;<strong>acabado mate&nbsp;</strong>aporta sofisticaci&oacute;n y elegancia, siendo perfecto para tus flores favoritas o como objeto decorativo independiente.</p>
<p>Un complemento esencial para darle un toque distinguido a tu hogar u oficina.</p>";cerámica, decorativo, DELUAR, florero, moderno;Florero MARINA blanco mate 20x8cm - diseño moderno y elegante;Florero MARINA blanco mate de cerámica, 20x8cm, diseño moderno y sofisticado para decorar tu hogar u oficina. ¡Hazlo tuyo hoy!;DELUAR;SI;;;;;Visible
alfombra-bano-antideslizante-wntbs;Alfombra baño antideslizante 60x40cm;BAÑO > ALFOMBRAS PARA BAÑO;Color;Marrón;;;;;10,000.00;;0.10;25.00;20.00;2.00;1;;;SI;NO;"<p>La <strong>Alfombra ba&ntilde;o antideslizante</strong> es el complemento perfecto para tu ba&ntilde;o, combinando seguridad y estilo.</p>
<p>Con medidas de <strong><em>60x40 cm</em>, </strong>est&aacute; dise&ntilde;ada para evitar resbalones, brind&aacute;ndote tranquilidad en cada paso.</p>
<p>Disponible en colores <strong><em>marr&oacute;n</em> y <em>gris oscuro</em>,</strong> se adapta f&aacute;cilmente a cualquier decoraci&oacute;n. Su superficie <strong>antideslizante</strong> garantiza firmeza y comodidad.</p>
<p>Renov&aacute; tu ba&ntilde;o con esta alfombra pr&aacute;ctica y segura, ideal para el uso diario.</p>";alfombra, antideslizante, baño, práctica, seguridad;Alfombra baño antideslizante 60x40 cm segura y cómoda;Alfombra baño antideslizante 60x40 cm, segura y práctica. Evita resbalones con estilo. ¡Renová tu baño hoy mismo!;DELUAR;SI;;;;0.00;Visible
alfombra-bano-antideslizante-wntbs;;;Color;Gris;;;;;10,000.00;;0.10;25.00;20.00;2.00;0;;;;;;;;;;;;;;0.00;
felpudo-vjmzp;Felpudo HELLO beige 60x40cm;VARIOS > FELPUDOS - EXTERIOR;;;;;;;12,500.00;;0.20;20.00;15.00;2.00;1;;;SI;NO;"<p>El&nbsp;<strong>felpudo Hello</strong>&nbsp;es el accesorio perfecto para la entrada de tu hogar u oficina.</p>
<p>Con una medida de&nbsp;<strong><em>60x40 cm</em></strong>&nbsp;y un atractivo color MAIZ con letras en negro, combina funcionalidad y estilo.</p>
<p>Fabricado en&nbsp;<strong>poli&eacute;ster y PVC</strong>, ofrece alta resistencia y durabilidad, ideal para mantener tus espacios limpios y ordenados. Su textura facilita la limpieza y evita la acumulaci&oacute;n de suciedad.</p>
<p>Un detalle pr&aacute;ctico y decorativo para recibir a tus visitas con buena impresi&oacute;n.</p>";decoración, DELUAR, entrada, felpudo, resistente;Felpudo HELLO beige 60x40cm resistente y decorativo;Felpudo HELLO beige 60x40cm en poliéster y PVC, duradero y fácil de limpiar. Ideal para entradas de hogar y oficina. ¡Compra ahora y recibe con estilo!;DELUAR;SI;;;;0.00;Visible
camino-mesa-j20cx;Camino mesa LILI 175x45cm;COCINA > CAMINO DE MESA;;;;;;;10,500.00;;0.05;15.00;15.00;2.00;5;;;SI;NO;"<p>Camino de mesa color crudo con lineas en gris.</p>
<p>&nbsp;</p>
<p>El camino de mesa en color crudo es la elecci&oacute;n ideal para quienes buscan un toque r&uacute;stico en su decoraci&oacute;n. Con medidas de 175x45cm, este camino est&aacute; confeccionado en 100% algod&oacute;n, lo que le otorga una textura suave y natural.</p>
<p>&nbsp;</p>
<p>Los flecos en las puntas a&ntilde;aden un detalle encantador y distintivo. Perfecto para embellecer tu mesa en ocasiones especiales o en el d&iacute;a a d&iacute;a, este camino combina funcionalidad y estilo.</p>
<p>&nbsp;</p>
<p>&iexcl;Incorpora este camino de mesa a tu hogar y transforma tu espacio!</p>";algodón, camino, DELUAR, flecos, rustico;Camino de mesa LILI 175x45cm de algodón crudo con flecos;Camino de mesa LILI 175x45cm en algodón crudo con líneas grises y flecos. Ideal para decoración rústica. ¡Compra ahora y decora tu hogar!;DELUAR;SI;;;;;Visible
indiv-1190t;Setx4 Individuales Cuerina 40x28cm;COCINA > INDIVIDUALES;;;;;;;8,000.00;;0.02;10.00;10.00;1.00;5;;;SI;NO;"<p><strong>Caracter&iacute;sticas Principales:</strong></p>
<p>Cantidad: 4 individuales.</p>
<p>Medidas: 40 x 28 cm.</p>
<p>Material: S&iacute;mil cuerina texturada</p>
<p>Color: Gris.</p>
<p>&nbsp;</p>
<p><strong>&nbsp;Beneficios:</strong></p>
<p>Protecci&oacute;n para tu mesa contra manchas y rayaduras.</p>
<p>Durabilidad gracias a su material resistente y de calidad.</p>
<p>F&aacute;cil limpieza, ideal para el uso diario.</p>";cuerina, DELUAR, durabilidad, individuales, protección;Individuales de cuerina gris set x4 40x28cm - protección y estilo;Set x4 individuales de cuerina gris 40x28cm, resistentes y fáciles de limpiar. Protege tu mesa con estilo. ¡Compra ahora!;DELUAR;SI;;;;;Visible
manta-aurora-1ffgc;Manta/Alfombra Aurora 195x160cm;LIVING > MANTAS, LIVING > ALFOMBRAS;;;;;;;29,900.00;;0.30;15.00;15.00;3.00;0;;;SI;NO;"<p style=""margin-top: 20px; margin-bottom: 20px; padding: 0px; border: 0px; outline: 0px; vertical-align: baseline; max-width: 100%; color: #434343; font-family: Montserrat, sans-serif; font-size: 14px; background-color: #ffffff;"">Manta 100% pabilo de&nbsp;algod&oacute;n (es algod&oacute;n puro, sin procesar, rustico), confeccionada en telar.</p>
<p style=""margin-top: 20px; margin-bottom: 20px; padding: 0px; border: 0px; outline: 0px; vertical-align: baseline; max-width: 100%; color: #434343; font-family: Montserrat, sans-serif; font-size: 14px; background-color: #ffffff;"">&iquest;Donde se puede usar? En un mont&oacute;n de lados! Como manta de sill&oacute;n, como cubre sill&oacute;n, cubre cama de 2 plazas, pie de cama hasta podes usarla de alfombra.</p>
<p style=""margin-top: 20px; margin-bottom: 20px; padding: 0px; border: 0px; outline: 0px; vertical-align: baseline; max-width: 100%; color: #434343; font-family: Montserrat, sans-serif; font-size: 14px; background-color: #ffffff;"">Color: Crudo con lineas en chocolate</p>
<p style=""margin-top: 20px; margin-bottom: 20px; padding: 0px; border: 0px; outline: 0px; vertical-align: baseline; max-width: 100%; color: #434343; font-family: Montserrat, sans-serif; font-size: 14px; background-color: #ffffff;"">Medidas: 160x195cm</p>
<p style=""margin-top: 20px; margin-bottom: 20px; padding: 0px; border: 0px; outline: 0px; vertical-align: baseline; max-width: 100%; color: #434343; font-family: Montserrat, sans-serif; font-size: 14px; background-color: #ffffff;"">Cuidamos de la misma: Al ser un producto 100% algod&oacute;n su cuidado debe ser lavado a mano preferentemente sino lavado en lavarropas en modo lavado a mano/lavado cuidado, lavado de lana, el agua preferentemente fr&iacute;a o no debe superar los 30&ordm;C y las revoluciones del centrifugado tienen que ser menores a 800, ya que al ser un producto de pabilo de algod&oacute;n puede deshilachar la costura y por consecuencia la tela un centrifugado fuerte. Secar a la sombra, no secar con calor ya que puede achicar.</p>";alfombra, algodón, DELUAR, manta, rustica;Manta Aurora 100% Algodón Pabilo 195x160cm - Versátil y Rústica;Descubre la Manta Aurora de algodón pabilo 100%, ideal como manta, cubresillón o alfombra. Cómoda, rústica y fácil de cuidar. ¡Compra ahora!;DELUAR;SI;;;;;Visible
funda-almohada-1impd;Funda almohada 70x50cm simil tusor;DORMITORIO, LIVING > ALMOHADONES Y FUNDAS;Color;Gris oscuro;;;;;8,900.00;;0.05;10.00;10.00;2.00;0;;;SI;NO;"<p style=""box-sizing: inherit; line-height: 1.4286em; color: #191919; font-family: Outfit, sans-serif; background-color: #ffffff;"">A&ntilde;ade un toque de estilo y sofisticaci&oacute;n a tu hogar con esta funda de dise&ntilde;o pr&aacute;ctico y elegante. Ideal para renovar tus almohadones y complementar cualquier espacio.</p>
<p style=""box-sizing: inherit; line-height: 1.4286em; color: #191919; font-family: Outfit, sans-serif; background-color: #ffffff;"">&nbsp;</p>
<p style=""box-sizing: inherit; line-height: 1.4286em; color: #191919; font-family: Outfit, sans-serif; background-color: #ffffff;""><strong style=""box-sizing: inherit;"">Caracter&iacute;sticas principales:</strong></p>
<ul style=""box-sizing: inherit; padding-left: 20px; color: #191919; font-family: Outfit, sans-serif; background-color: #ffffff;"">
<li style=""box-sizing: inherit; margin-bottom: 10px; line-height: 22px;"">
<p style=""box-sizing: inherit; line-height: 1.4286em;""><strong style=""box-sizing: inherit;"">Medidas</strong>:&nbsp;<em style=""box-sizing: inherit;"">70 x 50 cm</em>.</p>
</li>
<li style=""box-sizing: inherit; margin-bottom: 10px; line-height: 22px;"">
<p style=""box-sizing: inherit; line-height: 1.4286em;""><strong style=""box-sizing: inherit;"">Composici&oacute;n</strong>:&nbsp;<em style=""box-sizing: inherit;"">100% microfibra premium</em></p>
</li>
<li style=""box-sizing: inherit; margin-bottom: 10px; line-height: 22px;"">
<p style=""box-sizing: inherit; line-height: 1.4286em;""><strong style=""box-sizing: inherit;"">L&iacute;nea</strong>:&nbsp;<em style=""box-sizing: inherit;"">Tusor Rectangular</em></p>
</li>
</ul>
<p style=""box-sizing: inherit; line-height: 1.4286em; color: #191919; font-family: Outfit, sans-serif; background-color: #ffffff;"">&nbsp;</p>
<p style=""box-sizing: inherit; line-height: 1.4286em; color: #191919; font-family: Outfit, sans-serif; background-color: #ffffff;""><strong style=""box-sizing: inherit;"">Beneficios del producto:</strong></p>
<ul style=""box-sizing: inherit; padding-left: 20px; color: #191919; font-family: Outfit, sans-serif; background-color: #ffffff;"">
<li style=""box-sizing: inherit; margin-bottom: 10px; line-height: 22px;"">
<p style=""box-sizing: inherit; line-height: 1.4286em;""><strong style=""box-sizing: inherit;"">Est&eacute;tica moderna</strong>: La textura en s&iacute;mil tusor realza la elegancia de tu decoraci&oacute;n.</p>
</li>
<li style=""box-sizing: inherit; margin-bottom: 10px; line-height: 22px;"">
<p style=""box-sizing: inherit; line-height: 1.4286em;""><strong style=""box-sizing: inherit;"">Durabilidad superior</strong>: Fabricada con materiales resistentes y de alta calidad.</p>
</li>
</ul>";almohada, decoración, durabilidad, funda, microfibra;Funda almohada 70x50cm simil tusor elegante y duradera;Funda almohada 70x50cm en microfibra premium simil tusor, moderna y resistente. Renová tu decoración con estilo. ¡Compra ahora!;DELUAR;SI;;;;0.00;Visible
funda-almohada-1impd;;;Color;Beige;;;;;8,900.00;;0.05;10.00;10.00;2.00;0;;;;;;;;;;;;;;0.00;
funda-almohada-1impd;;;Color;Gris claro;;;;;8,900.00;;0.05;10.00;10.00;2.00;2;;;;;;;;;;;;;;0.00;
alfombra-bano-6517o;Alfombra baño CORN MAX 60x40cm;BAÑO > ALFOMBRAS PARA BAÑO;;;;;;;13,750.00;;0.10;15.00;15.00;2.00;0;;;SI;NO;"<p>Transforma tu ba&ntilde;o en un espacio de confort con esta alfombra dise&ntilde;ada para ofrecer m&aacute;xima suavidad y funcionalidad, es el complemento perfecto para a&ntilde;adir estilo y comodidad a tu rutina diaria.</p>
<p>&nbsp;</p>
<p><strong>Caracter&iacute;sticas destacadas:</strong></p>
<p>Medidas: 60 x 40 cm</p>
<p>Composici&oacute;n:&nbsp; 60% microfibra premium y 40% algod&oacute;n</p>
<p>&nbsp;</p>
<p><strong>Beneficios adicionales:</strong></p>
<p><strong>S&uacute;per absorbente: </strong>Mantiene tu ba&ntilde;o seco al retener eficazmente la humedad tras cada uso.</p>
<p><strong>Duradera y f&aacute;cil de limpiar:</strong> Material resistente que conserva su forma y funcionalidad despu&eacute;s de cada lavado.</p>
<p><strong>Estilo vers&aacute;til: </strong>Parte de la exclusiva L&iacute;nea Corn Max, con un dise&ntilde;o moderno que complementa cualquier decoraci&oacute;n</p>";absorbente, alfombra, baño, DELUAR, microfibra;Alfombra baño CORN MAX 60x40cm suave y absorbente;Alfombra baño CORN MAX 60x40cm con microfibra y algodón, súper absorbente y duradera. Añade confort y estilo a tu baño. ¡Compra ahora!;DELUAR;SI;;;;;Visible
alfombra-bano-1g33f;Alfombra baño BLOCKS 60x40cm;BAÑO > ALFOMBRAS PARA BAÑO;Color;Vison;;;;;13,750.00;;0.20;15.00;15.00;2.00;0;;;SI;NO;"<p>Sum&aacute; suavidad, absorci&oacute;n y dise&ntilde;o a tu ba&ntilde;o con esta alfombra 100% algod&oacute;n, confeccionada en jacquard premium, que combina calidad, estilo y practicidad en cada detalle.</p>
<p>&nbsp;</p>
<p><strong>Caracter&iacute;sticas principales</strong></p>
<p>Medida: 60 x 40 cm</p>
<p>Composici&oacute;n: 100% algod&oacute;n</p>
<p>L&iacute;nea: Blocks</p>
<p>&nbsp;</p>
<p>&nbsp;</p>
<p><strong>Beneficios del producto</strong></p>
<p><strong>Algod&oacute;n 100% </strong>natural, suave y agradable al tacto.</p>
<p><strong>Alta absorci&oacute;n</strong> que mantiene tus pies secos despu&eacute;s del ba&ntilde;o.</p>
<p>Dise&ntilde;o moderno y <strong>vers&aacute;til </strong>que se adapta a cualquier tipo de ba&ntilde;o.</p>";absorbente, alfombra, algodón, baño, Blocks;Alfombra baño Blocks 60x40cm algodón absorbente;Alfombra de baño Blocks en algodón 100% suave y absorbente, ideal para mantener tus pies secos y decorar con estilo. ¡Compra ahora!;DELUAR;SI;;;;0.00;Visible
alfombra-bano-1g33f;;;Color;Verde agua grisaceo;;;;;13,750.00;;0.20;15.00;15.00;2.00;0;;;;;;;;;;;;;;0.00;
alfombra-bano-1gz0i;Alfombra baño WALL 60x40cm;BAÑO > ALFOMBRAS PARA BAÑO;Color;Beige;;;;;13,750.00;;0.10;15.00;15.00;2.00;0;;;SI;NO;"<p>La Alfombra de Ba&ntilde;o Jacquard Wall es la opci&oacute;n perfecta para a&ntilde;adir comodidad, suavidad y elegancia a tu ba&ntilde;o, con un dise&ntilde;o absorbente y de alta calidad.</p>
<p>&nbsp;</p>
<p><em><strong>Caracter&iacute;sticas Principales:</strong></em></p>
<p>Material: 100% Algod&oacute;n de alta calidad.</p>
<p>Tejido: Jacquard, con un patr&oacute;n que aporta textura y estilo a tu ba&ntilde;o.</p>
<p>Medidas: 60 x 40 cm</p>
<p>Peso: 1300 grs/m&sup2;, ofreciendo una alta capacidad de absorci&oacute;n.</p>
<p>Modelo: Wall</p>
<p>Color: verde grisaceo&nbsp;</p>
<p>&nbsp;</p>
<p>&nbsp;</p>
<p><strong>Beneficios del Producto:</strong></p>
<p><strong>Alta Absorci&oacute;n: </strong>Gracias a su tejido jacquard, ofrece un secado r&aacute;pido y eficiente despu&eacute;s del ba&ntilde;o.</p>
<p><strong>Comodidad y Suavidad:</strong> El algod&oacute;n de 1300 grs/m&sup2; proporciona una sensaci&oacute;n de lujo y confort al pie.</p>
<p><strong>Durabilidad: </strong>Material resistente que garantiza un uso prolongado y f&aacute;cil mantenimiento.</p>
<p><strong>Estilo Elegante</strong>: A&ntilde;ade un toque moderno y elegante a tu ba&ntilde;o con el dise&ntilde;o sofisticado de la colecci&oacute;n Wall.</p>";;Alfombra baño WALL 60x40cm algodón jacquard absorbente;Alfombra de baño WALL de algodón jacquard 60x40cm, alta absorción y diseño elegante. Añade confort y estilo a tu baño. ¡Compre ahora!;DELUAR;SI;;;;0.00;Visible
alfombra-bano-1gz0i;;;Color;Verde Grisaceo;;;;;13,750.00;;0.10;15.00;15.00;2.00;0;;;;;;;;;;;;;;0.00;
juego-cortina-black-out-100-opacidad-ytqqo;Juego cortina BLACK OUT 100% Opacidad;LIVING > CORTINA DE AMBIENTE;Color;Beige;;;;;57,900.00;;0.30;20.00;20.00;2.00;5;;;SI;NO;"<p>Cre&aacute; espacios de descanso y privacidad total con el Juego de Cortinas Black out, que garantiza 100% opacidad y textura premium, combinando funcionalidad, estilo y confort para cualquier ambiente de tu hogar.</p>
<p>&nbsp;</p>
<p><strong>Caracter&iacute;sticas principales</strong></p>
<p>Tipo: Juego de cortinas Black out</p>
<p>Medida: 140 x 210 cm c/pa&ntilde;o</p>
<p>Composici&oacute;n: Microfibra Premium</p>
<p>Color: Beige - Gris</p>
<p>&nbsp;</p>
<p>&nbsp;</p>
<p><strong>Beneficios del producto</strong></p>
<p>100% bloqueo de luz, ideal para dormitorios, living o cualquier espacio de tu hogar.</p>
<p>Calidad premium, suave y resistente al uso diario.</p>
<p>Dise&ntilde;o elegante, combina con cualquier estilo de decoraci&oacute;n.</p>
<p>Aporta confort y privacidad, creando ambientes acogedores y relajantes.</p>
<p>&nbsp;</p>";;;;;SI;;;;0.00;Visible
juego-cortina-black-out-100-opacidad-ytqqo;;;Color;Gris;;;;;57,900.00;;0.30;20.00;20.00;2.00;4;;;;;;;;;;;;;;0.00;
new-bambu-1-1-2-1tcvt;Kit 6 Piezas NEW BAMBU 1 plaza y media;DORMITORIO > SABANAS Y AJUSTABLES > 1 1/2, DORMITORIO > MANTAS/FRAZADAS/ACOLCHADOS;;;;;;;69,900.00;;0.70;20.00;20.00;10.00;1;;;SI;NO;"<p>&iexcl;Renov&aacute; tu dormitorio con el Kit de 6 piezas New Bamb&uacute;! Este completo set de microfibra estampada y matelaseado sonic ofrece suavidad y dise&ntilde;o en cada detalle.</p>
<p><strong>Incluye cover, fundas de almohad&oacute;n y un juego de s&aacute;banas completo; adem&aacute;s, trae una funda de almohada de regalo para sumar confort.</strong></p>
<p>&nbsp;</p>
<p>Tama&ntilde;o:&nbsp;</p>
<p><strong>1 1/2 Plazas:</strong></p>
<p>- Cover (160x240 cm) color beige con lineas blancas + 1 Funda de almohadon haciendo juego (70x50 + 5 cm)</p>
<p>- Juego de sabanas 1 plaza y media: s&aacute;bana superior (150x240 cm) - s&aacute;bana ajustable (90x190x30 cm) - una funda de almohad&oacute;n haciendo juego (70x50cm) color blanca con lineas beige.</p>
<p>- 1 Funda de almohadon lisa color beige (70x50cm)</p>
<p>&nbsp;</p>
<p>Ideal para quienes buscan comodidad, estilo y practicidad con un toque c&aacute;lido. Dale a tu espacio el cuidado que se merece, con calidad y facilidad de mantenimiento. &iexcl;Eleg&iacute; tu tama&ntilde;o y transform&aacute; tu descanso!</p>";;;;;SI;;;;;Visible
new-bambu-1-1-2-rq9ff;Kit 6 Piezas NEW BAMBU 1 plaza y media;DORMITORIO > SABANAS Y AJUSTABLES > 1 1/2, DORMITORIO > MANTAS/FRAZADAS/ACOLCHADOS;;;;;;;69,900.00;;0.70;20.00;20.00;10.00;0;;;SI;NO;"<p>&iexcl;Renov&aacute; tu dormitorio con el Kit de 6 piezas New Bamb&uacute;! Este completo set de microfibra estampada y matelaseado sonic ofrece suavidad y dise&ntilde;o en cada detalle.</p>
<p><strong>Incluye cover, fundas de almohad&oacute;n y un juego de s&aacute;banas completo; adem&aacute;s, trae una funda de almohada de regalo para sumar confort.</strong></p>
<p>&nbsp;</p>
<p>Tama&ntilde;o:&nbsp;</p>
<p><strong>1 1/2 Plazas:</strong></p>
<p>- Cover (160x240 cm) color gris con lineas blancas + 1 Funda de almohadon haciendo juego (70x50 + 5 cm)</p>
<p>- Juego de sabanas 1 plaza y media: s&aacute;bana superior (150x240 cm) - s&aacute;bana ajustable (90x190x30 cm) - una funda de almohad&oacute;n haciendo juego (70x50cm) color blanca con lineas grises</p>
<p>- 1 Funda de almohadon lisa color gris (70x50cm)</p>
<p>&nbsp;</p>
<p>Ideal para quienes buscan comodidad, estilo y practicidad con un toque c&aacute;lido. Dale a tu espacio el cuidado que se merece, con calidad y facilidad de mantenimiento. &iexcl;Eleg&iacute; tu tama&ntilde;o y transform&aacute; tu descanso!</p>";;;;;SI;;;;;Visible
cortina-berlin-1nqxx;Juego Cortinas BERLIN 270x205cm AMPLIAS;LIVING > CORTINA DE AMBIENTE;;;;;;;57,900.00;;0.30;20.00;15.00;2.00;2;;;SI;NO;"<p>Eleg&iacute; la frescura y ligereza de las cortinas Berl&iacute;n de Jean Cartier: tejido s&iacute;mil gasa con cinta fruncidora y una medida extra amplia de 270x205 cm, perfectas para vestir tus ventanas con un estilo moderno y delicado.</p>
<p>&nbsp;</p>
<p><strong>Caracter&iacute;sticas principales</strong></p>
<p>Medida: 270 x 205 cm cada una (ANCHO X LARGO)</p>
<p>Incluye: Cinta fruncidora</p>
<p>Composici&oacute;n: 100% Microfibra Premium</p>
<p>Modelo: Berl&iacute;n</p>
<p>&nbsp;Color: Beige</p>
<p>&nbsp;</p>
<p><strong>Beneficios del producto</strong></p>
<p>Medida s&uacute;per amplia, ideal para ventanales grandes o espacios luminosos.</p>
<p>Tejido s&iacute;mil gasa, aporta frescura, movimiento y un look natural.</p>
<p>Versatilidad decorativa, combina con distintos estilos de ambiente</p>
<p>&nbsp;</p>";;;;;SI;;;;;Visible
cortina-berlin-e6wx7;Juego Cortinas BERLIN 270x205cm AMPLIAS;LIVING > CORTINA DE AMBIENTE;;;;;;;57,900.00;;0.30;20.00;20.00;2.00;2;;;SI;NO;"<p>Eleg&iacute; la frescura y ligereza de las cortinas Berl&iacute;n de Jean Cartier: tejido s&iacute;mil gasa con cinta fruncidora y una medida extra amplia de 270x205 cm, perfectas para vestir tus ventanas con un estilo moderno y delicado.</p>
<p>&nbsp;</p>
<p><strong>Caracter&iacute;sticas principales</strong></p>
<p>Medida: 270 x 205 cm cada una&nbsp; (ANCHO X LARGO)</p>
<p>Incluye: Cinta fruncidora</p>
<p>Composici&oacute;n: 100% Microfibra Premium</p>
<p>Modelo: Berl&iacute;n</p>
<p>&nbsp;Color: Gris</p>
<p>&nbsp;</p>
<p><strong>Beneficios del producto</strong></p>
<p>Medida s&uacute;per amplia, ideal para ventanales grandes o espacios luminosos.</p>
<p>Tejido s&iacute;mil gasa, aporta frescura, movimiento y un look natural.</p>
<p>Versatilidad decorativa, combina con distintos estilos de ambiente</p>
<p>&nbsp;</p>";;;;;SI;;;;;Visible
sabana-18af5;Sabana Lisa Beige Premium 2 1/2;DORMITORIO > SABANAS Y AJUSTABLES > 2 1/2 - Queen;;;;;;;34,900.00;;0.30;15.00;20.00;5.00;4;;;SI;NO;"<p>Viv&iacute; la suavidad extra de la calidad premium en un juego de s&aacute;banas lisas y pr&aacute;cticas, pensado para brindarte confort, frescura y un estilo simple que combina con cualquier dormitorio.</p>
<p>&nbsp;</p>
<p><strong>Caracter&iacute;sticas principales</strong></p>
<p>S&aacute;bana superior: 215 x 230 cm</p>
<p>2 Fundas de almohada: 73 x 50 cm</p>
<p>Colch&oacute;n compatible: 150 x 190 x 18 cm</p>
<p>Composici&oacute;n: Microfibra premium</p>
<p>Color: Vison.</p>
<p>&nbsp;</p>
<p>&nbsp;</p>
<p><strong>Beneficios del producto</strong></p>
<p>Tacto extra suave para un descanso m&aacute;s placentero.</p>
<p>Dise&ntilde;o liso y vers&aacute;til que combina con todo tipo de decoraci&oacute;n.</p>
<p>Durabilidad asegurada, conserva color y textura con el uso diario</p>
<p>&nbsp;</p>";;;;;SI;;;;;Visible
sabana-b8tit;Sabana Lisa Gris Premium 2 1/2;DORMITORIO > SABANAS Y AJUSTABLES > 2 1/2 - Queen;;;;;;;34,900.00;;0.40;15.00;20.00;5.00;4;;;SI;NO;"<p>Viv&iacute; la suavidad extra de la calidad premium en un juego de s&aacute;banas lisas y pr&aacute;cticas, pensado para brindarte confort, frescura y un estilo simple que combina con cualquier dormitorio.</p>
<p>&nbsp;</p>
<p><strong>Caracter&iacute;sticas principales</strong></p>
<p>S&aacute;bana superior: 215 x 230 cm</p>
<p>2 Fundas de almohada: 73 x 50 cm</p>
<p>Colch&oacute;n compatible: 150 x 190 x 18 cm</p>
<p>Composici&oacute;n: Microfibra premium</p>
<p>Color: Gris</p>
<p>&nbsp;</p>
<p>&nbsp;</p>
<p><strong>Beneficios del producto</strong></p>
<p>Tacto extra suave para un descanso m&aacute;s placentero.</p>
<p>Dise&ntilde;o liso y vers&aacute;til que combina con todo tipo de decoraci&oacute;n.</p>
<p>Durabilidad asegurada, conserva color y textura con el uso diario</p>
<p>&nbsp;</p>";;;;;SI;;;;;Visible
sabana-495es;Sabana 2 1/2 - Embozo bordado 600HQ;DORMITORIO > SABANAS Y AJUSTABLES > 2 1/2 - Queen;;;;;;;58,900.00;;0.40;15.00;20.00;5.00;2;;;SI;NO;"<p>Dale a tu dormitorio un toque de elegancia y suavidad con nuestro Juego de S&aacute;banas de Jean Cartier, dise&ntilde;ado con un hermoso embozo bordado que imita el efecto piel de durazno, brindando un confort inigualable.</p>
<p>&nbsp;</p>
<p><strong>Caracter&iacute;sticas del producto:</strong></p>
<p><strong>Medidas: 2 plazas y media</strong></p>
<p>S&aacute;bana superior: 230 x 230 cm</p>
<p>S&aacute;bana ajustable: 230 x 260 cm</p>
<p>Para colch&oacute;n: 160 x 190 x 25 cm</p>
<p>2 fundas de almohada: 50 x 75 cm</p>
<p>Composici&oacute;n: Microfibra Premium | Cotton touch</p>
<p>Color: Blanco</p>
<p>&nbsp;</p>
<p>&nbsp;</p>
<p><strong>Beneficios del producto:</strong></p>
<p>Confeccionado en tela suave y duradera para un descanso excepcional.</p>
<p>Embozo bordado que aporta un detalle sofisticado y elegante.</p>
<p>Dise&ntilde;ado para vestir camas con estilo y comodidad.</p>
<p>Calidad duradera que conserva color, forma y textura con el uso diario</p>
<p>&nbsp;</p>
<p>&nbsp;</p>
<p>Disfruta de la elegancia y comodidad del Juego de S&aacute;banas con Embozo Bordado de Jean Cartier. Convierte tu cama en un verdadero oasis de confort y estilo. &iexcl;No esperes m&aacute;s para mejorar tus noches!</p>";;;;;SI;;;;;Visible
sabana-xy43f;Sabana 2 1/2 - Embozo bordado 600HQ;DORMITORIO > SABANAS Y AJUSTABLES > 2 1/2 - Queen;;;;;;;58,900.00;;0.40;15.00;20.00;5.00;0;;;SI;NO;"<p>Dale a tu dormitorio un toque de elegancia y suavidad con nuestro Juego de S&aacute;banas de Jean Cartier, dise&ntilde;ado con un hermoso embozo bordado que imita el efecto piel de durazno, brindando un confort inigualable.</p>
<p>&nbsp;</p>
<p><strong>Caracter&iacute;sticas del producto:</strong></p>
<p><strong>Medidas: 2 plazas y media</strong></p>
<p>S&aacute;bana superior: 230 x 230 cm</p>
<p>S&aacute;bana ajustable: 230 x 260 cm</p>
<p>Para colch&oacute;n: 160 x 190 x 25 cm</p>
<p>2 fundas de almohada: 50 x 75 cm</p>
<p>Composici&oacute;n: Microfibra Premium | Cotton touch</p>
<p>Color: Vison suave.&nbsp;</p>
<p>&nbsp;</p>
<p>&nbsp;</p>
<p><strong>Beneficios del producto:</strong></p>
<p>Confeccionado en tela suave y duradera para un descanso excepcional.</p>
<p>Embozo bordado que aporta un detalle sofisticado y elegante.</p>
<p>Dise&ntilde;ado para vestir camas con estilo y comodidad.</p>
<p>Calidad duradera que conserva color, forma y textura con el uso diario</p>
<p>&nbsp;</p>
<p>&nbsp;</p>
<p>Disfruta de la elegancia y comodidad del Juego de S&aacute;banas con Embozo Bordado de Jean Cartier. Convierte tu cama en un verdadero oasis de confort y estilo. &iexcl;No esperes m&aacute;s para mejorar tus noches!</p>";;;;;SI;;;;;Visible
camino-mesa-1ahgp;Camino mesa TULUM beige 175x45cm;COCINA > CAMINO DE MESA;;;;;;;10,900.00;;0.10;20.00;15.00;2.00;0;;;SI;NO;"<p>Camino de mesa color crudo con lineas en beige.</p>
<p>&nbsp;</p>
<p>El camino de mesa en color crudo es la elecci&oacute;n ideal para quienes buscan un toque r&uacute;stico en su decoraci&oacute;n. Con medidas de 175x45cm, este camino est&aacute; confeccionado en 100% algod&oacute;n, lo que le otorga una textura suave y natural.</p>
<p>&nbsp;</p>
<p>Los flecos en las puntas a&ntilde;aden un detalle encantador y distintivo. Perfecto para embellecer tu mesa en ocasiones especiales o en el d&iacute;a a d&iacute;a, este camino combina funcionalidad y estilo.</p>
<p>&nbsp;</p>
<p>&iexcl;Incorpora este camino de mesa a tu hogar y transforma tu espacio!</p>";;;;;SI;;;;;Visible
indiv-1jxdt;Setx2 individuales rayados;COCINA > INDIVIDUALES;;;;;;;10,000.00;;0.10;10.00;10.00;2.00;6;;;SI;NO;"<p style=""margin-top: 20px; margin-bottom: 20px; padding: 0px; border: 0px; outline: 0px; vertical-align: baseline; max-width: 100%; font-family: Montserrat, sans-serif; font-size: 14px; background-color: #ffffff;"">Pack de individuales rayados X2 unidades confeccionados en tusor rayado premium, 100% algod&oacute;n.&nbsp;</p>
<p style=""margin-top: 20px; margin-bottom: 20px; padding: 0px; border: 0px; outline: 0px; vertical-align: baseline; max-width: 100%; font-family: Montserrat, sans-serif; font-size: 14px; background-color: #ffffff;"">Medidas: 40X60 cm</p>
<p style=""margin-top: 20px; margin-bottom: 20px; padding: 0px; border: 0px; outline: 0px; vertical-align: baseline; max-width: 100%; font-family: Montserrat, sans-serif; font-size: 14px; background-color: #ffffff;"">Color: Crudo con rayas en beige.</p>
<p style=""margin-top: 20px; margin-bottom: 20px; padding: 0px; border: 0px; outline: 0px; vertical-align: baseline; max-width: 100%; font-family: Montserrat, sans-serif; font-size: 14px; background-color: #ffffff;"">Como todo producto de algodon te recomendamos que se lave con agua fr&iacute;a o que la misma no supere los 30&ordm;C, el centrifugado sea lo mas bajo posible y su secado sea a la sombra.&nbsp;</p>";;;;;SI;;;;;Visible
utensilios-1nswj;Setx11 Utensilios + portautensilios MINI;;;;;;;;18,500.00;;0.00;0.00;0.00;0.00;1;;;NO;NO;;;;;;SI;;;;;Oculto
bandeja-1v7go;Bandeja PP Wheat 35cm;COCINA > BAZAR > BANDEJAS - BOWLS - TABLAS, VELAS Y ACCESORIOS > Portavelas y Bandejas;;;;;;;17,500.00;;0.10;2.00;35.00;2.00;1;;;SI;NO;"<p>La Bandeja Redonda (o l&iacute;nea PP Wheat) es la prueba de que se puede tener una mesa incre&iacute;ble y funcional al mismo tiempo. Fabricada en fibra de trigo (PP Wheat), es una opci&oacute;n ecofriendly, s&uacute;per resistente y liviana, ideal para el uso diario o para eventos especiales.</p>
<p>&nbsp;</p>
<p>Su acabado texturado y el borde dorado metalizado le dan ese toque de distinci&oacute;n que transforma una bandeja simple en un objeto de dise&ntilde;o. Es perfecta tanto para servir tragos y caf&eacute;, como para usarla de base decorativa con velas o floreros.</p>
<p>&nbsp;</p>
<p>&iquest;Por qu&eacute; la vas a amar?</p>
<p>Dise&ntilde;o Chic: El borde dorado resalta sobre el material org&aacute;nico, creando un contraste moderno y elegante.</p>
<p>Material Premium: Fabricada en PP Wheat, un material duradero, libre de BPA y m&aacute;s amigable con el medio ambiente.</p>
<p>Versatilidad Total: Usala para servir a tus invitados o como organizador en tu cocina, ba&ntilde;o o dormitorio.</p>
<p>&nbsp;</p>
<p>Especificaciones T&eacute;cnicas:</p>
<p>Medidas: 35 cm (di&aacute;metro) x 2 cm (alto).</p>
<p>Material: Fibra de trigo y polipropileno de alta calidad (PP Wheat).</p>
<p>Color: Tonos neutros con borde dorado.</p>
<p>Caracter&iacute;sticas: Liviana, resistente a ca&iacute;das y f&aacute;cil de limpiar.</p>";;;;;SI;;;;;Visible
trapo-piso-1t59q;Trapito BIENVENIDO 60x48cm;COCINA > REPASADORES, BAÑO > ALFOMBRAS PARA BAÑO, VARIOS > FELPUDOS - EXTERIOR;;;;;;;5,000.00;;0.05;10.00;10.00;2.00;4;;;SI;NO;"<p>rapo de piso 100% algod&oacute;n estampado, mide aproximadamente 60x48cm.</p>
<p>&nbsp;</p>
<p>Estampa realizado en proceso artesanal.&nbsp;</p>
<p>&nbsp;</p>
<p>Recomendamos lavar antes de su uso.&nbsp;</p>
<p>&nbsp;</p>
<p>&iquest;Como recomendamos lavar el trapito para que quede impecable para su uso? Llevar a lavaropas con agua fr&iacute;a ya que nuestro trapito es 100% algod&oacute;n y al usar agua caliente el mismo puede achicarse.</p>";;;;;SI;;;;;Visible
sabana-premium-king-600h-oxford-soft-s60eb;Sabana Premium King 600H Oxford Soft;DORMITORIO > SABANAS Y AJUSTABLES > King;;;;;;;76,500.00;;0.50;15.00;20.00;10.00;1;;;SI;NO;"<p>Juego de S&aacute;banas King 600h Embozo Premium Oxford Soft.</p>
<p>Dise&ntilde;ado para ofrecerte el m&aacute;ximo confort, este juego cuenta con un lujoso n&uacute;mero de hilos de 600 que proporciona una suavidad inigualable y un tacto similar al algod&oacute;n. La microfibra premium con la que est&aacute; confeccionado es hipoalerg&eacute;nica, ideal para quienes buscan un descanso respetuoso con la piel y el medio ambiente.</p>
<p>&nbsp;</p>
<p>Color: Gris.S</p>
<p>Su tama&ntilde;o King se adapta perfectamente a colchones de hasta 200 cm de ancho y 200 cm de largo, garantizando un ajuste preciso y c&oacute;modo.</p>
<p>&nbsp;</p>
<p>Las dimensiones generosas de la s&aacute;bana plana, con un ancho de 245 cm y un largo de 290 cm, permiten un sobresaliente despliegue, mientras que la s&aacute;bana ajustable se adapta a colchones de hasta 30 cm de altura. Incluye dos fundas de almohada de 50 cm por 90 cm, pensadas para ofrecer un conjunto arm&oacute;nico y estilizado.</p>
<p>&nbsp;</p>
<p>El cuidado de estas s&aacute;banas es sencillo, ya que son aptas para lavado y secado, y pueden ser planchadas para mantener su aspecto impecable. Mejora la calidad de tu sue&ntilde;o y la est&eacute;tica de tu habitaci&oacute;n con el Juego de S&aacute;banas King 600h Embozo Premium Oxford Soft.</p>";;;;;SI;;;;0.00;Visible
juego-cortina-simil-tusor-gris-medio-ctkko;Juego Cortina Simil tusor Gris medio;LIVING > CORTINA DE AMBIENTE;;;;;;;47,500.00;;0.30;20.00;15.00;5.00;3;;;SI;NO;"<p>Juego de Cortinas S&iacute;mil Tusor con Presillas Escondidas</p>
<p>Juego de cortinas de s&iacute;mil tusor, con un dise&ntilde;o elegante que presenta presillas escondidas en el reverso para una instalaci&oacute;n limpia y refinada.</p>
<p>&nbsp;</p>
<p><strong>Caracter&iacute;sticas principales:</strong></p>
<p>Medidas: 2 pa&ntilde;os de 135 x 210 cm.</p>
<p>Composici&oacute;n: 100% Microfibra Premium.</p>
<p>&nbsp;</p>
<p>&nbsp;</p>
<p><strong>Beneficios del producto:</strong></p>
<p>Instalaci&oacute;n discreta y sofisticada: Las presillas escondidas ofrecen un aspecto m&aacute;s pulido y sin ganchos visibles, lo que contribuye a un estilo moderno y minimalista.</p>
<p>Textura elegante: El s&iacute;mil tusor tiene un acabado de alta calidad, suave al tacto y perfecto para aportar una atm&oacute;sfera acogedora y elegante a cualquier espacio.</p>
<p>Composici&oacute;n premium: Fabricadas con microfibra premium, estas cortinas son resistentes y f&aacute;ciles de mantener, adem&aacute;s de ser ligeras y suaves.</p>";;;;;SI;;;;0.00;Visible
funda-almohadon-7ru7t;Funda almohadón Rayas grandes 45x45cm;LIVING > ALMOHADONES Y FUNDAS;Color;Gris;;;;;9,000.00;;0.05;10.00;10.00;2.00;1;;;SI;NO;"<p>Funda de almohad&oacute;n Rayas Grandes 45x45cm</p>
<p>&nbsp;</p>
<p>Esta funda de almohad&oacute;n combina estilo y funcionalidad con su dise&ntilde;o en tusor a rayas, ideal para renovar tus espacios.</p>
<p>&nbsp;</p>
<p>Su tama&ntilde;o de 45x45cm es perfecto para cualquier ambiente, mientras que su parte trasera en tela color crudo aporta un detalle sutil y elegante.</p>
<p>&nbsp;</p>
<p>Fabricada con materiales de calidad, es una opci&oacute;n duradera y f&aacute;cil de combinar. Dale un toque fresco y sofisticado a tu decoraci&oacute;n con esta funda pr&aacute;ctica y est&eacute;tica.</p>";;;;;SI;;;;0.00;Visible
funda-almohadon-7ru7t;;;Color;Verde;;;;;9,000.00;;0.05;10.00;10.00;2.00;1;;;;;;;;;;;;;;0.00;
cubiertos-10rnq;Setx16 Cubiertos GOLD;COCINA > BAZAR > CUBIERTOS - VAJILLA;;;;;;;49,900.00;;0.50;15.00;15.00;5.00;3;;;SI;NO;"<p>Set de 24 piezas cubiertos GOLD.</p>
<p>En color Dorado Mate, que aporta versatilidad y elegancia.</p>
<p>Su notable material de acero inoxidable hacen del set resistente y duradero.</p>
<p>Dise&ntilde;o de mango sofisticado y moderno.</p>
<p>&nbsp;</p>
<p>Caracter&iacute;sticas:</p>
<p>&nbsp;</p>
<p>Piezas: 16 unid.</p>
<p>&nbsp;</p>
<p>4 Tenedores 20cm</p>
<p>4 cuchillos 22cm</p>
<p>4 Cucharas soperas 20cm</p>
<p>4 Cucharas postre 15cm</p>
<p>&nbsp;</p>
<p>&nbsp;</p>
<p>Material: Acero Inoxidable</p>
<p>Apto lavavajillas: no</p>
<p>Origen:China</p>";;;;;SI;;;;;Visible
cubiertos-147b7;Setx24 Cubiertos BLACK;COCINA > BAZAR > CUBIERTOS - VAJILLA;;;;;;;64,900.00;;0.5;15.00;15.00;15.00;11;;;SI;NO;"<p><strong>Set de 24 piezas cubiertos BLACK.&nbsp;</strong></p>
<p>En color negro mate, que aporta versatilidad y elegancia.</p>
<p>Su notable material de acero inoxidable hacen del set resistente y duradero.</p>
<p>Dise&ntilde;o de mango sofisticado y moderno.</p>
<p>&nbsp;</p>
<p>&nbsp;</p>
<p>Caracter&iacute;sticas:</p>
<p>&nbsp;</p>
<p>Piezas: 24 unid.</p>
<p>6 Tenedores 20cm</p>
<p>6 cuchillos 22cm</p>
<p>6 Cucharas soperas 20cm</p>
<p>6 Cucharas postre 15cm</p>
<p>&nbsp;</p>
<p>Material: Acero Inoxidable</p>
<p>Apto lavavajillas: no</p>
<p>Origen:China</p>";;;;;SI;;;;;Visible
especiero-1f0sb;Setx3 Especieros Imantados;COCINA > BAZAR > FRASCOS, COCINA > BAZAR > ACEITEROS - SALEROS - AZUCARERAS - ESPECIEROS;;;;;;;16,500.00;;0.30;5.00;15.00;5.00;2;;;SI;NO;"<p>Set x 3 especieros dise&ntilde;o redondo con base de apoyo imantada.</p>
<p>Combinaci&oacute;n de metal y vidrio color gris con tapa giratoria para elegir las diferentes opciones de volcada.</p>
<p>&nbsp;</p>
<p>Caracter&iacute;sticas:</p>
<p>&nbsp;</p>
<p>Medida: 21x8x6 cm</p>
<p>Material: Acero Inoxidable</p>
<p>Apto lavavajillas: no</p>
<p>Apto microondas: no</p>
<p>Origen: China</p>";;;;;SI;;;;;Visible
bowl-h1qww;Bowl ESMERAY 15cm;COCINA > BAZAR > BANDEJAS - BOWLS - TABLAS;;;;;;;6,500.00;;0.30;5.00;10.00;10.00;5;;;SI;NO;"<p>BOWL ESMERAY 15cm</p>
<p>&nbsp;</p>
<p><strong>Caracter&iacute;sticas:</strong></p>
<p>Color Blanco con dibujo en gris.&nbsp;</p>
<p>Medida: 15 cm de di&aacute;metro</p>
<p>Material: cer&aacute;mica</p>
<p>Apto lavavajillas: si</p>
<p>Apto microondas: si</p>
<p>Origen: Turqu&iacute;a</p>";;;;;SI;;;;;Visible
bowl-vxg6k;Bowl TOZEUR gris 10cm;COCINA > BAZAR > BANDEJAS - BOWLS - TABLAS;;;;;;;6,500.00;;0.20;4.00;10.00;10.00;8;;;SI;NO;"<p>El mini bowl Tozeur color gris dots est&aacute; realizado en cer&aacute;mica de alta durabilidad.</p>
<p>Dise&ntilde;o de acabado r&uacute;stico y vers&aacute;til de bordes redondos en color natural.</p>
<p>Esta vajilla se adapta para ser combinada con otras l&iacute;neas gracias a su aspecto artesanal.</p>
<p>&nbsp;</p>
<p>Caracter&iacute;sticas:</p>
<p>. Color: Gris con betas negras, Borde natural&nbsp;</p>
<p>. Medidas: 4,5 x 10 cm de di&aacute;metro</p>
<p>. Capacidad: 200 ml</p>
<p>. Material: Cer&aacute;mica</p>
<p>. Apto lavavajillas: Si</p>
<p>. Apto microondas: Si</p>
<p>. L&iacute;nea de dise&ntilde;o: Tozeur</p>
<p>. Origen: T&uacute;nez</p>";;;;;SI;;;;;Visible
bowl-1a95s;Bowl CHENINI gris con borde natural 15cm;COCINA > BAZAR > BANDEJAS - BOWLS - TABLAS;;;;;;;8,500.00;;0.20;5.00;15.00;5.00;3;;;SI;NO;"<p>BOWL CHENINI GRIS CON BORDE NATURAL 15CM</p>
<p>Caracter&iacute;sticas:</p>
<p>&nbsp;</p>
<p>. Medidas: 6 x 15 cm de di&aacute;metro</p>
<p>. Material: Cer&aacute;mica</p>
<p>. Apto lavavajillas: Si</p>
<p>. Apto microondas: Si</p>
<p>. L&iacute;nea de dise&ntilde;o: Chenini Gris</p>
<p>. Origen: China</p>";;;;;SI;;;;;Visible
bowl-1bxtz;Ensaladera CHENINI gris con borde natural 26cm;COCINA > BAZAR > BANDEJAS - BOWLS - TABLAS;;;;;;;18,500.00;;0.50;5.00;20.00;5.00;4;;;SI;NO;"<p>ENSALADERA CHENINI GRIS CON BORDE NATURAL&nbsp;</p>
<p>&nbsp;</p>
<p>Caracter&iacute;sticas:<br /><br />. Medidas: 7 x 26 cm de di&aacute;metro<br />. Capacidad: 2400 ml<br />. Material: Cer&aacute;mica<br />. Apto lavavajillas: Si<br />. Apto microondas: Si<br />. L&iacute;nea de dise&ntilde;o: Chenini Gris<br />. Origen: China</p>";;;;;SI;;;;;Visible
bowl-5awlg;Bowl CARRARA 15x5cm;COCINA > BAZAR > BANDEJAS - BOWLS - TABLAS;;;;;;;9,200.00;;0.20;5.00;15.00;5.00;1;;;SI;NO;"<p>El Bowl Carrara es la pieza que le falta a tu mesa para lograr ese look sofisticado y moderno que tanto busc&aacute;s. Con un dise&ntilde;o inspirado en el m&aacute;rmol italiano, combina la pureza del blanco con sutiles vetas grises, creando una est&eacute;tica cl&aacute;sica pero totalmente renovada.</p>
<p>&nbsp;</p>
<p>Fabricado en cer&aacute;mica de alta calidad, este bowl no solo destaca por su belleza, sino tambi&eacute;n por su resistencia y versatilidad. Es el tama&ntilde;o ideal para tus desayunos, ensaladas individuales, sopas o para presentar snacks en una reuni&oacute;n con amigos.</p>
<p>&nbsp;</p>
<p><strong>Especificaciones T&eacute;cnicas:</strong></p>
<p>Medidas: 15 cm (di&aacute;metro) x 5 cm (alto).</p>
<p>Material: Cer&aacute;mica de primera calidad.</p>
<p>Color: Blanco con vetas grises (efecto m&aacute;rmol).</p>
<p>Ideal para: Cereales, ensaladas, postres o picadas.</p>
<p>&nbsp;</p>
<p>Tip de Estilo Deluar: Combin&aacute; este bowl con nuestros cubiertos dorados y un camino de mesa de gasa para crear una mesa de revista a un precio s&uacute;per accesible. ?</p>";;;;;SI;;;;;Visible
cesto-urgws;Setx3 Canastos bicolor fibras naturales;LIVING > YUTE - SEAGRASS;;;;;;;75,900.00;;0.30;20.00;15.00;15.00;1;;;SI;NO;"<p>Set x 3 canastas altas redondas bicolor de fibra natural simil mimbre.</p>
<p>&nbsp;</p>
<p>Medidas:</p>
<p>Chica: 21 x 20 cm.</p>
<p>Mediana: 25 x 24 cm.</p>
<p>Grande: 31 x 30 cm.</p>
<p>&nbsp;</p>";;;;;SI;;;;;Visible
cesto-mgdgy;Canasto Simil mimbre 3 Tamaños;LIVING > YUTE - SEAGRASS;Tamaño;CHICO;;;;;35,200.00;;0.00;0.00;0.00;0.00;0;;;SI;NO;"<p>Canastas decorativas simil mimbre con asas.</p>
<p>Material: Espada&ntilde;a</p>
<p>&nbsp;</p>
<p>Diferentes tama&ntilde;os</p>
<p>Medidas:</p>
<p>Grande: 38 x 35 x 26 Cm</p>
<p>&nbsp;</p>
<p>Mediana: 35 x 30 x 25 Cm</p>
<p>&nbsp;</p>
<p>Chica: 30 x 25 x 20 Cm</p>
<p>&nbsp;</p>";;;;;SI;;;;0.00;Visible
cesto-mgdgy;;;Tamaño;MEDIANO;;;;;45,600.00;;0.00;0.00;0.00;0.00;0;;;;;;;;;;;;;;0.00;
cesto-mgdgy;;;Tamaño;GRANDE;;;;;54,900.00;;0.00;0.00;0.00;0.00;2;;;;;;;;;;;;;;0.00;
cesto-j56xr;Setx3 canastos Tricolo Yute y algodon;LIVING > YUTE - SEAGRASS;;;;;;;39,900.00;;0.40;25.00;15.00;15.00;1;;;SI;NO;"<p>Set x 3 canastos altos tricolor de yute y algod&oacute;n.</p>
<p>&nbsp;</p>
<p>Medidas:</p>
<p>Chico: 15 x 15 cm.</p>
<p>Mediano: 17 x 18 cm.</p>
<p>Grande: 18 x 20 cm.</p>";;;;;SI;;;;;Visible
cestos-2vq52;Setx3 canastas bicolor simil mimbre;LIVING > YUTE - SEAGRASS;;;;;;;45,200.00;;0.20;10.00;15.00;15.00;3;;;SI;NO;"<p>Set x 3 canastas redondas bicolor de fibra natural simil mimbre con asas de cuerina.</p>
<p>&nbsp;</p>
<p>Medidas:</p>
<p>Chica: 15 x 7 cm.</p>
<p>Mediana: 21 x 10 cm.</p>
<p>Grande: 26 x 12 cm.</p>";;;;;SI;;;;;Visible
rociador-spray-3yp2w;Rociador spray 100ml;COCINA > BAZAR > ACEITEROS - SALEROS - AZUCARERAS - ESPECIEROS;;;;;;;5,900.00;;0.10;10.00;5.00;5.00;2;;;SI;NO;"<p><span style=""color: #060606; font-family: 'Nunito Sans', sans-serif; font-size: 14px; background-color: #ffffff;"">Rociador/spray de vidrio para aceite, vinagre.</span></p>
<p>Tapa color plateada.&nbsp;</p>
<p><br style=""box-sizing: border-box; color: #060606; font-family: 'Nunito Sans', sans-serif; font-size: 14px; background-color: #ffffff;"" /><em style=""box-sizing: border-box; color: #060606; font-family: 'Nunito Sans', sans-serif; font-size: 14px; background-color: #ffffff;"">Medidas:<br style=""box-sizing: border-box;"" />Alto: 17,5 cm.<br style=""box-sizing: border-box;"" />Di&aacute;metro: 4 cm.<br style=""box-sizing: border-box;"" />Capacidad: 100 ml.</em><br style=""box-sizing: border-box; color: #060606; font-family: 'Nunito Sans', sans-serif; font-size: 14px; background-color: #ffffff;"" /><br style=""box-sizing: border-box; color: #060606; font-family: 'Nunito Sans', sans-serif; font-size: 14px; background-color: #ffffff;"" /><span style=""color: #060606; font-family: 'Nunito Sans', sans-serif; font-size: 14px; background-color: #ffffff;"">En caja.</span></p>";aceite, DELUAR, rociador, vidrio, vinagre;Rociador spray 100ml para aceite y vinagre con tapa plateada;Rociador de vidrio 100ml ideal para aceite y vinagre. Tapa plateada elegante y práctico diseño. ¡Compra ahora y mejora tu cocina!;DELUAR;SI;;;;;Visible
setx2-aceitero-fa4na;Setx2 Aceitero Vidrio Labrado 500ML;COCINA > BAZAR > ACEITEROS - SALEROS - AZUCARERAS - ESPECIEROS;;;;;;;14,900.00;;0.30;15.00;10.00;5.00;1;;;SI;NO;"<p>Set Aceitero Vidrio Labrado 500ml con pico vertedor x2</p>
<p>Este set aceitero de vidrio labrado de 500ml es ideal para quienes buscan funcionalidad y estilo en la cocina.</p>
<p>Su dise&ntilde;o elegante y texturizado aporta un toque sofisticado, mientras que el pico vertedor facilita el uso, evitando derrames.</p>
<p>Medidas:</p>
<p>Alto total: 29,5 cm.</p>
<p>Ancho: 6,5 cm.</p>
<p>2 UNIDADES.&nbsp;</p>
<p>&nbsp;</p>
<p>Perfecto para almacenar aceites o vinagres, combina practicidad y est&eacute;tica en un solo producto. Un accesorio imprescindible para mantener tu mesa ordenada y con buen gusto.</p>";aceitero, cocina, funcional, set, vidrio;Set Aceitero Vidrio Labrado 500ml x2 con Pico Vertedor;Set de 2 aceiteros de vidrio labrado 500ml con pico vertedor. Elegancia y funcionalidad para tu cocina. ¡Compra ahora y ordena tu mesa!;DELUAR;SI;;;;;Visible
frasco-vidrio-3-tamanos-c8tkv;Frasco Vidrio Facetado 500cc;COCINA > BAZAR > FRASCOS, BLACK DELUAR;Tamaño;CHICO;;;;;7,200.00;;0.00;0.00;0.00;0.00;1;;;SI;NO;"<p>Frasco rayado de vidrio con tapa de aluminio color negro.</p>
<p>Diferentes tama&ntilde;os.&nbsp;</p>
<p>&nbsp;</p>
<p>Medidas: CHICO</p>
<p>Alto:9.5cm</p>
<p>Di&aacute;metro: 9,5 cm</p>
<p>Capacidad: 500 cc</p>
<p>&nbsp;</p>
<p>&nbsp;</p>
<p>&nbsp;</p>";;;;;SI;;;;0.00;Visible
vasos-x6-x0wha;Setx6 Vasos de vidrio 350cc;COCINA > BAZAR > VASOS - COPAS;;;;;;;16,900.00;;0.40;15.00;20.00;10.00;3;;;SI;NO;"<p>Pack x6 Vasos de vidrio transparente con relieve.&nbsp;</p>
<p>350 cc</p>
<p>&nbsp;</p>
<p>&nbsp;</p>
<p>Medidas:</p>
<p>Altura:13 cm.</p>
<p>Di&aacute;metro:7,5 cm.</p>
<p>Capacidad:350 cc.</p>";DELUAR, relieve, transparente, vasos, vidrio;Setx6 Vasos de vidrio 350cc con relieve transparente;Pack de 6 vasos de vidrio transparente con relieve, 350cc. Perfectos para cualquier ocasión. ¡Compra ahora!;DELUAR;SI;;;;;Visible
escobilla-cc7v4;Escobilla PVC con mango metal;BAÑO > CESTOS PARA BAÑO ;;;;;;;8,500.00;;0.10;25.00;5.00;5.00;6;;;SI;NO;"<p>Escobilla de PVC con mango de metal con vaso pl&aacute;stico.</p>
<p>Color blanco</p>
<p>&nbsp;</p>
<p>Medidas:</p>
<p>Largo: 22 cm</p>
<p>Dep&oacute;sito: 13 x 12 cm</p>";blanco, DELUAR, escobilla, metal, PVC;Escobilla PVC con mango metal blanca y vaso plástico;Escobilla de PVC con mango metálico y vaso plástico blanco, ideal para limpieza efectiva. Compra ahora y mantén tu baño impecable.;DELUAR;SI;;;;;Visible
escobilla-x19sq;Escobilla de Acero inoxidable negro facetado;BAÑO > CESTOS PARA BAÑO ;;;;;;;17,500.00;;0.30;15.00;10.00;10.00;0;;;SI;NO;"<div class=""recomendadosrow row"" style=""box-sizing: border-box; margin-right: -15px; margin-left: -15px; padding-left: 15px; padding-right: 15px; color: #060606; font-family: 'Nunito Sans', sans-serif; font-size: 14px; font-style: normal; font-variant-ligatures: normal; font-variant-caps: normal; font-weight: 300; letter-spacing: normal; orphans: 2; text-align: start; text-indent: 0px; text-transform: none; widows: 2; word-spacing: 0px; -webkit-text-stroke-width: 0px; white-space: normal; background-color: #ffffff; text-decoration-thickness: initial; text-decoration-style: initial; text-decoration-color: initial;"">&nbsp;</div>
<div id=""detalle"" class=""row"" style=""box-sizing: border-box; margin-right: -15px; margin-left: -15px; color: #060606; font-family: 'Nunito Sans', sans-serif; font-size: 14px; font-style: normal; font-variant-ligatures: normal; font-variant-caps: normal; font-weight: 300; letter-spacing: normal; orphans: 2; text-align: start; text-indent: 0px; text-transform: none; widows: 2; word-spacing: 0px; -webkit-text-stroke-width: 0px; white-space: normal; background-color: #ffffff; text-decoration-thickness: initial; text-decoration-style: initial; text-decoration-color: initial;"">
<div class=""product-tab col-md-12 clearfix"" style=""box-sizing: border-box; position: relative; min-height: 1px; padding-right: 15px; padding-left: 15px; float: none; width: 1170px; clear: both; display: inline-block;"">
<div class=""tab-content"" style=""box-sizing: border-box;"">
<div id=""Descripci&oacute;n"" class=""tab-pane active"" style=""box-sizing: border-box; display: block;"">Escobilla de acero inoxidable facetado con vaso interior pl&aacute;stico.<br style=""box-sizing: border-box;"" /><strong style=""box-sizing: border-box; font-weight: bold;"">Color: Negro</strong><br style=""box-sizing: border-box;"" /><br style=""box-sizing: border-box;"" /><em style=""box-sizing: border-box;"">Medidas:<br style=""box-sizing: border-box;"" />Alto: 28 cm<br style=""box-sizing: border-box;"" />Di&aacute;metro: 9,5 cm<br style=""box-sizing: border-box;"" />Alto total: 39,5 cm</em></div>
</div>
</div>
</div>";acero, baño, escobilla, inoxidable, negro;Escobilla acero inoxidable negro facetado elegante y durable;Escobilla negra de acero inoxidable facetado con vaso plástico interior. Diseño moderno y resistente. ¡Ideal para baño! Compra ahora.;DELUAR;SI;;;;;Visible
tacho-residuo-gf84q;Tacho residuos 5L Negro facetado;BAÑO > CESTOS PARA BAÑO ;;;;;;;38,900.00;;0.50;20.00;15.00;15.00;0;;;SI;NO;"<p>Cesto de residuos redondo de acero inoxidable facetado, con pedal y cierre soft.</p>
<p>Incluye balde interno de plastico. 5 lts</p>
<p>&nbsp;</p>
<p>Color: Negro</p>
<p>&nbsp;</p>
<p>Medidas:</p>
<p>Alto total: 43 cm.</p>
<p>Alto: 25,5 cm.</p>
<p>Di&aacute;metro: 20,5 cm.</p>
<p>Ancho de pedal: 6,8 cm.</p>
<p>Capacidad: 5 lts.</p>";acero, DELUAR, negro, residuos, tacho;Tacho residuos 5L negro facetado con pedal y cierre soft;Cesto de residuos negro de acero inoxidable 5L con pedal y cierre suave. Incluye balde plástico. Ideal para mantener limpio tu hogar.;DELUAR;SI;;;;;Visible
combo-2oc3s;Combo Tacho Residuo 3L +Escobilla Acero Inox;BAÑO > CESTOS PARA BAÑO ;;;;;;;32,500.00;;0.80;20.00;25.00;15.00;0;;;SI;NO;"<p>Descubr&iacute; el&nbsp;<strong>Combo Tacho Residuo 3L con pedal + Escobilla de Acero Inox</strong>&nbsp;ideal para mantener tus espacios limpios y organizados.</p>
<p>El tacho de 3 litros cuenta con un pr&aacute;ctico pedal que facilita su uso sin contacto manual, promoviendo la higiene.</p>
<p>La escobilla combina un cabezal de pl&aacute;stico resistente con un asa de acero inoxidable, asegurando durabilidad y eficiencia en la limpieza. Un conjunto funcional y duradero, perfecto para el hogar o la oficina.</p>";;;;;SI;;;;;Visible
taza-motivacional-gh79z;Taza motivacional;COCINA > BAZAR > TAZAS Y PLATITOS, COMBOS PARA REGALAR, BLACK DELUAR;Modelo;CREE EN TI;;;;;9,300.00;;0.20;10.00;5.00;5.00;1;;;SI;NO;"<p><strong>Taza motivacional en cer&aacute;mica color jaspeado beige</strong></p>
<p>Disfrut&aacute; de cada sorbo con esta taza de cer&aacute;mica de alta calidad, dise&ntilde;ada en un elegante tono jaspeado beige. Disponible en diferentes modelos, cada una con frases motivacionales para inspirarte d&iacute;a a d&iacute;a.</p>
<p><strong>Medidas:</strong> 8 x 9 cm, ideal para caf&eacute;, t&eacute; o cualquier bebida caliente. Una opci&oacute;n perfecta para regalar o para tu uso personal, combinando estilo y motivaci&oacute;n en un solo producto.</p>";ceramica, DELUAR, jaspeada, motivacional, taza;Taza motivacional de cerámica jaspeada beige elegante;Disfrutá cada sorbo con esta taza motivacional de cerámica jaspeada beige. Ideal para café o té. Inspirate cada día. ¡Comprala ya!;DELUAR;SI;;;;;Visible
taza-motivacional-gh79z;;;Modelo;TU PODER;;;;;9,300.00;;0.20;10.00;5.00;5.00;1;;;;;;;;;;;;;;;
taza-motivacional-gh79z;;;Modelo;BONITA;;;;;9,300.00;;0.20;10.00;5.00;5.00;1;;;;;;;;;;;;;;;
reloj-de-pared-25cm-ulrwj;Reloj de Pared 25cm;LIVING > DECO - FLOREROS;;;;;;;23,900.00;;0.20;25.00;25.00;2.00;1;;;SI;NO;"<p><strong>Reloj para colgar en MDF color Gaud&iacute;, medidas 25cm de diametro</strong></p>
<p>Este reloj es ideal para colgar en la pared, aportando funcionalidad y estilo a cualquier espacio. Fabricado en material MDF con un acabado en color Gaud&iacute;, combina durabilidad y dise&ntilde;o moderno.</p>
<p><em>Importante:</em>&nbsp;El reloj no incluye pila, por lo que debe adquirirse por separado. Una opci&oacute;n pr&aacute;ctica y decorativa para mantener la hora siempre visible.</p>";decoracion, funcional, MDF, pared, reloj;Reloj de Pared 25cm en MDF color Gaudí moderno;Reloj de pared 25cm en MDF color Gaudí, funcional y decorativo. Ideal para cualquier espacio. Compra ya y da estilo a tu hogar.;DELUAR;SI;;;;;Visible
reloj-square-15x12cm-c85u8;Reloj SQUARE 15x12cm;LIVING > DECO - FLOREROS;;;;;;;17,900.00;;0.20;15.00;10.00;2.00;5;;;SI;NO;"<p><strong>Reloj para apoyar en MDF color Gaud&iacute;, medidas 15x12 cm</strong></p>
<p>Este reloj es ideal para colocar sobre escritorios o estantes, aportando funcionalidad y estilo a cualquier espacio. Fabricado en material MDF con un acabado en color Gaud&iacute;, combina durabilidad y dise&ntilde;o moderno.</p>
<p><em>Importante:</em>&nbsp;El reloj no incluye pila, por lo que debe adquirirse por separado. Una opci&oacute;n pr&aacute;ctica y decorativa para mantener la hora siempre visible.</p>";decoracion, DELUAR, escritorio, MDF, reloj;Reloj SQUARE MDF 15x12cm color Gaudí funcional y moderno;Reloj SQUARE 15x12cm en MDF color Gaudí, ideal para escritorio. Diseño moderno y duradero. Compra ahora y añade estilo a tu espacio.;DELUAR;SI;;;;;Visible
tacho-5l-escobilla-blanco-bchzo;Tacho 5L + escobilla blanco;BAÑO > CESTOS PARA BAÑO ;;;;;;;45,500.00;;0.50;30.00;30.00;30.00;0;;;SI;NO;"<p><strong>Tacho 5L + escobilla: la soluci&oacute;n perfecta para tu hogar</strong></p>
<p><strong>Medidas:&nbsp;</strong></p>
<p><strong>Tacho </strong></p>
<p><strong>28 cm alto - 20cm di&aacute;metro&nbsp;</strong></p>
<p><strong>Escobilla </strong></p>
<p><strong>27cm alto - 10cm di&aacute;metro </strong></p>
<p>Descubre la funcionalidad del <strong>Tacho 5L + escobilla</strong> en color blanco. Fabricado en <strong>acero</strong> resistente, este tacho cuenta con un <strong>recipiente interior desmontable con manija</strong>, lo que facilita su limpieza y manejo. Su <strong>pedal con base de goma</strong> asegura un uso c&oacute;modo y seguro, mientras que la <strong>escobilla de fibra</strong> incluida garantiza una limpieza eficaz.</p>
<p>&iexcl;Mejora la organizaci&oacute;n de tu espacio y adquiere este pr&aacute;ctico conjunto hoy mismo!</p>";;;;;SI;;;;;Visible
funda-almohadon-40x40cm-fxhk2;Funda almohadon 40x40cm;LIVING > ALMOHADONES Y FUNDAS;Color;Arena;;;;;7,100.00;;0.05;10.00;10.00;1.00;4;;;SI;NO;"<p>Funda Almohad&oacute;n Tusor Cuadrado</p>
<p>Una funda elegante y resistente, perfecta para darle un toque sofisticado a tu espacio. Ideal para combinar con otros textiles y transformar tu decoraci&oacute;n con estilo.</p>
<p>&nbsp;</p>
<p><strong>&nbsp;Caracter&iacute;sticas principales:</strong></p>
<p>Medidas: 40 x 40 cm (+5 cm de borde)</p>
<p>Composici&oacute;n: Microfibra premium</p>
<p>&nbsp;</p>
<p><strong>Beneficios del producto:</strong></p>
<p>Estilo elegante: El dise&ntilde;o en s&iacute;mil tusor ofrece una textura suave y sofisticada.</p>
<p>Durabilidad: Hecha con materiales de alta calidad que aseguran una larga vida &uacute;til.</p>
<p>Comodidad y frescura: Proporciona una excelente opci&oacute;n para quienes buscan un toque c&oacute;modo y fresco en sus almohadones.</p>
<p>&nbsp;</p>
<p>&nbsp;</p>";almohadon, DELUAR, elegante, funda, microfibra;Funda Almohadón 40x40cm Tusor Elegante y Resistente;Funda almohadón 40x40cm en microfibra premium, diseño símil tusor para un toque sofisticado y duradero. Renová tu decoración con estilo. ¡Comprala ya!;DELUAR;SI;;;;;Visible
funda-almohadon-40x40cm-fxhk2;;;Color;Gris Claro;;;;;7,100.00;;0.05;10.00;10.00;1.00;1;;;;;;;;;;;;;;;
funda-almohadon-40x40cm-fxhk2;;;Color;Gris Oscuro;;;;;7,100.00;;0.05;10.00;10.00;1.00;5;;;;;;;;;;;;;;;
funda-almohadon-40x40cm-fxhk2;;;Color;Visón;;;;;7,100.00;;0.05;10.00;10.00;1.00;0;;;;;;;;;;;;;;;
mantel-simil-tusor-200x130cm-4mpzo;MANTEL SIMIL TUSOR 200X130CM;COCINA > MANTELES;;;;;;;24,500.00;;0.20;15.00;15.00;2.00;0;;;SI;NO;"<p>Mantel de Ambiente 130x200 cm</p>
<p>&nbsp;</p>
<p>El Mantel de Ambiente S&iacute;mil Tusor es la opci&oacute;n ideal para quienes buscan estilo y durabilidad. Con su acabado s&iacute;mil tusor, este mantel aporta una textura &uacute;nica y sofisticada que transformar&aacute; tu espacio, mientras que su microfibra premium asegura f&aacute;cil mantenimiento y resistencia para el uso diario.</p>
<p>&nbsp;</p>
<p>Caracter&iacute;sticas principales:</p>
<p>Color: Vison</p>
<p>Medidas: 130 x 200 cm</p>
<p>Composici&oacute;n: 100% microfibra premium</p>
<p>&nbsp;</p>
<p><strong>Beneficios del producto:</strong></p>
<p>Resistente y f&aacute;cil de cuidar: Ideal para el uso diario, con f&aacute;cil mantenimiento.</p>
<p>Textura sofisticada que agrega un toque de lujo a tu hogar.</p>
<p>Estilo vers&aacute;til que se adapta a diversas decoraciones y ocasiones.</p>
<p>&nbsp;</p>
<p>&nbsp;</p>";;;;;SI;;;;;Visible
pillow-220x90cm-g448b;PILLOW 220X90CM;LIVING > MANTAS;Color;Gris;;;;;43,500.00;;0.30;20.00;5.00;5.00;1;;;SI;NO;"<p>Pillow Cobertor de Sill&oacute;n 220x90 cm</p>
<p>&nbsp;</p>
<p>El Cobertor de sill&oacute;n Pillow ofrece una soluci&oacute;n pr&aacute;ctica y elegante para proteger y decorar tus muebles, proporcionando un toque de confort y sofisticaci&oacute;n.</p>
<p>&nbsp;</p>
<p><strong>Caracter&iacute;sticas principales:</strong></p>
<p>Medidas: 220 x 90 cm.</p>
<p>Composici&oacute;n externa: 100% Microfibra Premium.</p>
<p>Relleno: 100% Microfibra Premium.</p>
<p>&nbsp;</p>
<p><strong>Beneficios del producto:</strong></p>
<p>Estilo y protecci&oacute;n: Protege tu sill&oacute;n de manchas, polvo y desgaste, mientras realza su apariencia con un dise&ntilde;o moderno y elegante.</p>
<p>Materiales de calidad: Elaborado con microfibra premium, suave al tacto, resistente y f&aacute;cil de limpiar.</p>
<p>Mayor confort: El relleno de microfibra a&ntilde;ade una capa acolchada que mejora la experiencia de uso.</p>
<p>&nbsp;</p>";acolchado, cobertor, DELUAR, microfibra, sillon;Pillow Cobertor de Sillón 220x90 cm Microfibra Premium;Protege y decora tu sillón con el cobertor Pillow 220x90 cm, suave y acolchado de microfibra premium. ¡Compra ahora y disfruta confort y estilo!;DELUAR;SI;;;;;Visible
pillow-180x90cm-1e5gq;PILLOW 180x90cm;LIVING > MANTAS;Color;Gris;;;;;35,900.00;;0.30;20.00;5.00;5.00;0;;;SI;NO;"<p>Pillow Cobertor de Sill&oacute;n 180x90 cm</p>
<p>&nbsp;</p>
<p>El Cobertor de sill&oacute;n Pillow ofrece una soluci&oacute;n pr&aacute;ctica y elegante para proteger y decorar tus muebles, proporcionando un toque de confort y sofisticaci&oacute;n.</p>
<p>&nbsp;</p>
<p><strong>Caracter&iacute;sticas principales:</strong></p>
<p>Medidas: 180 x 90 cm.</p>
<p>Composici&oacute;n externa: 100% Microfibra Premium.</p>
<p>Relleno: 100% Microfibra Premium.</p>
<p>&nbsp;</p>
<p><strong>Beneficios del producto:</strong></p>
<p>Estilo y protecci&oacute;n: Protege tu sill&oacute;n de manchas, polvo y desgaste, mientras realza su apariencia con un dise&ntilde;o moderno y elegante.</p>
<p>Materiales de calidad: Elaborado con microfibra premium, suave al tacto, resistente y f&aacute;cil de limpiar.</p>
<p>Mayor confort: El relleno de microfibra a&ntilde;ade una capa acolchada que mejora la experiencia de uso.</p>
<p>&nbsp;</p>
<p>&nbsp;</p>";acolchado, cobertor, DELUAR, microfibra, sillon;Pillow Cobertor de Sillón 180x90cm Microfibra Premium;Cobertor Pillow 180x90cm con microfibra premium, protege y decora tu sillón con confort y estilo. ¡Compra ahora y dale vida a tu mueble!;DELUAR;SI;;;;;Visible
pillow-180x90cm-1e5gq;;;Color;Beige;;;;;35,900.00;;0.30;20.00;5.00;5.00;1;;;;;;;;;;;;;;;
mantel-simil-lino-250x150cm-f3u28;MANTEL SIMIL LINO 250X150CM;COCINA > MANTELES;;;;;;;31,800.00;;0.15;20.00;15.00;2.00;2;;;SI;NO;"<p>Su tejido panam&aacute; estampado realza la decoraci&oacute;n, mientras que la microfibra premium repelente de l&iacute;quidos asegura practicidad y f&aacute;cil limpieza en cada ocasi&oacute;n.</p>
<p>&nbsp;</p>
<p>Caracter&iacute;sticas principales</p>
<p>Color: Gris.</p>
<p>Medida: 150 x 250 cm</p>
<p>Composici&oacute;n: Microfibra Premium</p>
<p>Dise&ntilde;o: Panam&aacute; estampado</p>
<p>&nbsp;</p>
<p><strong>Beneficios del producto</strong></p>
<p>Protecci&oacute;n pr&aacute;ctica, repele l&iacute;quidos y manchas accidentales.</p>
<p>Dise&ntilde;o elegante y moderno, ideal para realzar tu mesa.</p>
<p>Calidad premium, suave al tacto y de alta durabilidad.</p>
<p>&nbsp;</p>";;;;;SI;;;;;Visible
mantel-simil-lino-250x150cm-21fd8;MANTEL SIMIL LINO 250X150CM;COCINA > MANTELES;;;;;;;31,800.00;;0.15;20.00;15.00;2.00;1;;;SI;NO;"<p>Transform&aacute; tu mesa con el mantel Simil Lino. Su tejido panam&aacute; estampado realza la decoraci&oacute;n, mientras que la microfibra premium repelente de l&iacute;quidos asegura practicidad y f&aacute;cil limpieza en cada ocasi&oacute;n.</p>
<p>&nbsp;</p>
<p>Caracter&iacute;sticas principales</p>
<p>Medida: 150 x 250 cm</p>
<p>Composici&oacute;n: Microfibra Premium</p>
<p>Dise&ntilde;o: Panam&aacute; estampado</p>
<p>&nbsp;</p>
<p><strong>Beneficios del producto</strong></p>
<p>Protecci&oacute;n pr&aacute;ctica, repele l&iacute;quidos y manchas accidentales.</p>
<p>Dise&ntilde;o elegante y moderno, ideal para realzar tu mesa.</p>
<p>Calidad premium, suave al tacto y de alta durabilidad.</p>
<p>&nbsp;</p>";;;;;SI;;;;;Visible
mantel-simil-tusor-300x130cm-rjg5t;MANTEL SIMIL TUSOR 300X130CM;COCINA > MANTELES;;;;;;;30,900.00;;0.20;15.00;15.00;2.00;3;;;SI;NO;"<p>Mantel de Ambiente 130x300 cm</p>
<p>El Mantel de Ambiente S&iacute;mil Tusor es la opci&oacute;n ideal para quienes buscan estilo y durabilidad. Con su acabado s&iacute;mil tusor, este mantel aporta una textura &uacute;nica y sofisticada que transformar&aacute; tu espacio, mientras que su microfibra premium asegura f&aacute;cil mantenimiento y resistencia para el uso diario.</p>
<p>&nbsp;</p>
<p><strong>Caracter&iacute;sticas principales:</strong></p>
<p>Color: beige</p>
<p>Medidas: 130 x 300 cm</p>
<p>Composici&oacute;n: 100% microfibra premium</p>
<p>&nbsp;</p>
<p><strong>Beneficios del producto:</strong></p>
<p>Resistente y f&aacute;cil de cuidar: Ideal para el uso diario, con f&aacute;cil mantenimiento.</p>
<p>Textura sofisticada que agrega un toque de lujo a tu hogar.</p>
<p>Estilo vers&aacute;til que se adapta a diversas decoraciones y ocasiones.</p>
<p>&nbsp;</p>
<p>&nbsp;</p>";;;;;SI;;;;;Visible
mantel-simil-tusor-200x130cm-1eumx;MANTEL SIMIL TUSOR 200X130CM;COCINA > MANTELES;;;;;;;24,500.00;;0.20;15.00;15.00;2.00;4;;;SI;NO;"<p>El Mantel de Ambiente S&iacute;mil Tusor es la opci&oacute;n ideal para quienes buscan estilo y durabilidad. Con su acabado s&iacute;mil tusor, este mantel aporta una textura &uacute;nica y sofisticada que transformar&aacute; tu espacio, mientras que su microfibra premium asegura f&aacute;cil mantenimiento y resistencia para el uso diario.</p>
<p>&nbsp;</p>
<p>&nbsp;</p>
<p>Caracter&iacute;sticas principales:</p>
<p>Color: Gris.</p>
<p>Medidas: 130 x 200 cm</p>
<p>Composici&oacute;n: 100% microfibra premium</p>
<p>&nbsp;</p>
<p><strong>Beneficios del producto:</strong></p>
<p>Resistente y f&aacute;cil de cuidar: Ideal para el uso diario, con f&aacute;cil mantenimiento.</p>
<p>Textura sofisticada que agrega un toque de lujo a tu hogar.</p>
<p>Estilo vers&aacute;til que se adapta a diversas decoraciones y ocasiones.</p>
<p>&nbsp;</p>";;;;;SI;;;;;Visible
mantel-simil-tusor-200x130cm-wgks4;MANTEL SIMIL TUSOR 200X130CM;COCINA > MANTELES;;;;;;;24,500.00;;0.20;15.00;15.00;2.00;0;;;SI;NO;"<p>Mantel de Ambiente 130x200 cm</p>
<p>&nbsp;</p>
<p>El Mantel de Ambiente S&iacute;mil Tusor es la opci&oacute;n ideal para quienes buscan estilo y durabilidad. Con su acabado s&iacute;mil tusor, este mantel aporta una textura &uacute;nica y sofisticada que transformar&aacute; tu espacio, mientras que su microfibra premium asegura f&aacute;cil mantenimiento y resistencia para el uso diario.</p>
<p>&nbsp;</p>
<p>Caracter&iacute;sticas principales:</p>
<p>Color: Beige</p>
<p>Medidas: 130 x 200 cm</p>
<p>Composici&oacute;n: 100% microfibra premium</p>
<p>&nbsp;</p>
<p><strong>Beneficios del producto:</strong></p>
<p>Resistente y f&aacute;cil de cuidar: Ideal para el uso diario, con f&aacute;cil mantenimiento.</p>
<p>Textura sofisticada que agrega un toque de lujo a tu hogar.</p>
<p>Estilo vers&aacute;til que se adapta a diversas decoraciones y ocasiones.</p>
<p>&nbsp;</p>
<p>&nbsp;</p>";;;;;SI;;;;;Visible
toallita-wave-bz6sh;TOALLITA WAVE 30x45cm;BAÑO > TOALLAS, BAÑO > ARTICULOS PARA BAÑO;Color;Azul;;;;;4,500.00;;0.20;15.00;15.00;2.00;0;;;SI;NO;"<p>Toallita de Visita Lisa con Guarda&nbsp;</p>
<p>Disfruta de la elegancia y suavidad de la Toallita de Visita Lisa con Guarda, ideal para sorprender a tus invitados.</p>
<p>&nbsp;</p>
<p><strong>Caracter&iacute;sticas Principales:</strong></p>
<p>Material: <strong>100% Algod&oacute;n</strong> de alta calidad, suave y absorbente.</p>
<p>Peso: 500 grs/m&sup2;, proporcionando m&aacute;xima absorci&oacute;n y confort.</p>
<p>Medidas: <strong>30 x 45 cm, </strong>perfecta para uso diario o como detalle decorativo para tus visitas.</p>
<p>Dise&ntilde;o: Liso con guarda de estilo Wave, que a&ntilde;ade un toque moderno y elegante.</p>
<p>Color: Azul o celeste&nbsp;</p>
<p>&nbsp;</p>
<p><strong>Beneficios del Producto:</strong></p>
<p>Suavidad y confort: Hecha con algod&oacute;n puro que brinda una experiencia suave y c&oacute;moda al tacto.</p>
<p>Absorci&oacute;n eficiente: Su peso elevado garantiza una excelente absorci&oacute;n, ideal para uso frecuente.</p>
<p>Dise&ntilde;o decorativo: La guarda con dise&ntilde;o Wave aporta un estilo sofisticado que realza cualquier ba&ntilde;o o tocador.</p>
<p>&nbsp;</p>
<p>&nbsp;</p>
<p>&nbsp;</p>
<p>&nbsp;</p>";absorbente, algodón, decoración, DELUAR, toallita;Toallita Wave 30x45cm de Algodón Suave y Absorbente;Toallita de visita 30x45 cm en algodón 100%, suave y con diseño Wave. Ideal para sorprender a tus invitados con elegancia. ¡Compra ya!;DELUAR;SI;;;;;Visible
toallita-wave-bz6sh;;;Color;Celeste;;;;;4,500.00;;0.20;15.00;15.00;2.00;0;;;;;;;;;;;;;;;
acolchado-4-estaciones-gris-d37oe;ACOLCHADO 4 ESTACIONES GRIS;DORMITORIO > MANTAS/FRAZADAS/ACOLCHADOS;Tamaño;TWIN;;;;;58,900.00;;0.80;30.00;30.00;10.00;1;;;SI;NO;"<p>Acolchado Cobertor | Matelaseada de Alta Calidad</p>
<p>&nbsp;</p>
<p>El Acolchado 4 Estaciones es la opci&oacute;n ideal para acompa&ntilde;arte todo el a&ntilde;o. Confecci&oacute;n de primera calidad y dise&ntilde;o matelaseado, brinda suavidad, confort y practicidad en una sola pieza. Perfecto para renovar tu cama con estilo y calidez.</p>
<p>&nbsp;</p>
<p><strong>Caracter&iacute;sticas Principales:</strong></p>
<p>1 PLAZA 1/2</p>
<p>Medida: 160 x 240 cm</p>
<p>&nbsp;</p>
<p>FULL (QUEEN - 2 PLAZAS 1/2)</p>
<p>Medida: 220 x 240 cm</p>
<p>&nbsp;</p>
<p>KING&nbsp;</p>
<p>Medida: 280 x 250 cm</p>
<p>Composici&oacute;n: Microfibra Premium</p>
<p>&nbsp;</p>
<p><strong>Beneficios del Producto:</strong></p>
<p>Confort asegurado: textura suave que ofrece descanso placentero.</p>
<p>Estilo moderno: su dise&ntilde;o sobrio y elegante realza tu dormitorio.</p>
<p>&nbsp;</p>
<p>&nbsp;</p>";acolchado, confort, DELUAR, dormitorio, microfibra;Acolchado 4 Estaciones Gris - Confort y Estilo Todo el Año;Disfrutá del acolchado 4 estaciones gris, con microfibra premium y diseño matelaseado para máxima suavidad y calidez. Renová tu cama hoy.;DELUAR;SI;;;;;Visible
acolchado-4-estaciones-gris-d37oe;;;Tamaño;FULL (Queen/2 plazas);;;;;69,900.00;;0.80;30.00;30.00;10.00;0;;;;;;;;;;;;;;;
acolchado-4-estaciones-gris-d37oe;;;Tamaño;KING;;;;;87,500.00;;0.80;30.00;30.00;10.00;1;;;;;;;;;;;;;;;
acolchado-4-estaciones-blanco-6kqzr;ACOLCHADO 4 ESTACIONES 1 1/2 y 2 1/2;DORMITORIO > MANTAS/FRAZADAS/ACOLCHADOS;Tamaño;TWIN;;;;;58,900.00;;0.80;30.00;30.00;10.00;2;;;SI;NO;"<p>Acolchado Cobertor | Matelaseada de Alta Calidad</p>
<p>&nbsp;</p>
<p>El Acolchado 4 Estaciones es la opci&oacute;n ideal para acompa&ntilde;arte todo el a&ntilde;o. Confecci&oacute;n de primera calidad y dise&ntilde;o matelaseado, brinda suavidad, confort y practicidad en una sola pieza. Perfecto para renovar tu cama con estilo y calidez.</p>
<p>&nbsp;</p>
<p><strong>Caracter&iacute;sticas Principales:</strong></p>
<p>1 PLAZA 1/2</p>
<p>Medida: 160 x 240 cm</p>
<p>&nbsp;</p>
<p>FULL (QUEEN - 2 PLAZAS 1/2)</p>
<p>Medida: 220 x 240 cm</p>
<p>&nbsp;</p>
<p>KING&nbsp;</p>
<p>Medida: 280 x 250 cm</p>
<p>Composici&oacute;n: Microfibra Premium</p>
<p>&nbsp;</p>
<p><strong>Beneficios del Producto:</strong></p>
<p>Confort asegurado: textura suave que ofrece descanso placentero.</p>
<p>Estilo moderno: su dise&ntilde;o sobrio y elegante realza tu dormitorio.</p>
<p>&nbsp;</p>
<p>&nbsp;</p>";acolchado, blanco, confort, dormitorio, microfibra;Acolchado 4 Estaciones Blanco: Confort y estilo premium;Descubrí el acolchado 4 estaciones blanco, suave y matelaseado, ideal todo el año. Renová tu cama con confort y elegancia. ¡Compralo ahora!;DELUAR;SI;;;;;Visible
acolchado-4-estaciones-blanco-6kqzr;;;Tamaño;FULL (Queen/2 plazas);;;;;69,900.00;;0.80;30.00;30.00;10.00;2;;;;;;;;;;;;;;;
acolchado-4-estaciones-blanco-6kqzr;;;Tamaño;KING;;;;;87,500.00;;0.80;30.00;30.00;10.00;0;;;;;;;;;;;;;;;
cortina-ganchos-linen-180x180cm-eu170;CORTINA + GANCHOS LINEN 180x180cm;BAÑO > CORTINAS ;Color;Gris;;;;;20,900.00;;0.20;15.00;15.00;2.00;2;;;SI;NO;"<p>Set de ba&ntilde;o Cortina con ganchos roller met&aacute;licos</p>
<p>&nbsp;</p>
<p>Dale un toque de frescura y sofisticaci&oacute;n a tu ba&ntilde;o con el set de ba&ntilde;o de la l&iacute;nea Linen. Con una cortina de ba&ntilde;o s&iacute;mil lino que emula la textura y apariencia del lino, este set es perfecto para quienes buscan calidad y estilo en cada detalle.</p>
<p>&nbsp;</p>
<p>&nbsp;</p>
<p>&nbsp;</p>
<p>Caracter&iacute;sticas principales:</p>
<p>&nbsp;</p>
<p><strong>Medidas:</strong> Cortina: 180 x 180 cm.</p>
<p><strong>Composici&oacute;n: </strong>100% Microfibra Premium</p>
<p>Accesorios: Ganchos Roller met&aacute;licos.</p>
<p>&nbsp;</p>
<p>Beneficios del producto:</p>
<p>&nbsp;</p>
<p>F&aacute;cil instalaci&oacute;n: Los ganchos permiten colgar la cortina de forma sencilla y r&aacute;pida.</p>
<p>Alta durabilidad: Fabricado en material premium, el set es resistente y f&aacute;cil de cuidar.</p>
<p>&nbsp;</p>
<p>&nbsp;</p>";;;;;SI;;;;;Visible
cortina-ganchos-linen-180x180cm-eu170;;;Color;Blanco;;;;;20,900.00;;0.20;15.00;15.00;2.00;1;;;;;;;;;;;;;;;
repasador-roller-60x40cm-tpiy5;REPASADOR ROLLER 60x40cm;COCINA > REPASADORES, PRODUCTOS PARA APROVECHAR;Color;Verde;;;;;4,200.00;;0.15;15.00;15.00;2.00;3;;;SI;NO;"<p>Repasador Roller</p>
<p>&nbsp;</p>
<p>El Repasador Roller es el accesorio perfecto para tu cocina, dise&ntilde;ado con tejido de algod&oacute;n jacquard que combina estilo, calidad y gran capacidad de absorci&oacute;n. Suave al tacto y resistente, ideal para uso diario.</p>
<p>&nbsp;</p>
<p>Caracter&iacute;sticas Principales:</p>
<p>&nbsp;</p>
<p><strong>Material: </strong>80% Algod&oacute;n 350 grs/m&sup2; / 20% Microfibra Premium</p>
<p><strong>Medida: </strong>40 x 60 cm</p>
<p><strong>Dise&ntilde;o:</strong> Tejido jacquard</p>
<p>&nbsp;</p>
<p>&nbsp;</p>
<p>Beneficios del Producto:</p>
<p>&nbsp;</p>
<p>Durabilidad Asegurada: La mezcla de algod&oacute;n y microfibra premium resiste m&uacute;ltiples lavados sin perder calidad.</p>
<p>Estilo y Funcionalidad: Ideal para quienes buscan calidad y dise&ntilde;o en cada detalle de su hogar.</p>
<p>&nbsp;</p>
<p>&nbsp;</p>";;;;;SI;;;;;Visible
repasador-roller-60x40cm-tpiy5;;;Color;Marrón;;;;;4,200.00;;0.15;15.00;15.00;2.00;6;;;;;;;;;;;;;;;
repasador-roller-60x40cm-tpiy5;;;Color;Gris;;;;;4,200.00;;0.15;15.00;15.00;2.00;3;;;;;;;;;;;;;;;
repasador-roller-60x40cm-tpiy5;;;Color;Azul;;;;;4,200.00;;0.15;15.00;15.00;2.00;4;;;;;;;;;;;;;;;
cortina-para-bano-ganchos-metalicos-180x180cm-viwak;Cortina para baño + ganchos metalicos 180x180cm;BAÑO > CORTINAS ;;;;;;;20,900.00;;0.30;20.00;15.00;2.00;3;;;SI;NO;"<p>Set de Ba&ntilde;o Cortina a Cuadros Jacquard</p>
<p>&nbsp;</p>
<p>Renueva tu ba&ntilde;o con el elegante y pr&aacute;ctico Set de Ba&ntilde;o de 13 piezas, que incluye una cortina de ba&ntilde;o teflonada a cuadros jacquard y ganchos met&aacute;licos.</p>
<p>&nbsp;</p>
<p>Caracter&iacute;sticas t&eacute;cnicas:</p>
<p><strong>Medidas de la cortina:</strong> 180 x 180 cm</p>
<p><strong>Material de la cortina:</strong> Teflonada</p>
<p><strong>Accesorios:</strong> 12 ganchos rollers met&aacute;licos</p>
<p><strong>Dise&ntilde;o: </strong>Jacquard</p>
<p>&nbsp;</p>
<p>Beneficios del producto:</p>
<p>&nbsp;</p>
<p>Estilo cl&aacute;sico y moderno: el dise&ntilde;o a cuadros jacquard aporta un toque sofisticado a tu ba&ntilde;o.</p>
<p>F&aacute;cil de instalar: los ganchos met&aacute;licos permiten una instalaci&oacute;n r&aacute;pida y segura, garantizando un uso sin complicaciones.</p>
<p>Durabilidad y resistencia: la cortina est&aacute; fabricada con materiales de calidad, asegurando que resista el uso diario</p>
<p>&nbsp;</p>";;;;;SI;;;;;Visible
juego-toalla-trim-pimzo;JUEGO TOALLA TRIM 400grs;BAÑO > TOALLAS;Color;Celeste;;;;;27,500.00;;0.30;15.00;15.00;5.00;0;;;SI;NO;"<p>Juego De Toalla Y Toall&oacute;n Algod&oacute;n Premium | L&iacute;nea Trim</p>
<p>&nbsp;</p>
<p>La suavidad y la calidad premium se encuentran en el juego de toalla y toall&oacute;n Trim. Confeccionados en 100% algod&oacute;n 400 grs/m&sup2;, ofrecen una absorci&oacute;n superior, textura extra suave y un dise&ntilde;o liso con guarda jacquard que aporta un detalle elegante.</p>
<p>&nbsp;</p>
<p>&nbsp;</p>
<p>Caracter&iacute;sticas principales</p>
<p>Tipo: Juego de toalla y toall&oacute;n lisos con guarda jacquard</p>
<p>&nbsp;</p>
<p><strong>Medidas:</strong></p>
<p>Toalla: 50 x 80 cm</p>
<p>Toall&oacute;n: 80 x 150 cm</p>
<p>Composici&oacute;n: 100% algod&oacute;n | 400 grs/m&sup2;</p>
<p>&nbsp;</p>
<p>&nbsp;</p>
<p><em>Beneficios del producto</em></p>
<p>100% algod&oacute;n premium, m&aacute;xima suavidad y absorci&oacute;n.</p>
<p>Confort superior, se sienten suaves y esponjosas en cada uso.</p>
<p>&nbsp;</p>";;;;;SI;;;;;Visible
juego-toalla-trim-pimzo;;;Color;Beige;;;;;27,500.00;;0.30;15.00;15.00;5.00;0;;;;;;;;;;;;;;;
juego-toalla-ride-57r8l;JUEGO TOALLA RIDE 350grs;BAÑO > TOALLAS;Color;Gris;;;;;22,900.00;;0.00;15.00;15.00;5.00;0;;;SI;NO;"<p>Juego De Toalla Y Toall&oacute;n Algod&oacute;n Absorbente | L&iacute;nea Ride</p>
<p>&nbsp;</p>
<p>Disfrut&aacute; de la suavidad y m&aacute;xima absorci&oacute;n del juego de toalla y toall&oacute;n Ride. Confeccionados en 100% algod&oacute;n 350 grs/m&sup2; y dise&ntilde;o liso con guarda viscosa, son perfectos para envolver tu cuerpo con confort despu&eacute;s del ba&ntilde;o o la pileta.</p>
<p>&nbsp;</p>
<p>&nbsp;</p>
<p>Caracter&iacute;sticas principales</p>
<p>Tipo: Juego de toalla y toall&oacute;n lisos con guarda viscosa</p>
<p><strong>Medidas:</strong></p>
<p>Toalla: 40 x 70 cm</p>
<p>Toall&oacute;n: 70 x 130 cm</p>
<p><strong>Composici&oacute;n: </strong>100% algod&oacute;n | 350 grs/m&sup2;</p>
<p>&nbsp;</p>
<p>Beneficios del producto</p>
<p>&nbsp;</p>
<p>100% algod&oacute;n premium, suavidad al tacto.</p>
<p>Alta absorci&oacute;n, ideal para secarte r&aacute;pidamente.</p>
<p>Durable y resistente, mantiene la calidad lavado tras lavado.</p>
<p>&nbsp;</p>";;;;;SI;;;;;Visible
juego-toalla-ride-57r8l;;;Color;Azul;;;;;22,900.00;;0.00;15.00;15.00;5.00;1;;;;;;;;;;;;;;;
juego-toalla-grain-jm3tk;JUEGO TOALLA GRAIN 400grs;BAÑO > TOALLAS;Color;Blanco;;;;;27,500.00;;0.30;15.00;15.00;5.00;3;;;SI;NO;"<p>Juego de Toalla y Toall&oacute;n Jacquard con Guarda Waffle</p>
<p>&nbsp;</p>
<p>Disfruta de la suavidad y la elegancia con nuestro Juego de Toalla y Toall&oacute;n Jacquard con Guarda Waffle, fabricado con 100% algod&oacute;n premium de 400 grs/m&sup2;.</p>
<p>&nbsp;</p>
<p>&nbsp;</p>
<p>Caracter&iacute;sticas t&eacute;cnicas</p>
<p>&nbsp;</p>
<p>Medidas de la toalla: 50 x 80 cm, ideal para el uso diario</p>
<p>Medidas del toall&oacute;n: 80 x 150 cm, perfecto para la playa o el hogar</p>
<p>Material: 100% algod&oacute;n premium</p>
<p>Peso: 400 grs/m&sup2;</p>
<p>Dise&ntilde;o: Jacquard con guarda waffle</p>
<p>&nbsp;</p>
<p>Beneficios del producto</p>
<p>&nbsp;</p>
<p>Estilo sofisticado: su dise&ntilde;o jacquard con guarda waffle a&ntilde;ade un toque decorativo y moderno.</p>
<p>Comodidad excepcional: fabricado con algod&oacute;n premium, brinda suavidad y cuidado para la piel.</p>
<p>Ligero y absorbente: con 400 grs/m&sup2;, combina absorci&oacute;n eficiente y f&aacute;cil manejo</p>
<p>&nbsp;</p>";;;;;SI;;;;;Visible
juego-toalla-grain-jm3tk;;;Color;Beige;;;;;27,500.00;;0.30;15.00;15.00;5.00;1;;;;;;;;;;;;;;;
juego-toalla-grain-jm3tk;;;Color;Gris;;;;;27,500.00;;0.30;15.00;15.00;5.00;3;;;;;;;;;;;;;;;
cortina-bano-alfombra-ganchos-mjdd4;CORTINA BAÑO + ALFOMBRA + GANCHOS;BAÑO > ALFOMBRAS PARA BAÑO, BAÑO > CORTINAS ;Modelo;Espigado;;;;;20,900.00;;0.40;20.00;15.00;2.00;0;;;SI;NO;"<p>Set de Ba&ntilde;o Cortina con ganchos y alfombra</p>
<p>Dale un nuevo aire a tu ba&ntilde;o con el completo Set de Ba&ntilde;o de 14 Piezas.</p>
<p>&nbsp;</p>
<p><strong>Caracter&iacute;sticas t&eacute;cnicas:</strong></p>
<p><em>Cortina de Ba&ntilde;o</em></p>
<p>Material: Pl&aacute;stico estampado</p>
<p>Dimensiones: 180 x 180 cm</p>
<p>Accesorios: 12 ganchos pl&aacute;sticos.</p>
<p>&nbsp;</p>
<p><em>Alfombra</em></p>
<p>Material: Chenille</p>
<p>Dimensiones: 60 x 40 cm</p>
<p>&nbsp;</p>
<p><strong>Beneficios del producto:</strong></p>
<p>F&aacute;cil instalaci&oacute;n: los ganchos incluidos permiten colgar la cortina de manera r&aacute;pida y segura.</p>
<p>Comodidad y estilo: la alfombra complementa la decoraci&oacute;n de tu ba&ntilde;o, proporcionando una sensaci&oacute;n suave y acogedora.</p>
<p>Pr&aacute;ctico y funcional: cada pieza est&aacute; dise&ntilde;ada para resistir el uso diario, manteniendo tu ba&ntilde;o ordenado y elegante.</p>
<p>&nbsp;</p>";alfombra, bano, cortina, DELUAR, ganchos;Set de baño con cortina, alfombra y ganchos - Completo y funcional;Set de baño de 14 piezas con cortina plástica 180x180 cm, alfombra chenille y 12 ganchos. Renová tu baño con estilo y comodidad. ¡Compra ahora!;DELUAR;SI;;;;;Visible
cortina-bano-alfombra-ganchos-mjdd4;;;Modelo;Rayado;;;;;20,900.00;;0.40;20.00;15.00;2.00;2;;;;;;;;;;;;;;;
set-cortina-ganchos-alfombra-6fl72;SET CORTINA + GANCHOS + ALFOMBRA;BAÑO > ALFOMBRAS PARA BAÑO, BAÑO > CORTINAS ;Color;Gris;;;;;18,900.00;;0.40;20.00;20.00;2.00;0;;;SI;NO;"<h4>Set de Ba&ntilde;o Cortina de Ba&ntilde;o + Ganchos + Alfombra</h4>
<p>Renueva tu ba&ntilde;o con el Set de Ba&ntilde;o que incluye todo lo que necesitas para crear un ambiente funcional y elegante. Con una cortina de ba&ntilde;o resistente, ganchos pl&aacute;sticos y una alfombra antideslizante, este set es ideal para tu comodidad y seguridad en el ba&ntilde;o.</p>
<p>&nbsp;</p>
<p>Caracter&iacute;sticas principales:</p>
<ul>
<li>
<p>Cortina:</p>
<ul>
<li>
<p>Medidas: 180 x 180 cm.</p>
</li>
<li>
<p>Composici&oacute;n: 100% microfibra</p>
</li>
</ul>
</li>
<li>
<p>Alfombra Antideslizante:</p>
<ul>
<li>
<p>Medidas: 37 x 68 cm.</p>
</li>
<li>
<p>Composici&oacute;n: 100% microfibra</p>
</li>
</ul>
</li>
<li>
<p>Ganchos pl&aacute;sticos&nbsp;incluidos para una instalaci&oacute;n r&aacute;pida y sencilla.</p>
</li>
</ul>
<p>&nbsp;</p>
<p>Beneficios del producto:</p>
<ul>
<li>
<p>Dise&ntilde;o completo: Todo lo que necesitas en un solo paquete, para un ba&ntilde;o armonioso y seguro.</p>
</li>
<li>
<p>Alfombra antideslizante: previene accidentes en el ba&ntilde;o, asegurando estabilidad mientras te duchas.</p>
</li>
<li>
<p>F&aacute;cil instalaci&oacute;n: Los ganchos pl&aacute;sticos permiten colgar la cortina sin complicaciones, brindando comodidad en todo momento.</p>
</li>
</ul>
<p>&nbsp;</p>";;;;;SI;;;;;Visible
set-cortina-ganchos-alfombra-6fl72;;;Color;Celeste grisáceo;;;;;18,900.00;;0.40;20.00;20.00;2.00;1;;;;;;;;;;;;;;0.00;
cortina-bano-cesto-9w2ph;CORTINA BAÑO + CESTO;BAÑO > CESTOS PARA BAÑO , BAÑO > CORTINAS ;Color;Negro;;;;;36,500.00;;0.50;20.00;20.00;2.00;1;;;SI;NO;"<p>Set De Ba&ntilde;o Teflonada 180x180 Cm&nbsp;</p>
<p>&nbsp;</p>
<p>Transform&aacute; tu ba&ntilde;o en un espacio pr&aacute;ctico y moderno con el set de ba&ntilde;o que Incluye cortina teflonada lisa, 12 ganchos pl&aacute;sticos y cesto para ropa, todo confeccionado en microfibra premium, ofreciendo durabilidad, f&aacute;cil limpieza y funcionalidad en cada detalle.</p>
<p>&nbsp;</p>
<p><strong>Caracter&iacute;sticas principales</strong></p>
<p>Tipo: Set de ba&ntilde;o completo</p>
<p>Incluye: Cortina teflonada lisa + 12 ganchos pl&aacute;sticos + cesto para ropa</p>
<p>Medida: 180 x 180 cm</p>
<p>Composici&oacute;n: Microfibra premium</p>
<p>&nbsp;</p>
<p><strong>Beneficios del producto</strong></p>
<p>&nbsp;</p>
<p>Incluye accesorios pr&aacute;cticos, como ganchos y cesto, para un ba&ntilde;o completo.</p>
<p>Dise&ntilde;o funcional y moderno, combina con cualquier estilo de ba&ntilde;o.</p>
<p>Ideal para uso diario, mantiene el ba&ntilde;o organizado y protegido.</p>
<p>&nbsp;</p>
<p>&nbsp;</p>";;;;;SI;;;;;Visible
cortina-bano-cesto-9w2ph;;;Color;Gris;;;;;36,500.00;;0.50;20.00;20.00;2.00;1;;;;;;;;;;;;;;;
cortina-bano-simil-tusor-ganchos-z7csd;CORTINA BAÑO SIMIL TUSOR + GANCHOS;BAÑO > CORTINAS ;Color;Gris;;;;;15,900.00;;0.20;12.00;10.00;2.00;4;;;SI;NO;"<p>Set De Ba&ntilde;o Cortina S&iacute;mil Tusor 180x180 Cm&nbsp;</p>
<p>&nbsp;</p>
<p>Manten&eacute; tu ba&ntilde;o elegante y pr&aacute;ctico con el set de ba&ntilde;o que Incluye cortina de ba&ntilde;o de s&iacute;mil tusor y 12 ganchos pl&aacute;sticos, confeccionados en microfibra premium, combinando resistencia, f&aacute;cil limpieza y dise&ntilde;o moderno para tu espacio.</p>
<p>&nbsp;</p>
<p><strong>Caracter&iacute;sticas principales</strong></p>
<p>Tipo: Set de ba&ntilde;o con cortina y ganchos</p>
<p>Incluye: Cortina de ba&ntilde;o s&iacute;mil tusor + 12 ganchos pl&aacute;sticos</p>
<p>Medida: 180 x 180 cm</p>
<p>Composici&oacute;n: Microfibra premium</p>
<p>&nbsp;</p>
<p><strong>Beneficios del producto</strong></p>
<p>Dise&ntilde;o moderno y pr&aacute;ctico, combina con cualquier decoraci&oacute;n.</p>
<p>Ideal para uso diario, mantiene tu ba&ntilde;o organizado y estilizado.</p>
<p>&nbsp;</p>
<p>&nbsp;</p>";;;;;SI;;;;;Visible
cortina-bano-simil-tusor-ganchos-z7csd;;;Color;Blanco;;;;;15,900.00;;0.20;12.00;10.00;2.00;3;;;;;;;;;;;;;;;
cortina-bano-simil-tusor-ganchos-z7csd;;;Color;Beige;;;;;15,900.00;;0.20;12.00;10.00;2.00;2;;;;;;;;;;;;;;;
set-3-piezas-bano-gris-negro-1wkmz;SET 3 PIEZAS BAÑO GRIS/NEGRO;BAÑO > ARTICULOS PARA BAÑO;Color;Negro;;;;;12,500.00;;0.15;12.00;10.00;5.00;0;;;SI;NO;"<p>Set 3 Piezas Accesorios de Ba&ntilde;o | L&iacute;nea Moon</p>
<p>&nbsp;</p>
<p>Manten&eacute; tu ba&ntilde;o organizado y con estilo con el set de ba&ntilde;o Moon. Con tres piezas esenciales, combina dise&ntilde;o moderno, practicidad y materiales duraderos, ideal para darle un toque elegante y funcional a tu espacio.</p>
<p>&nbsp;</p>
<p><strong>Caracter&iacute;sticas principales</strong></p>
<p>Tipo: Set de ba&ntilde;o 3 piezas</p>
<p>Medidas:</p>
<p>Dispenser de jab&oacute;n: 7,3 x 7,3 x 16,5 cm</p>
<p>Vaso: 7,3 x 7,3 x 11 cm</p>
<p>Bandeja: 14,8 x 7,2 x 1,5 cm</p>
<p>Composici&oacute;n: 100% polipropileno</p>
<p>&nbsp;</p>
<p><strong>Beneficios del producto</strong></p>
<p>Set compacto y funcional, ideal para organizar tu ba&ntilde;o.</p>
<p>Dise&ntilde;o moderno y elegante, combina con cualquier estilo de decoraci&oacute;n.</p>
<p>Pr&aacute;ctico y duradero, perfecto para uso diario</p>
<p>&nbsp;</p>";accesorios, bano, DELUAR, organizacion, set;Set 3 Piezas Baño Moon Gris/Negro - Accesorios Modernos;Organizá tu baño con el set Moon de 3 piezas en gris y negro. Diseño elegante, práctico y duradero. ¡Dale estilo a tu espacio hoy!;DELUAR;SI;;;;;Visible
set-3-piezas-bano-gris-negro-1wkmz;;;Color;Gris;;;;;12,500.00;;0.15;12.00;10.00;5.00;0;;;;;;;;;;;;;;;
set-5-piezas-bano-gris-negro-1eb3m;SET 5 PIEZAS BAÑO GRIS/NEGRO;BAÑO > ARTICULOS PARA BAÑO, BAÑO > CESTOS PARA BAÑO ;Color;Negro;;;;;45,500.00;;0.40;20.00;10.00;10.00;1;;;SI;NO;"<p>Set 5 Piezas: Accesorios para Ba&ntilde;o | L&iacute;nea Mist</p>
<p>&nbsp;</p>
<p>Organiz&aacute; tu ba&ntilde;o con estilo y practicidad gracias al set de ba&ntilde;o Mist. Compuesto por cinco piezas esenciales, combina dise&ntilde;o moderno, materiales duraderos y funcionalidad, para mantener tu ba&ntilde;o ordenado y con un toque elegante.</p>
<p>&nbsp;</p>
<p><strong>Caracter&iacute;sticas principales</strong></p>
<p>Tipo: Set de ba&ntilde;o 5 piezas</p>
<p>Medidas:</p>
<p>Contenedor de basura: 18.3 x 24.1 cm</p>
<p>Dispenser de jab&oacute;n: 8.5 x 14.5 cm</p>
<p>Vaso: 7.5 x 10.4 cm</p>
<p>Bandeja: 16.6 x 8.7 x 2.5 cm</p>
<p>Portaescobilla: 10 x 13.5 cm</p>
<p>Composici&oacute;n: polipropileno</p>
<p>L&iacute;nea: Mist</p>
<p>&nbsp;</p>
<p><strong>Beneficios del producto</strong></p>
<p>Material resistente, fabricado en polipropileno duradero y f&aacute;cil de limpiar.</p>
<p>Dise&ntilde;o moderno y elegante, combina con cualquier estilo de ba&ntilde;o.</p>
<p>Compacto y pr&aacute;ctico, optimiza el espacio sin perder funcionalidad.</p>
<p>Ideal para uso diario, mantiene todo ordenado y a mano.</p>
<p>&nbsp;</p>
<p>&nbsp;</p>";accesorios, bano, DELUAR, organizador, set;Set 5 Piezas Baño Gris/Negro Mist - Organizador y Accesorios;Set baño Mist 5 piezas en gris y negro, resistente y elegante. Optimiza tu baño con estilo y funcionalidad. ¡Compra ahora!;DELUAR;SI;;;;;Visible
set-5-piezas-bano-gris-negro-1eb3m;;;Color;Gris;;;;;45,500.00;;0.40;20.00;10.00;10.00;2;;;;;;;;;;;;;;;
porta-vela-estrella-inluye-vela-9syp6;Porta vela ESTRELLA (inluye vela);VELAS Y ACCESORIOS > Velas , VELAS Y ACCESORIOS > Portavelas y Bandejas, NAVIDAD;;;;;;;3,000.00;;0.05;2.00;10.00;2.00;0;;;SI;NO;"<p>Porta velas en forma de estrella confeccionado en madera MDF con un acabado en <strong>color Helsinki, </strong>ideal para aportar un toque moderno y c&aacute;lido a cualquier ambiente.</p>
<p><strong>Incluye vela</strong> para que puedas disfrutarlo desde el primer momento.</p>
<p>Mide <strong>10 cm de di&aacute;metro,</strong> tama&ntilde;o perfecto para decorar y crear ambientes acogedores en tu hogar.</p>
<p>Una combinaci&oacute;n pr&aacute;ctica y est&eacute;tica que no puede faltar en tu decoraci&oacute;n.</p>";;;;;SI;;;;;Visible
porta-cubiertos-x4-unidades-e71b0;Porta cubiertos x4 unidades;COCINA > BAZAR > CUBIERTOS - VAJILLA;;;;;;;8,800.00;;0.05;10.00;10.00;2.00;6;;;SI;NO;"<p style=""margin-top: 20px; margin-bottom: 20px; padding: 0px; border: 0px; outline: 0px; vertical-align: baseline; max-width: 100%; color: #434343; font-family: Montserrat, sans-serif; font-size: 14px; background-color: #ffffff;""><strong style=""font-weight: bold; margin: 0px; padding: 0px; border: 0px; outline: 0px; vertical-align: baseline;"">Porta cubierto</strong>&nbsp;confeccionado en tusor liviano 100% algod&oacute;n estampado, el precio corresponde al pack por 4 unidades.</p>
<p style=""margin-top: 20px; margin-bottom: 20px; padding: 0px; border: 0px; outline: 0px; vertical-align: baseline; max-width: 100%; color: #434343; font-family: Montserrat, sans-serif; font-size: 14px; background-color: #ffffff;"">Estampado: m&eacute;todo de serigrafia.</p>
<p style=""margin-top: 20px; margin-bottom: 20px; padding: 0px; border: 0px; outline: 0px; vertical-align: baseline; max-width: 100%; color: #434343; font-family: Montserrat, sans-serif; font-size: 14px; background-color: #ffffff;"">Miden aproximadamente 22cm de alto por 10,5cm de ancho.</p>
<p style=""margin-top: 20px; margin-bottom: 20px; padding: 0px; border: 0px; outline: 0px; vertical-align: baseline; max-width: 100%; color: #434343; font-family: Montserrat, sans-serif; font-size: 14px; background-color: #ffffff;"">Color: Vison</p>";;;;;SI;;;;;Visible
posavasos-x4-gaudi-1x1co;Posavasos x4 Gaudí;COCINA > BAZAR > CUBIERTOS - VAJILLA, COCINA > BAZAR > VASOS - COPAS;;;;;;;6,500.00;;0.10;4.00;10.00;4.00;0;;;SI;NO;"<p><strong>Set de Posavasos x4 unidades en MDF color Gaudi</strong></p>
<p>Elegantes posavasos fabricados en madera MDF, con un acabado en color Gaudi que aporta un toque moderno y c&aacute;lido a cualquier ambiente.</p>
<p>Cada unidad mide&nbsp;<em>10 cm de di&aacute;metro y 0.5 cm de alto</em>, ideal para proteger tus superficies de manchas y marcas de vasos.</p>
<p>Perfectos para uso diario o para acompa&ntilde;ar reuniones con amigos y familia, combinan funcionalidad y estilo en tu hogar.</p>";;;;;SI;;;;;Visible
posavasos-x4-helzinki-19a7e;Posavasos x4 Helzinki;COCINA > BAZAR > CUBIERTOS - VAJILLA, COCINA > BAZAR > VASOS - COPAS;;;;;;;6,500.00;;0.10;4.00;10.00;4.00;2;;;SI;NO;"<p><strong>Set de Posavasos x4 unidades en MDF color Helsinki</strong></p>
<p>Elegantes posavasos fabricados en madera MDF, con un acabado en color Helsinki que aporta un toque moderno y c&aacute;lido a cualquier ambiente.</p>
<p>Cada unidad mide <em>10 cm de di&aacute;metro y 0.5 cm de alto</em>, ideal para proteger tus superficies de manchas y marcas de vasos.</p>
<p>Perfectos para uso diario o para acompa&ntilde;ar reuniones con amigos y familia, combinan funcionalidad y estilo en tu hogar.</p>";;;;;SI;;;;;Visible
camino-de-mesa-saona-gris-175x40cm-nfhjd;Camino de mesa SAONA GRIS 175x40cm;COCINA > CAMINO DE MESA;;;;;;;11,500.00;;0.10;15.00;15.00;2.00;4;;;SI;NO;"<p style=""margin-top: 20px; margin-bottom: 20px; padding: 0px; border: 0px; outline: 0px; vertical-align: baseline; max-width: 100%; color: #434343; font-family: Montserrat, sans-serif; font-size: 14px; background-color: #ffffff;""><strong style=""font-weight: bold; margin: 0px; padding: 0px; border: 0px; outline: 0px; vertical-align: baseline;"">Camino de mesa SAONA GRIS</strong></p>
<p style=""margin-top: 20px; margin-bottom: 20px; padding: 0px; border: 0px; outline: 0px; vertical-align: baseline; max-width: 100%; color: #434343; font-family: Montserrat, sans-serif; font-size: 14px; background-color: #ffffff;"">Camino hecho en telar, su composici&oacute;n es 100% algod&oacute;n.&nbsp;<strong style=""font-weight: bold; margin: 0px; padding: 0px; border: 0px; outline: 0px; vertical-align: baseline;"">Es hilo de algod&oacute;n combinado con hilos de pabilo.</strong></p>
<p style=""margin-top: 20px; margin-bottom: 20px; padding: 0px; border: 0px; outline: 0px; vertical-align: baseline; max-width: 100%; color: #434343; font-family: Montserrat, sans-serif; font-size: 14px; background-color: #ffffff;"">Te recordamos que las medidas son aproxiamdas y que al ser un producto que se elabora de manera artesanal puede tener diferencias entre s&iacute;. Sus medidas aproximadas son&nbsp;<strong style=""font-weight: bold; margin: 0px; padding: 0px; border: 0px; outline: 0px; vertical-align: baseline;"">1,75X0,40cm</strong></p>
<p style=""margin-top: 20px; margin-bottom: 20px; padding: 0px; border: 0px; outline: 0px; vertical-align: baseline; max-width: 100%; color: #434343; font-family: Montserrat, sans-serif; font-size: 14px; background-color: #ffffff;""><strong style=""font-weight: bold; margin: 0px; padding: 0px; border: 0px; outline: 0px; vertical-align: baseline;"">Cuidados de la misma:</strong>&nbsp;Al ser un producto 100% algod&oacute;n su cuidado debe ser lavado a mano preferentemente sino lavado en lavarropas en modo lavado a mano/lavado cuidado, lavado de lana, el agua preferentemente fr&iacute;a o no debe superar los 30&ordm;C y las revoluciones del centrifugado tienen que ser menores a 800, ya que al ser un producto de pabilo de algod&oacute;n puede deshilachar la costura y por consecuencia la tela un centrifugado fuerte. Secar a la sombra, no secar con calor ya que puede achicar.</p>";;;;;SI;;;;;Visible
setx3-cestos-rusticos-con-plastico-interior-hrwvy;Setx3 Cestos Rusticos con plastico interior;LIVING > YUTE - SEAGRASS, BLACK DELUAR;;;;;;;59,000.00;;0.40;25.00;25.00;15.00;2;;;SI;NO;"<p data-start=""65"" data-end=""472""><strong data-start=""65"" data-end=""114"">Set x3 Cestos de Mimbre con Interior Pl&aacute;stico</strong><br data-start=""114"" data-end=""117"" />Este set de cestos de mimbre fue elaborado mediante un <strong data-start=""172"" data-end=""203"">proceso industrial especial</strong>, pensado para mejorar su durabilidad y resistencia con el paso del tiempo.</p>
<p data-start=""65"" data-end=""472"">Cada cesto incluye <strong data-start=""298"" data-end=""319"">interior pl&aacute;stico</strong>, ideal para proteger el mimbre y evitar que se moje con lo que coloques dentro, haci&eacute;ndolos perfectos para organizaci&oacute;n, plantas, ba&ntilde;os o uso cotidiano.</p>
<p data-start=""474"" data-end=""503""><strong data-start=""474"" data-end=""501"">Medidas (ancho x alto):</strong></p>
<ul data-start=""504"" data-end=""569"">
<li data-start=""504"" data-end=""525"">
<p data-start=""506"" data-end=""525""><strong data-start=""506"" data-end=""512"">S:</strong> 20 x 13 cm</p>
</li>
<li data-start=""526"" data-end=""547"">
<p data-start=""528"" data-end=""547""><strong data-start=""528"" data-end=""534"">M:</strong> 25 x 14 cm</p>
</li>
<li data-start=""548"" data-end=""569"">
<p data-start=""550"" data-end=""569""><strong data-start=""550"" data-end=""556"">L:</strong> 30 x 15 cm</p>
</li>
</ul>
<p>&nbsp;</p>
<p data-start=""571"" data-end=""632"">Un combo pr&aacute;ctico, decorativo y s&uacute;per vers&aacute;til para tu hogar.</p>";;;;;SI;;;;;Visible
muneco-navideno-con-luz-led-30cm-9pi53;Muñeco Navideño con luz LED 30cm;NAVIDAD;;;;;;;22,500.00;;0.20;30.00;10.00;5.00;2;;;NO;NO;"<p style=""margin-top: 20px; margin-bottom: 20px; padding: 0px; border: 0px; outline: 0px; vertical-align: baseline; max-width: 100%; color: #434343; font-family: Montserrat, sans-serif; font-size: 14px; background-color: #ffffff;"">Decor&aacute; tu casa esta Navidad con este encantador mu&ntilde;eco navide&ntilde;o.</p>
<p style=""margin-top: 20px; margin-bottom: 20px; padding: 0px; border: 0px; outline: 0px; vertical-align: baseline; max-width: 100%; color: #434343; font-family: Montserrat, sans-serif; font-size: 14px; background-color: #ffffff;"">Vas a crear el ambiente navide&ntilde;o perfecto para estas fiestas.</p>
<p style=""margin-top: 20px; margin-bottom: 20px; padding: 0px; border: 0px; outline: 0px; vertical-align: baseline; max-width: 100%; color: #434343; font-family: Montserrat, sans-serif; font-size: 14px; background-color: #ffffff;"">&nbsp;</p>
<p style=""margin-top: 20px; margin-bottom: 20px; padding: 0px; border: 0px; outline: 0px; vertical-align: baseline; max-width: 100%; color: #434343; font-family: Montserrat, sans-serif; font-size: 14px; background-color: #ffffff;"">Medidas: 30cm de alto x 12cm de ancho.</p>
<p style=""margin-top: 20px; margin-bottom: 20px; padding: 0px; border: 0px; outline: 0px; vertical-align: baseline; max-width: 100%; color: #434343; font-family: Montserrat, sans-serif; font-size: 14px; background-color: #ffffff;"">Incluye luz LED, en color rojo y azul.&nbsp;</p>
<p style=""margin-top: 20px; margin-bottom: 20px; padding: 0px; border: 0px; outline: 0px; vertical-align: baseline; max-width: 100%; color: #434343; font-family: Montserrat, sans-serif; font-size: 14px; background-color: #ffffff;"">Incluye pilas.</p>
<p style=""margin-top: 20px; margin-bottom: 20px; padding: 0px; border: 0px; outline: 0px; vertical-align: baseline; max-width: 100%; color: #434343; font-family: Montserrat, sans-serif; font-size: 14px; background-color: #ffffff;"">&nbsp;</p>
<p style=""margin-top: 20px; margin-bottom: 20px; padding: 0px; border: 0px; outline: 0px; vertical-align: baseline; max-width: 100%; color: #434343; font-family: Montserrat, sans-serif; font-size: 14px; background-color: #ffffff;"">Es el complemento perfecto para crear un ambiente festivo en tu casa. La combinaci&oacute;n de materiales asegura que vas a poder disfrutarlo durante muchas navidades.</p>";;;;;SI;;;;;Oculto
setx3-arbolitos-navidad-9s65u;Setx3 Arbolitos navidad;NAVIDAD;;;;;;;12,900.00;;0.30;20.00;10.00;10.00;4;;;NO;NO;"<p style=""margin-top: 20px; margin-bottom: 20px; padding: 0px; border: 0px; outline: 0px; vertical-align: baseline; max-width: 100%; color: #434343; font-family: Montserrat, sans-serif; font-size: 14px; background-color: #ffffff;""><strong style=""font-weight: bold; margin: 0px; padding: 0px; border: 0px; outline: 0px; vertical-align: baseline;"">Setx3 &Aacute;rbol de Navidad&nbsp;</strong></p>
<p style=""margin-top: 20px; margin-bottom: 20px; padding: 0px; border: 0px; outline: 0px; vertical-align: baseline; max-width: 100%; color: #434343; font-family: Montserrat, sans-serif; font-size: 14px; background-color: #ffffff;"">Decora tu hogar esta temporada con nuestro hermoso Set de 3 <strong style=""font-weight: bold; margin: 0px; padding: 0px; border: 0px; outline: 0px; vertical-align: baseline;"">&aacute;rboles de navidad de melamina 18mm.</strong></p>
<p style=""margin-top: 20px; margin-bottom: 20px; padding: 0px; border: 0px; outline: 0px; vertical-align: baseline; max-width: 100%; color: #434343; font-family: Montserrat, sans-serif; font-size: 14px; background-color: #ffffff;""><strong><em>Medidas:&nbsp;</em></strong></p>
<p style=""margin-top: 20px; margin-bottom: 20px; padding: 0px; border: 0px; outline: 0px; vertical-align: baseline; max-width: 100%; color: #434343; font-family: Montserrat, sans-serif; font-size: 14px; background-color: #ffffff;""><strong><em>Chico: 16x10cm</em></strong></p>
<p style=""margin-top: 20px; margin-bottom: 20px; padding: 0px; border: 0px; outline: 0px; vertical-align: baseline; max-width: 100%; color: #434343; font-family: Montserrat, sans-serif; font-size: 14px; background-color: #ffffff;""><strong><em>Mediano: 19x13cm</em></strong></p>
<p style=""margin-top: 20px; margin-bottom: 20px; padding: 0px; border: 0px; outline: 0px; vertical-align: baseline; max-width: 100%; color: #434343; font-family: Montserrat, sans-serif; font-size: 14px; background-color: #ffffff;""><strong><em>Grande: 22x16cm</em></strong></p>
<p style=""margin-top: 20px; margin-bottom: 20px; padding: 0px; border: 0px; outline: 0px; vertical-align: baseline; max-width: 100%; color: #434343; font-family: Montserrat, sans-serif; font-size: 14px; background-color: #ffffff;"">&nbsp;</p>
<p style=""margin-top: 20px; margin-bottom: 20px; padding: 0px; border: 0px; outline: 0px; vertical-align: baseline; max-width: 100%; color: #434343; font-family: Montserrat, sans-serif; font-size: 14px; background-color: #ffffff;"">Este encantador set es ideal para mesas, estanter&iacute;as o cualquier rinc&oacute;n que desees embellecer.</p>
<p style=""margin-top: 20px; margin-bottom: 20px; padding: 0px; border: 0px; outline: 0px; vertical-align: baseline; max-width: 100%; color: #434343; font-family: Montserrat, sans-serif; font-size: 14px; background-color: #ffffff;""><strong>Color: Gaudi&nbsp;</strong></p>
<p style=""margin-top: 20px; margin-bottom: 20px; padding: 0px; border: 0px; outline: 0px; vertical-align: baseline; max-width: 100%; color: #434343; font-family: Montserrat, sans-serif; font-size: 14px; background-color: #ffffff;"">Su dise&ntilde;o en madera aporta un toque r&uacute;stico y elegante, convirti&eacute;ndolo en un elemento decorativo perfecto para tus celebraciones.&nbsp;<strong style=""font-weight: bold; margin: 0px; padding: 0px; border: 0px; outline: 0px; vertical-align: baseline;"">Disfruta de un ambiente festivo y acogedor</strong> con este encantador set, que ser&aacute; el centro de atenci&oacute;n de tus decoraciones navide&ntilde;as. &iexcl;Hazlo parte de tu hogar y celebra la magia de la Navidad!</p>";;;;;SI;;;;;Oculto
adorno-renos-13x13cm-kg921;Adorno Renos 13x13cm;NAVIDAD;;;;;;;8,000.00;;0.15;13.00;13.00;2.00;4;;;NO;NO;"<p data-start=""63"" data-end=""429""><strong data-start=""63"" data-end=""102"">Adorno Navide&ntilde;o de MDF &ndash; 13 x 13 cm</strong></p>
<p data-start=""63"" data-end=""429""><br data-start=""102"" data-end=""105"" />Este delicado adorno navide&ntilde;o est&aacute; realizado en <strong data-start=""153"" data-end=""160"">MDF</strong> y dise&ntilde;ado con figuras <strong data-start=""184"" data-end=""217"">superpuestas de pinos y renos</strong>, creando un efecto visual encantador.</p>
<p data-start=""63"" data-end=""429"">El fondo tiene un acabado <strong data-start=""282"" data-end=""291"">Gaud&iacute;</strong>, mientras que los <strong data-start=""310"" data-end=""319"" data-is-only-node="""">pinos</strong> est&aacute;n pintados en <strong data-start=""338"" data-end=""347"">verde</strong> y los <strong data-start=""354"" data-end=""363"">renos</strong> en color <strong data-start=""373"" data-end=""385"">Helsinki</strong>, logrando una combinaci&oacute;n moderna y c&aacute;lida.</p>
<p data-start=""431"" data-end=""535"">Con <strong data-start=""435"" data-end=""449"">13 x 13 cm</strong>, es ideal para decorar repisas, mesas o sumar un detalle festivo a cualquier espacio.</p>";;;;;SI;;;;;Oculto
bandeja-de-melamina-27x27cm-yram4;Bandeja de melamina 27x27cm;COCINA > BAZAR > BANDEJAS - BOWLS - TABLAS;;;;;;;8,000.00;;0.10;25.00;25.00;1.00;1;;;SI;NO;"<p style=""margin-top: 20px; margin-bottom: 20px; padding: 0px; border: 0px; outline: 0px; vertical-align: baseline; max-width: 100%; color: #434343; font-family: Montserrat, sans-serif; font-size: 14px; background-color: #ffffff;""><strong style=""font-weight: bold; margin: 0px; padding: 0px; border: 0px; outline: 0px; vertical-align: baseline;"">Bandeja de melamina 27x27cm</strong></p>
<p style=""margin-top: 20px; margin-bottom: 20px; padding: 0px; border: 0px; outline: 0px; vertical-align: baseline; max-width: 100%; color: #434343; font-family: Montserrat, sans-serif; font-size: 14px; background-color: #ffffff;"">Descubre nuestra&nbsp;<strong style=""font-weight: bold; margin: 0px; padding: 0px; border: 0px; outline: 0px; vertical-align: baseline;"">Bandeja</strong>, de medidas&nbsp;<strong style=""font-weight: bold; margin: 0px; padding: 0px; border: 0px; outline: 0px; vertical-align: baseline;"">27x27 cm</strong>, dise&ntilde;ada para ofrecerte funcionalidad y estilo en un solo producto.</p>
<p style=""margin-top: 20px; margin-bottom: 20px; padding: 0px; border: 0px; outline: 0px; vertical-align: baseline; max-width: 100%; color: #434343; font-family: Montserrat, sans-serif; font-size: 14px; background-color: #ffffff;"">Fabricada en&nbsp;<strong style=""font-weight: bold; margin: 0px; padding: 0px; border: 0px; outline: 0px; vertical-align: baseline;"">material de melamina</strong>&nbsp;de alta calidad, es ideal tanto para servir comidas como para exhibir tus objetos decorativos. Su superficie resistente y f&aacute;cil de limpiar la convierte en la opci&oacute;n perfecta para cualquier ocasi&oacute;n.</p>
<p style=""margin-top: 20px; margin-bottom: 20px; padding: 0px; border: 0px; outline: 0px; vertical-align: baseline; max-width: 100%; color: #434343; font-family: Montserrat, sans-serif; font-size: 14px; background-color: #ffffff;""><strong style=""font-weight: bold; margin: 0px; padding: 0px; border: 0px; outline: 0px; vertical-align: baseline;"">Versatilidad</strong>&nbsp;y&nbsp;<strong style=""font-weight: bold; margin: 0px; padding: 0px; border: 0px; outline: 0px; vertical-align: baseline;"">practicidad</strong>&nbsp;se encuentran en esta bandeja, &iexcl;haz que cada momento sea especial!</p>";;;;;SI;;;;;Visible
arbol-de-navidad-30cm-8ab1k;Árbol de Navidad 30cm;NAVIDAD;;;;;;;9,900.00;;0.30;30.00;15.00;3.00;5;;;NO;NO;"<p style=""margin-top: 20px; margin-bottom: 20px; padding: 0px; border: 0px; outline: 0px; vertical-align: baseline; max-width: 100%; color: #434343; font-family: Montserrat, sans-serif; font-size: 14px; background-color: #ffffff;""><strong style=""font-weight: bold; margin: 0px; padding: 0px; border: 0px; outline: 0px; vertical-align: baseline;"">&Aacute;rbol de Navidad - 30 cm de alto</strong></p>
<p style=""margin-top: 20px; margin-bottom: 20px; padding: 0px; border: 0px; outline: 0px; vertical-align: baseline; max-width: 100%; color: #434343; font-family: Montserrat, sans-serif; font-size: 14px; background-color: #ffffff;"">Decora tu hogar esta temporada con nuestro hermoso&nbsp;<strong style=""font-weight: bold; margin: 0px; padding: 0px; border: 0px; outline: 0px; vertical-align: baseline;"">&aacute;rbol de navidad de melamina 18mm</strong>&nbsp;de&nbsp;<strong style=""font-weight: bold; margin: 0px; padding: 0px; border: 0px; outline: 0px; vertical-align: baseline;"">30 cm de alto x 20cm de ancho</strong>. Este encantador &aacute;rbol es ideal para mesas, estanter&iacute;as o cualquier rinc&oacute;n que desees embellecer.</p>
<p style=""margin-top: 20px; margin-bottom: 20px; padding: 0px; border: 0px; outline: 0px; vertical-align: baseline; max-width: 100%; color: #434343; font-family: Montserrat, sans-serif; font-size: 14px; background-color: #ffffff;"">Color: Helzinki</p>
<p style=""margin-top: 20px; margin-bottom: 20px; padding: 0px; border: 0px; outline: 0px; vertical-align: baseline; max-width: 100%; color: #434343; font-family: Montserrat, sans-serif; font-size: 14px; background-color: #ffffff;"">Su dise&ntilde;o en madera aporta un toque r&uacute;stico y elegante, convirti&eacute;ndolo en un elemento decorativo perfecto para tus celebraciones.&nbsp;<strong style=""font-weight: bold; margin: 0px; padding: 0px; border: 0px; outline: 0px; vertical-align: baseline;"">Disfruta de un ambiente festivo y acogedor</strong> con este encantador &aacute;rbol, que ser&aacute; el centro de atenci&oacute;n de tus decoraciones navide&ntilde;as. &iexcl;Hazlo parte de tu hogar y celebra la magia de la Navidad!</p>";;;;;SI;;;;;Oculto
arbol-de-navidad-30cm-7kyt1;Árbol de Navidad 30cm;NAVIDAD;;;;;;;9,900.00;;0.30;30.00;15.00;3.00;5;;;SI;NO;"<p style=""margin-top: 20px; margin-bottom: 20px; padding: 0px; border: 0px; outline: 0px; vertical-align: baseline; max-width: 100%; color: #434343; font-family: Montserrat, sans-serif; font-size: 14px; background-color: #ffffff;""><strong style=""font-weight: bold; margin: 0px; padding: 0px; border: 0px; outline: 0px; vertical-align: baseline;"">&Aacute;rbol de Navidad - 30 cm de alto</strong></p>
<p style=""margin-top: 20px; margin-bottom: 20px; padding: 0px; border: 0px; outline: 0px; vertical-align: baseline; max-width: 100%; color: #434343; font-family: Montserrat, sans-serif; font-size: 14px; background-color: #ffffff;"">Decora tu hogar esta temporada con nuestro hermoso&nbsp;<strong style=""font-weight: bold; margin: 0px; padding: 0px; border: 0px; outline: 0px; vertical-align: baseline;"">&aacute;rbol de navidad de melamina 18mm</strong>&nbsp;de&nbsp;<strong style=""font-weight: bold; margin: 0px; padding: 0px; border: 0px; outline: 0px; vertical-align: baseline;"">30 cm de alto x 20cm de ancho</strong>. Este encantador &aacute;rbol es ideal para mesas, estanter&iacute;as o cualquier rinc&oacute;n que desees embellecer.</p>
<p style=""margin-top: 20px; margin-bottom: 20px; padding: 0px; border: 0px; outline: 0px; vertical-align: baseline; max-width: 100%; color: #434343; font-family: Montserrat, sans-serif; font-size: 14px; background-color: #ffffff;"">Color: Helzinki</p>
<p style=""margin-top: 20px; margin-bottom: 20px; padding: 0px; border: 0px; outline: 0px; vertical-align: baseline; max-width: 100%; color: #434343; font-family: Montserrat, sans-serif; font-size: 14px; background-color: #ffffff;"">Su dise&ntilde;o en madera aporta un toque r&uacute;stico y elegante, convirti&eacute;ndolo en un elemento decorativo perfecto para tus celebraciones.&nbsp;<strong style=""font-weight: bold; margin: 0px; padding: 0px; border: 0px; outline: 0px; vertical-align: baseline;"">Disfruta de un ambiente festivo y acogedor</strong> con este encantador &aacute;rbol, que ser&aacute; el centro de atenci&oacute;n de tus decoraciones navide&ntilde;as. &iexcl;Hazlo parte de tu hogar y celebra la magia de la Navidad!</p>";;;;;SI;;;;;Visible
arbol-de-navidad-30cm-aeszr;Árbol de Navidad 30cm;NAVIDAD;;;;;;;9,900.00;;0.30;30.00;15.00;3.00;3;;;NO;NO;"<p style=""margin-top: 20px; margin-bottom: 20px; padding: 0px; border: 0px; outline: 0px; vertical-align: baseline; max-width: 100%; color: #434343; font-family: Montserrat, sans-serif; font-size: 14px; background-color: #ffffff;""><strong style=""font-weight: bold; margin: 0px; padding: 0px; border: 0px; outline: 0px; vertical-align: baseline;"">&Aacute;rbol de Navidad - 30 cm de alto</strong></p>
<p style=""margin-top: 20px; margin-bottom: 20px; padding: 0px; border: 0px; outline: 0px; vertical-align: baseline; max-width: 100%; color: #434343; font-family: Montserrat, sans-serif; font-size: 14px; background-color: #ffffff;"">Decora tu hogar esta temporada con nuestro hermoso&nbsp;<strong style=""font-weight: bold; margin: 0px; padding: 0px; border: 0px; outline: 0px; vertical-align: baseline;"">&aacute;rbol de navidad de melamina 18mm</strong>&nbsp;de&nbsp;<strong style=""font-weight: bold; margin: 0px; padding: 0px; border: 0px; outline: 0px; vertical-align: baseline;"">30 cm de alto x 20cm de ancho</strong>. Este encantador &aacute;rbol es ideal para mesas, estanter&iacute;as o cualquier rinc&oacute;n que desees embellecer.</p>
<p style=""margin-top: 20px; margin-bottom: 20px; padding: 0px; border: 0px; outline: 0px; vertical-align: baseline; max-width: 100%; color: #434343; font-family: Montserrat, sans-serif; font-size: 14px; background-color: #ffffff;"">Color: Helzinki</p>
<p style=""margin-top: 20px; margin-bottom: 20px; padding: 0px; border: 0px; outline: 0px; vertical-align: baseline; max-width: 100%; color: #434343; font-family: Montserrat, sans-serif; font-size: 14px; background-color: #ffffff;"">Su dise&ntilde;o en madera aporta un toque r&uacute;stico y elegante, convirti&eacute;ndolo en un elemento decorativo perfecto para tus celebraciones.&nbsp;<strong style=""font-weight: bold; margin: 0px; padding: 0px; border: 0px; outline: 0px; vertical-align: baseline;"">Disfruta de un ambiente festivo y acogedor</strong>&nbsp;con este encantador &aacute;rbol, que ser&aacute; el centro de atenci&oacute;n de tus decoraciones navide&ntilde;as. &iexcl;Hazlo parte de tu hogar y celebra la magia de la Navidad!</p>";;;;;SI;;;;;Oculto
escobilla-acero-y-bambu-blanco-ypbg1;Escobilla Acero y Bambu - Blanco;BAÑO > CESTOS PARA BAÑO ;;;;;;;20,900.00;;0.30;25.00;5.00;5.00;4;;;SI;NO;"<p><span style=""color: #060606; font-family: 'Nunito Sans', sans-serif; font-size: 14px; background-color: #ffffff;"">Escobilla con vaso de acero y tapa de bambu. Interior pl&aacute;stico.</span><br style=""box-sizing: border-box; color: #060606; font-family: 'Nunito Sans', sans-serif; font-size: 14px; background-color: #ffffff;"" /><br style=""box-sizing: border-box; color: #060606; font-family: 'Nunito Sans', sans-serif; font-size: 14px; background-color: #ffffff;"" /><span style=""box-sizing: border-box; font-weight: bold; color: #060606; font-family: 'Nunito Sans', sans-serif; font-size: 14px; background-color: #ffffff;"">Color:&nbsp; Blanco.</span></p>
<p><br style=""box-sizing: border-box; color: #060606; font-family: 'Nunito Sans', sans-serif; font-size: 14px; background-color: #ffffff;"" /><em style=""box-sizing: border-box; color: #060606; font-family: 'Nunito Sans', sans-serif; font-size: 14px; background-color: #ffffff;"">Medidas:<br style=""box-sizing: border-box;"" />Alto: 27 cm<br style=""box-sizing: border-box;"" />Di&aacute;metro: 9,5 cm<br style=""box-sizing: border-box;"" />Alto total: 41 cm</em><br style=""box-sizing: border-box; color: #060606; font-family: 'Nunito Sans', sans-serif; font-size: 14px; background-color: #ffffff;"" /><span style=""color: #060606; font-family: 'Nunito Sans', sans-serif; font-size: 14px; background-color: #ffffff;"">En caja.</span></p>";;;;;SI;;;;;Visible
escobilla-acero-y-bambu-negro-e6k5u;Escobilla Acero y Bambu Negro;BAÑO > ARTICULOS PARA BAÑO, BAÑO > CESTOS PARA BAÑO ;;;;;;;20,900.00;;0.20;20.00;10.00;10.00;0;;;SI;NO;"<p><span style=""color: #060606; font-family: 'Nunito Sans', sans-serif; font-size: 14px; background-color: #ffffff;"">Escobilla con vaso de acero y tapa de bambu. Interior pl&aacute;stico.</span><br style=""box-sizing: border-box; color: #060606; font-family: 'Nunito Sans', sans-serif; font-size: 14px; background-color: #ffffff;"" /><br style=""box-sizing: border-box; color: #060606; font-family: 'Nunito Sans', sans-serif; font-size: 14px; background-color: #ffffff;"" /><span style=""box-sizing: border-box; font-weight: bold; color: #060606; font-family: 'Nunito Sans', sans-serif; font-size: 14px; background-color: #ffffff;"">Color: Negro.&nbsp;</span></p>
<p><br style=""box-sizing: border-box; color: #060606; font-family: 'Nunito Sans', sans-serif; font-size: 14px; background-color: #ffffff;"" /><em style=""box-sizing: border-box; color: #060606; font-family: 'Nunito Sans', sans-serif; font-size: 14px; background-color: #ffffff;"">Medidas:<br style=""box-sizing: border-box;"" />Alto: 27 cm<br style=""box-sizing: border-box;"" />Di&aacute;metro: 9,5 cm<br style=""box-sizing: border-box;"" />Alto total: 41 cm</em><br style=""box-sizing: border-box; color: #060606; font-family: 'Nunito Sans', sans-serif; font-size: 14px; background-color: #ffffff;"" /><span style=""color: #060606; font-family: 'Nunito Sans', sans-serif; font-size: 14px; background-color: #ffffff;"">En caja.</span></p>";;;;;SI;;;;;Visible
tacho-residuos-acero-acanalado-3lts-4skaz;Tacho Residuos Acero Acanalado 3Lts;BAÑO > CESTOS PARA BAÑO ;;;;;;;35,500.00;;0.40;25.00;15.00;15.00;0;;;SI;NO;"<div class=""recomendadosrow row"" style=""box-sizing: border-box; margin-right: -15px; margin-left: -15px; padding-left: 15px; padding-right: 15px; color: #060606; font-family: 'Nunito Sans', sans-serif; font-size: 14px; font-style: normal; font-variant-ligatures: normal; font-variant-caps: normal; font-weight: 300; letter-spacing: normal; orphans: 2; text-align: start; text-indent: 0px; text-transform: none; widows: 2; word-spacing: 0px; -webkit-text-stroke-width: 0px; white-space: normal; background-color: #ffffff; text-decoration-thickness: initial; text-decoration-style: initial; text-decoration-color: initial;"">&nbsp;</div>
<div id=""detalle"" class=""row"" style=""box-sizing: border-box; margin-right: -15px; margin-left: -15px; color: #060606; font-family: 'Nunito Sans', sans-serif; font-size: 14px; font-style: normal; font-variant-ligatures: normal; font-variant-caps: normal; font-weight: 300; letter-spacing: normal; orphans: 2; text-align: start; text-indent: 0px; text-transform: none; widows: 2; word-spacing: 0px; -webkit-text-stroke-width: 0px; white-space: normal; background-color: #ffffff; text-decoration-thickness: initial; text-decoration-style: initial; text-decoration-color: initial;"">
<div class=""product-tab col-md-12 clearfix"" style=""box-sizing: border-box; position: relative; min-height: 1px; padding-right: 15px; padding-left: 15px; float: none; width: 1170px; clear: both; display: inline-block;"">
<div class=""tab-content"" style=""box-sizing: border-box;"">
<div id=""Descripci&oacute;n"" class=""tab-pane active"" style=""box-sizing: border-box; display: block;"">Cesto de residuos redondo de acero inoxidable acanalado con asas<br style=""box-sizing: border-box;"" />incluye balde interno de plastico. 3lts<br style=""box-sizing: border-box;"" /><br style=""box-sizing: border-box;"" /><strong style=""box-sizing: border-box; font-weight: bold;"">Color: Blanco</strong><br style=""box-sizing: border-box;"" /><br style=""box-sizing: border-box;"" /><em style=""box-sizing: border-box;"">Medidas:<br style=""box-sizing: border-box;"" />Alto total: 24 cm.<br style=""box-sizing: border-box;"" />Alto: 21,5 cm.<br style=""box-sizing: border-box;"" />Di&aacute;metro: 16,5 cm.<br style=""box-sizing: border-box;"" />Ancho de pedal: 6 cm.<br style=""box-sizing: border-box;"" />Capacidad:3 lts.<br style=""box-sizing: border-box;"" /></em><br style=""box-sizing: border-box;"" /><br style=""box-sizing: border-box;"" />En caja</div>
</div>
</div>
</div>";;;;;SI;;;;;Visible
tacho-residuos-acero-acanalado-3lts-lpe5b;Tacho Residuos Acero Acanalado 3Lts;BAÑO > CESTOS PARA BAÑO ;;;;;;;35,500.00;;0.40;20.00;15.00;15.00;0;;;SI;NO;"<div class=""recomendadosrow row"" style=""box-sizing: border-box; margin-right: -15px; margin-left: -15px; padding-left: 15px; padding-right: 15px; color: #060606; font-family: 'Nunito Sans', sans-serif; font-size: 14px; font-style: normal; font-variant-ligatures: normal; font-variant-caps: normal; font-weight: 300; letter-spacing: normal; orphans: 2; text-align: start; text-indent: 0px; text-transform: none; widows: 2; word-spacing: 0px; -webkit-text-stroke-width: 0px; white-space: normal; background-color: #ffffff; text-decoration-thickness: initial; text-decoration-style: initial; text-decoration-color: initial;"">&nbsp;</div>
<div id=""detalle"" class=""row"" style=""box-sizing: border-box; margin-right: -15px; margin-left: -15px; color: #060606; font-family: 'Nunito Sans', sans-serif; font-size: 14px; font-style: normal; font-variant-ligatures: normal; font-variant-caps: normal; font-weight: 300; letter-spacing: normal; orphans: 2; text-align: start; text-indent: 0px; text-transform: none; widows: 2; word-spacing: 0px; -webkit-text-stroke-width: 0px; white-space: normal; background-color: #ffffff; text-decoration-thickness: initial; text-decoration-style: initial; text-decoration-color: initial;"">
<div class=""product-tab col-md-12 clearfix"" style=""box-sizing: border-box; position: relative; min-height: 1px; padding-right: 15px; padding-left: 15px; float: none; width: 1170px; clear: both; display: inline-block;"">
<div class=""tab-content"" style=""box-sizing: border-box;"">
<div id=""Descripci&oacute;n"" class=""tab-pane active"" style=""box-sizing: border-box; display: block;"">Cesto de residuos redondo de acero inoxidable acanalado con asas<br style=""box-sizing: border-box;"" />incluye balde interno de plastico. 3lts<br style=""box-sizing: border-box;"" /><br style=""box-sizing: border-box;"" /><strong style=""box-sizing: border-box; font-weight: bold;"">Color: Negro</strong><br style=""box-sizing: border-box;"" /><br style=""box-sizing: border-box;"" /><em style=""box-sizing: border-box;"">Medidas:<br style=""box-sizing: border-box;"" />Alto total: 24 cm.<br style=""box-sizing: border-box;"" />Alto: 21,5 cm.<br style=""box-sizing: border-box;"" />Di&aacute;metro: 16,5 cm.<br style=""box-sizing: border-box;"" />Ancho de pedal: 6 cm.<br style=""box-sizing: border-box;"" />Capacidad:3 lts.<br style=""box-sizing: border-box;"" /></em><br style=""box-sizing: border-box;"" /><br style=""box-sizing: border-box;"" />En caja</div>
</div>
</div>
</div>";;;;;SI;;;;;Visible
porta-cosmeticos-para-viaje-20x15cm-hmchf;Porta cosméticos para viaje 20x15cm;ORGANIZACIÓN;Color;Verde;;;;;6,000.00;;0.05;15.00;20.00;2.00;3;;;SI;NO;"<p data-start=""67"" data-end=""314""><strong data-start=""67"" data-end=""111"">Portacosm&eacute;ticos de Viaje &ndash; Tela de Avi&oacute;n</strong><br data-start=""111"" data-end=""114"" />Pr&aacute;ctico, resistente y <strong data-start=""137"" data-end=""154"">super liviano</strong>, este portacosm&eacute;ticos es ideal para llevar todo lo necesario en tus viajes. Est&aacute; confeccionado en poliester.</p>
<p data-start=""316"" data-end=""329"">Cuenta con:</p>
<ul data-start=""330"" data-end=""565"">
<li data-start=""330"" data-end=""377"">
<p data-start=""332"" data-end=""377""><strong data-start=""332"" data-end=""375"">1 compartimiento con visor transparente</strong></p>
</li>
<li data-start=""378"" data-end=""410"">
<p data-start=""380"" data-end=""410""><strong data-start=""380"" data-end=""408"">1 compartimiento con red</strong></p>
</li>
<li data-start=""411"" data-end=""439"">
<p data-start=""413"" data-end=""439""><strong data-start=""413"" data-end=""437"">1 bolsillo adicional</strong></p>
</li>
<li data-start=""440"" data-end=""523"">
<p data-start=""442"" data-end=""523""><strong data-start=""442"" data-end=""464"">Percha incorporada</strong> para colgarlo y acceder f&aacute;cilmente a todos tus productos</p>
</li>
<li data-start=""524"" data-end=""565"">
<p data-start=""526"" data-end=""565""><strong data-start=""526"" data-end=""542"">Doble cierre</strong> para mayor seguridad</p>
</li>
</ul>
<p data-start=""567"" data-end=""581""><strong data-start=""567"" data-end=""579"">Medidas:</strong></p>
<ul data-start=""582"" data-end=""657"">
<li data-start=""582"" data-end=""629"">
<p data-start=""584"" data-end=""629"">Abierto: <strong data-start=""593"" data-end=""627"">20 cm de ancho x 32 cm de alto</strong></p>
</li>
<li data-start=""630"" data-end=""657"">
<p data-start=""632"" data-end=""657"">Cerrado: <strong data-start=""641"" data-end=""655"">20 x 15 cm</strong></p>
</li>
</ul>
<p data-start=""659"" data-end=""769"">Disponible en <strong data-start=""673"" data-end=""688"">azul oscuro</strong> y <strong data-start=""691"" data-end=""708"">verde militar</strong>, colores modernos y vers&aacute;tiles para cualquier tipo de viaje.</p>";;;;;SI;;;;;Visible
porta-cosmeticos-para-viaje-20x15cm-hmchf;;;Color;Azul;;;;;6,000.00;;0.05;15.00;20.00;2.00;2;;;;;;;;;;;;;;;
100-luces-arroz-9-5m-calida-32hzj;100 luces Arroz 9.5m - Calida;LIVING > ILUMINACION, NAVIDAD;;;;;;;8,900.00;;0.15;5.00;10.00;5.00;2;;;SI;NO;"<p>lumina tus celebraciones con la encantadora tira de luces de arroz LED, ideal para decorar tu hogar en Navidad.</p>
<p>Con una longitud de 9.5 metros, esta tira cuenta con 100 luces que brindan un brillo c&aacute;lido y acogedor, perfecto para crear un ambiente festivo.</p>
<p>Su dise&ntilde;o incluye un enchufe de color transparente, lo que permite una integraci&oacute;n armoniosa en cualquier decoraci&oacute;n.</p>
<p>La luz LED no solo es eficiente energ&eacute;ticamente, sino que tambi&eacute;n ofrece una durabilidad excepcional, asegurando que tus decoraciones brillen a&ntilde;o tras a&ntilde;o.</p>
<p>Esta tira es adecuada para uso en interiores, lo que la convierte en una opci&oacute;n vers&aacute;til para adornar tu &aacute;rbol de Navidad, ventanas o cualquier rinc&oacute;n especial.</p>
<p>Con su color de cable transparente, se adapta a cualquier estilo decorativo, haciendo que cada espacio luzca m&aacute;gico y lleno de alegr&iacute;a. &iexcl;Haz que tus festividades sean inolvidables con esta maravillosa tira de luces!</p>";;;;;SI;;;;;Visible
florero-vidrio-labrado-20cm-qlsls;Florero vidrio labrado 20cm;LIVING > DECO - FLOREROS;;;;;;;10,900.00;;0.30;20.00;7.00;7.00;2;;;SI;NO;"<p><strong><span style=""color: #060606; font-family: 'Nunito Sans', sans-serif; font-size: 14px; background-color: #ffffff;"">Florero de vidrio labrado</span></strong></p>
<p><br style=""box-sizing: border-box; color: #060606; font-family: 'Nunito Sans', sans-serif; font-size: 14px; background-color: #ffffff;"" /><em style=""box-sizing: border-box; color: #060606; font-family: 'Nunito Sans', sans-serif; font-size: 14px; background-color: #ffffff;"">Medidas:<br style=""box-sizing: border-box;"" />Alto: 20 cm<br style=""box-sizing: border-box;"" />Diametro superior: 7,5 cm<br style=""box-sizing: border-box;"" />Di&aacute;metro inferior: 9,5 cm</em></p>";;;;;SI;;;;;Visible
guirnalda-microled-corcho-10-luces-1-metro-luz-calida-gsrdz;Guirnalda Microled Corcho 10 Luces 1 Metro Luz Cálida;LIVING > ILUMINACION, NAVIDAD;;;;;;;1,800.00;;0.02;2.00;2.00;2.00;18;;;SI;NO;"<p><strong>Guirnalda Microled Corcho 10 Luces 1 Metro Luz C&aacute;lida</strong></p>
<p>Ilumina tus espacios con esta elegante <strong>guirnalda de microled</strong>. Con 10 luces c&aacute;lidas distribuidas a lo largo de 1 <strong>metro,</strong>&nbsp;es perfecta para crear un ambiente acogedor en cualquier rinc&oacute;n de tu hogar. Su dise&ntilde;o con corcho no solo la hace <strong>est&eacute;ticamente atractiva</strong>, sino tambi&eacute;n vers&aacute;til, adapt&aacute;ndose a diversas decoraciones. Ideal para fiestas, eventos o simplemente para darle un toque especial a tu d&iacute;a a d&iacute;a.</p>
<p>&iexcl;Transform&aacute; tu hogar con esta hermosa guirnalda!</p>";led;;;;SI;;;;;Visible
guirnalda-microled-corcho-20-luces-2-metros-luz-calida-hjcdl;Guirnalda Microled Corcho 20 Luces 2 Metros Luz Cálida;LIVING > ILUMINACION, NAVIDAD;;;;;;;2,400.00;;0.02;2.00;2.00;2.00;18;;;SI;NO;"<p><strong>Guirnalda Microled Corcho 20 Luces 2 Metros Luz C&aacute;lida</strong></p>
<p>Ilumina tus espacios con esta elegante <strong>guirnalda de microled</strong>. Con 20 luces c&aacute;lidas distribuidas a lo largo de 2<strong>&nbsp;metros</strong>, es perfecta para crear un ambiente acogedor en cualquier rinc&oacute;n de tu hogar. Su dise&ntilde;o con corcho no solo la hace <strong>est&eacute;ticamente atractiva</strong>, sino tambi&eacute;n vers&aacute;til, adapt&aacute;ndose a diversas decoraciones. Ideal para fiestas, eventos o simplemente para darle un toque especial a tu d&iacute;a a d&iacute;a.</p>
<p>&iexcl;Transform&aacute; tu hogar con esta hermosa guirnalda!</p>";led;;;;SI;;;;;Visible
arbol-navideno-60cm-cono-1b8c9;Arbol navideño 60cm - cono;NAVIDAD;;;;;;;35,000.00;;0.20;60.00;18.00;18.00;4;;;NO;NO;"<p data-start=""55"" data-end=""327""><strong data-start=""55"" data-end=""90"">&Aacute;rbol navide&ntilde;o en forma de cono</strong>, de&nbsp;<strong data-start=""95"" data-end=""114"">1 metro de alto</strong>.</p>
<p data-start=""55"" data-end=""327"">Medidas: 60cm alto x 18cm de base</p>
<p data-start=""55"" data-end=""327""><br data-start=""115"" data-end=""118"" data-is-only-node="""" />Presenta un dise&ntilde;o degradado:&nbsp;<strong data-start=""148"" data-end=""213"">plateado desde la base hasta la mitad y blanco hacia la punta</strong>, todo cubierto de brillos.</p>
<p data-start=""55"" data-end=""327""><br data-start=""240"" data-end=""243"" />Cuenta con&nbsp;<strong data-start=""254"" data-end=""275"">estructura r&iacute;gida</strong>, ideal para colocar en el piso, muebles o entradas.</p>
<p>&nbsp;</p>
<p data-start=""329"" data-end=""398"" data-is-last-node="""" data-is-only-node="""">Aporta un toque moderno, elegante y muy festivo a cualquier ambiente.</p>";;;;;SI;;;;;Oculto
florero-vidrio-13x30-c1nhk;Florero Vidrio 13x30;LIVING > DECO - FLOREROS, NAVIDAD;;;;;;;23,900.00;;0.30;30.00;13.00;13.00;1;;;SI;NO;"<p><strong data-start=""81"" data-end=""116"">Florero de vidrio de 13 x 30 cm.</strong></p>
<p><br data-start=""116"" data-end=""119"" />Dise&ntilde;o simple y moderno, con forma cil&iacute;ndrica y l&iacute;neas limpias que realzan cualquier arreglo floral. Ideal para decorar mesas, estantes o rincones especiales de tu hogar.</p>
<p>Liviano, vers&aacute;til y f&aacute;cil de combinar con distintos estilos.</p>";;;;;SI;;;;;Visible
florero-vidrio-13x25-hnvc0;Florero Vidrio 13x25;LIVING > DECO - FLOREROS, NAVIDAD;;;;;;;21,900.00;;0.30;25.00;13.00;13.00;1;;;SI;NO;"<p><strong data-start=""81"" data-end=""116"">Florero de vidrio de 13 x 25 cm.</strong></p>
<p><br data-start=""116"" data-end=""119"" />Dise&ntilde;o simple y moderno, con forma cil&iacute;ndrica y l&iacute;neas limpias que realzan cualquier arreglo floral. Ideal para decorar mesas, estantes o rincones especiales de tu hogar.</p>
<p>Liviano, vers&aacute;til y f&aacute;cil de combinar con distintos estilos.</p>";;;;;SI;;;;;Visible
deco-navidena-11x10cm-om40f;Deco Navideña 11x10cm;NAVIDAD;;;;;;;9,900.00;;0.05;10.00;10.00;1.00;3;;;NO;NO;"<p style=""margin-top: 20px; margin-bottom: 20px; padding: 0px; border: 0px; outline: 0px; vertical-align: baseline; max-width: 100%; color: #434343; font-family: Montserrat, sans-serif; font-size: 14px; background-color: #ffffff;""><strong style=""font-weight: bold; margin: 0px; padding: 0px; border: 0px; outline: 0px; vertical-align: baseline;"" data-start=""52"" data-end=""90"">Deco navide&ntilde;a.</strong></p>
<p style=""margin-top: 20px; margin-bottom: 20px; padding: 0px; border: 0px; outline: 0px; vertical-align: baseline; max-width: 100%; color: #434343; font-family: Montserrat, sans-serif; font-size: 14px; background-color: #ffffff;"">Ideal para colgar en el &aacute;rbol, puertas, decoracion para tu mesa o paredes.</p>
<p style=""margin-top: 20px; margin-bottom: 20px; padding: 0px; border: 0px; outline: 0px; vertical-align: baseline; max-width: 100%; color: #434343; font-family: Montserrat, sans-serif; font-size: 14px; background-color: #ffffff;""><br data-start=""170"" data-end=""173"" data-is-only-node="""" />Mide&nbsp;<strong style=""font-weight: bold; margin: 0px; padding: 0px; border: 0px; outline: 0px; vertical-align: baseline;"" data-start=""178"" data-end=""199"">11x10 cm</strong>&nbsp;y aporta un toque festivo, elegante y luminoso a cualquier espacio.</p>";;;;;SI;;;;;Oculto
deco-papa-noel-15x6cm-k5o7g;Deco Papa Noel - 15x6cm;NAVIDAD;;;;;;;7,000.00;;0.05;15.00;5.00;2.00;1;;;NO;NO;"<p data-start=""49"" data-end=""176""><strong data-start=""49"" data-end=""79"">Deco navide&ntilde;a de Pap&aacute; Noel</strong>, ideal para <strong data-start=""92"" data-end=""111"">colgar o apoyar</strong>.</p>
<p data-start=""49"" data-end=""176""><br data-start=""112"" data-end=""115"" data-is-only-node="""" />Disponible en <strong data-start=""129"" data-end=""149"">colores surtidos</strong>.</p>
<p data-start=""49"" data-end=""176""><br data-start=""150"" data-end=""153"" />Medidas: <strong data-start=""162"" data-end=""175"">15 x 6 cm</strong>.</p>
<p data-start=""49"" data-end=""176"">Hecho en tela.&nbsp;</p>
<p data-start=""49"" data-end=""176"">&nbsp;</p>
<p>&nbsp;</p>
<p data-start=""178"" data-end=""255"" data-is-last-node="""" data-is-only-node="""">Perfecta para sumar un toque festivo y tierno a cualquier rinc&oacute;n de tu hogar.</p>";;;;;SI;;;;;Oculto
arbolito-deco-14cm-ygcac;Arbolito DECO 14cm;NAVIDAD;;;;;;;9,900.00;;0.05;12.00;5.00;2.00;2;;;NO;NO;"<p style=""margin-top: 20px; margin-bottom: 20px; padding: 0px; border: 0px; outline: 0px; vertical-align: baseline; max-width: 100%; color: #434343; font-family: Montserrat, sans-serif; font-size: 14px; background-color: #ffffff;""><strong style=""font-weight: bold; margin: 0px; padding: 0px; border: 0px; outline: 0px; vertical-align: baseline;"" data-start=""52"" data-end=""90"">Deco navide&ntilde;a en forma de estrella</strong>, cubierta de brillos color champagne con pelotitas blancas.</p>
<p style=""margin-top: 20px; margin-bottom: 20px; padding: 0px; border: 0px; outline: 0px; vertical-align: baseline; max-width: 100%; color: #434343; font-family: Montserrat, sans-serif; font-size: 14px; background-color: #ffffff;"">Ideal para colgar en el &aacute;rbol, puertas, decoracion para tu mesa o paredes.</p>
<p style=""margin-top: 20px; margin-bottom: 20px; padding: 0px; border: 0px; outline: 0px; vertical-align: baseline; max-width: 100%; color: #434343; font-family: Montserrat, sans-serif; font-size: 14px; background-color: #ffffff;""><br data-start=""170"" data-end=""173"" data-is-only-node="""" />Mide&nbsp;<strong style=""font-weight: bold; margin: 0px; padding: 0px; border: 0px; outline: 0px; vertical-align: baseline;"" data-start=""178"" data-end=""199"">14 cm de di&aacute;metro</strong> y aporta un toque festivo, elegante y luminoso a cualquier espacio.</p>";;;;;SI;;;;;Oculto
deco-navidena-17x8cm-y41i7;Deco Navideña 17x8cm;NAVIDAD;;;;;;;9,900.00;;0.05;17.00;8.00;2.00;1;;;NO;NO;"<p style=""margin-top: 20px; margin-bottom: 20px; padding: 0px; border: 0px; outline: 0px; vertical-align: baseline; max-width: 100%; color: #434343; font-family: Montserrat, sans-serif; font-size: 14px; background-color: #ffffff;""><strong style=""font-weight: bold; margin: 0px; padding: 0px; border: 0px; outline: 0px; vertical-align: baseline;"" data-start=""52"" data-end=""90"">Deco navide&ntilde;a en forma de trineos</strong></p>
<p style=""margin-top: 20px; margin-bottom: 20px; padding: 0px; border: 0px; outline: 0px; vertical-align: baseline; max-width: 100%; color: #434343; font-family: Montserrat, sans-serif; font-size: 14px; background-color: #ffffff;"">Ideal para colgar en el &aacute;rbol, puertas, decoracion para tu mesa o paredes.</p>
<p style=""margin-top: 20px; margin-bottom: 20px; padding: 0px; border: 0px; outline: 0px; vertical-align: baseline; max-width: 100%; color: #434343; font-family: Montserrat, sans-serif; font-size: 14px; background-color: #ffffff;""><br data-start=""170"" data-end=""173"" data-is-only-node="""" />Mide&nbsp;<strong style=""font-weight: bold; margin: 0px; padding: 0px; border: 0px; outline: 0px; vertical-align: baseline;"" data-start=""178"" data-end=""199"">17x8 cm</strong>&nbsp;y aporta un toque festivo, elegante y luminoso a cualquier espacio.</p>";;;;;SI;;;;;Oculto
florero-gold-vidrio-labrado-15-5x6cm-fkeqa;Florero Gold Vidrio Labrado 15.5x6cm;LIVING > DECO - FLOREROS, NAVIDAD;;;;;;;13,900.00;;0.20;15.00;5.00;5.00;1;;;SI;NO;"<p style=""margin-top: 20px; margin-bottom: 20px; padding: 0px; border: 0px; outline: 0px; vertical-align: baseline; max-width: 100%; color: #434343; font-family: Montserrat, sans-serif; font-size: 14px; background-color: #ffffff;""><strong style=""font-weight: bold; margin: 0px; padding: 0px; border: 0px; outline: 0px; vertical-align: baseline;"">Florero Vidrio Labrado 15.5x6cm</strong></p>
<p style=""margin-top: 20px; margin-bottom: 20px; padding: 0px; border: 0px; outline: 0px; vertical-align: baseline; max-width: 100%; color: #434343; font-family: Montserrat, sans-serif; font-size: 14px; background-color: #ffffff;"">Una pieza &uacute;nica que a&ntilde;ade un toque de sofisticaci&oacute;n a tu hogar. Con un elegante dise&ntilde;o en&nbsp;<strong style=""font-weight: bold; margin: 0px; padding: 0px; border: 0px; outline: 0px; vertical-align: baseline;"">vidrio labrado</strong>, este florerito mide&nbsp;<strong style=""font-weight: bold; margin: 0px; padding: 0px; border: 0px; outline: 0px; vertical-align: baseline;"">15.5x6cm</strong>, ideal para exhibir tus flores favoritas o como un objeto decorativo por s&iacute; solo.</p>
<p style=""margin-top: 20px; margin-bottom: 20px; padding: 0px; border: 0px; outline: 0px; vertical-align: baseline; max-width: 100%; color: #434343; font-family: Montserrat, sans-serif; font-size: 14px; background-color: #ffffff;"">Su acabado brillante y detalles elaborados garantizan que se convierta en el centro de atenci&oacute;n de cualquier ambiente.&nbsp;<strong style=""font-weight: bold; margin: 0px; padding: 0px; border: 0px; outline: 0px; vertical-align: baseline;"">No te pierdas</strong>&nbsp;la oportunidad de embellecer tu espacio con esta elegante pieza que combina estilo y funcionalidad. &iexcl;Hazlo tuyo y transforma tu decoraci&oacute;n!</p>
<p style=""margin-top: 20px; margin-bottom: 20px; padding: 0px; border: 0px; outline: 0px; vertical-align: baseline; max-width: 100%; color: #434343; font-family: Montserrat, sans-serif; font-size: 14px; background-color: #ffffff;"">Las imagenes son ilustrativas, no incluye luz led que se encuentra en las imagenes.</p>";;;;;SI;;;;;Visible
fanal-de-vidrio-labrado-7-5x5-5cm-8bmrt;Fanal de vidrio labrado 7.5x5.5cm;VELAS Y ACCESORIOS > Portavelas y Bandejas, NAVIDAD;;;;;;;4,900.00;;0.10;7.00;5.00;5.00;9;;;SI;NO;"<p data-start=""57"" data-end=""219""><strong data-start=""57"" data-end=""84"">Fanal de vidrio labrado</strong>, color transparente, con dise&ntilde;o de <strong data-start=""120"" data-end=""141"">rayas en diagonal</strong>.</p>
<p data-start=""57"" data-end=""219""><br data-start=""142"" data-end=""145"" data-is-only-node="""" />Medidas: <strong data-start=""154"" data-end=""170"">7.5 x 5.5 cm</strong>.</p>
<p data-start=""57"" data-end=""219""><br data-start=""171"" data-end=""174"" />No incluye vela LED (se compra por separado).</p>
<p>&nbsp;</p>
<p data-start=""221"" data-end=""306"" data-is-last-node="""" data-is-only-node="""">Ideal para decorar mesas, estantes o rincones, aportando un brillo c&aacute;lido y elegante.</p>";;;;;SI;;;;;Visible
packx6-un-plato-hondo-20-5cm-unni-t0d2u;Packx6 un Plato Hondo 20.5cm UNNI;COCINA > BAZAR > CUBIERTOS - VAJILLA, NAVIDAD;;;;;;;48,500.00;;0.70;20.00;20.00;10.00;0;;;SI;NO;"<p><strong><span style=""color: #060606; font-family: 'Nunito Sans', sans-serif; font-size: 14px; background-color: #ffffff;"">Setx6 unidades.</span></strong></p>
<p><span style=""color: #060606; font-family: 'Nunito Sans', sans-serif; font-size: 14px; background-color: #ffffff;"">Plato hondo redondo de ceramica</span><br style=""box-sizing: border-box; color: #060606; font-family: 'Nunito Sans', sans-serif; font-size: 14px; background-color: #ffffff;"" /><span style=""color: #060606; font-family: 'Nunito Sans', sans-serif; font-size: 14px; background-color: #ffffff;"">L&iacute;nea: Unni</span><br style=""box-sizing: border-box; color: #060606; font-family: 'Nunito Sans', sans-serif; font-size: 14px; background-color: #ffffff;"" /><span style=""box-sizing: border-box; font-weight: bold; color: #060606; font-family: 'Nunito Sans', sans-serif; font-size: 14px; background-color: #ffffff;"">Color:Gris</span><br style=""box-sizing: border-box; color: #060606; font-family: 'Nunito Sans', sans-serif; font-size: 14px; background-color: #ffffff;"" /><br style=""box-sizing: border-box; color: #060606; font-family: 'Nunito Sans', sans-serif; font-size: 14px; background-color: #ffffff;"" /><em style=""box-sizing: border-box; color: #060606; font-family: 'Nunito Sans', sans-serif; font-size: 14px; background-color: #ffffff;"">Medidas:<br style=""box-sizing: border-box;"" />Diametro:20,5 cm.<br style=""box-sizing: border-box;"" />Altura:5 cm.<br style=""box-sizing: border-box;"" />Capacidad:500cc</em></p>";;;;;SI;;;;;Visible
packx6-un-plato-postre-19cm-unni-n8c18;Packx6 un Plato Postre 19cm UNNI;COCINA > BAZAR > CUBIERTOS - VAJILLA, NAVIDAD;;;;;;;44,500.00;;0.80;20.00;20.00;10.00;3;;;SI;NO;"<p><strong><span style=""color: #060606; font-family: 'Nunito Sans', sans-serif; font-size: 14px; background-color: #ffffff;"">Setx6 unidades.</span></strong></p>
<p><span style=""color: #060606; font-family: 'Nunito Sans', sans-serif; font-size: 14px; background-color: #ffffff;"">Plato postre redondo de ceramica</span><br style=""box-sizing: border-box; color: #060606; font-family: 'Nunito Sans', sans-serif; font-size: 14px; background-color: #ffffff;"" /><span style=""color: #060606; font-family: 'Nunito Sans', sans-serif; font-size: 14px; background-color: #ffffff;"">L&iacute;nea: Unni</span><br style=""box-sizing: border-box; color: #060606; font-family: 'Nunito Sans', sans-serif; font-size: 14px; background-color: #ffffff;"" /><span style=""box-sizing: border-box; font-weight: bold; color: #060606; font-family: 'Nunito Sans', sans-serif; font-size: 14px; background-color: #ffffff;"">Color:Gris</span><br style=""box-sizing: border-box; color: #060606; font-family: 'Nunito Sans', sans-serif; font-size: 14px; background-color: #ffffff;"" /><br style=""box-sizing: border-box; color: #060606; font-family: 'Nunito Sans', sans-serif; font-size: 14px; background-color: #ffffff;"" /><em style=""box-sizing: border-box; color: #060606; font-family: 'Nunito Sans', sans-serif; font-size: 14px; background-color: #ffffff;"">Medidas:<br style=""box-sizing: border-box;"" />Diametro:19 cm.<br style=""box-sizing: border-box;"" />Altura:2,5 cm.</em></p>";;;;;SI;;;;;Visible
packx6-un-plato-playo-26cm-unni-2irg2;Packx6 un Plato Playo 26cm UNNI;COCINA > BAZAR > CUBIERTOS - VAJILLA, NAVIDAD;;;;;;;54,500.00;;0.80;30.00;30.00;10.00;0;;;SI;NO;"<p><strong>Setx6 unidades </strong></p>
<p>Plato playo redondo de ceramica</p>
<p>L&iacute;nea: Unni</p>
<p>Color:Gris</p>
<p>&nbsp;</p>
<p><strong>Medidas:</strong></p>
<p>Diametro:26 cm.</p>
<p>Altura:2,5 cm.</p>";;;;;SI;;;;;Visible
setx2-velas-led-grises-25cm-5l3d5;Setx2 Velas LED Grises 25cm;NAVIDAD;;;;;;;6,900.00;;0.10;25.00;4.00;2.00;3;;;SI;NO;"<p><strong>Setx2 Velas Luz LED C&aacute;lida&nbsp;</strong></p>
<p>Ilumina tus espacios con estas elegantes&nbsp;<strong>Vela Luz LED C&aacute;lida x2 unidades,</strong>&nbsp;perfectas para crear un ambiente acogedor en cualquier rinc&oacute;n de tu hogar. Su dise&ntilde;o no solo la hace <strong>est&eacute;ticamente atractiva</strong>, sino tambi&eacute;n vers&aacute;til, adapt&aacute;ndose a diversas decoraciones. Ideal para fiestas, eventos o simplemente para darle un toque especial a tu d&iacute;a a d&iacute;a.</p>
<p>Medidas: 25x2cm cada una.</p>
<p>Color Gris.&nbsp;</p>
<p>NO Incluye pilas. Funcionan con pilas 4AAA-</p>";;;;;SI;;;;;Visible
setx20-bolas-navidenas-4cm-m4jnr;Setx20 bolas navideñas 4cm;NAVIDAD;;;;;;;12,500.00;;0.05;15.00;10.00;5.00;1;;;NO;NO;"<p><strong data-start=""44"" data-end=""103"">Set x20 bolas navide&ntilde;as con brillo de 4 cm de di&aacute;metro.</strong></p>
<p><strong data-start=""44"" data-end=""103"">Vienen diferentes modelos todos en la gama del plateado.</strong></p>
<p>Vienen en caja, son livianas y f&aacute;ciles de colgar.</p>
<p>Ideales para decorar el &aacute;rbol, guirnaldas o centros de mesa, aportando un toque festivo y luminoso a tu hogar.</p>";;;;;SI;;;;;Oculto
estrella-navidena-14cm-ty0he;Estrella navideña 14cm;NAVIDAD;;;;;;;9,900.00;;0.05;10.00;10.00;2.00;2;;;NO;NO;"<p><strong data-start=""52"" data-end=""90"">Deco navide&ntilde;a en forma de estrella</strong>, cubierta de brillos plateados.</p>
<p>Ideal para colgar en el &aacute;rbol, puertas, decoracion para tu mesa o paredes.</p>
<p><br data-start=""170"" data-end=""173"" data-is-only-node="""" />Mide <strong data-start=""178"" data-end=""199"">14 cm de di&aacute;metro</strong> y aporta un toque festivo, elegante y luminoso a cualquier espacio.</p>";;;;;SI;;;;;Oculto
estrella-navidena-14cm-91jy3;Estrella navideña 14cm;NAVIDAD;;;;;;;9,900.00;;0.05;10.00;10.00;2.00;2;;;NO;NO;"<p><strong data-start=""52"" data-end=""90"">Deco navide&ntilde;a en forma de estrella</strong>, cubierta de brillos dorados.</p>
<p>Ideal para colgar en el &aacute;rbol, puertas, decoracion para tu mesa o paredes.</p>
<p><br data-start=""170"" data-end=""173"" data-is-only-node="""" />Mide&nbsp;<strong data-start=""178"" data-end=""199"">14 cm de di&aacute;metro</strong>&nbsp;y aporta un toque festivo, elegante y luminoso a cualquier espacio.</p>";;;;;SI;;;;;Oculto
florero-vidrio-13x8cm-8s3uo;Florero Vidrio 13x8cm;LIVING > DECO - FLOREROS, NAVIDAD, BLACK DELUAR;;;;;;;14,900.00;;0.20;8.00;13.00;13.00;1;;;SI;NO;"<p><strong data-start=""81"" data-end=""116"">Florero de vidrio de 13 x 8 cm.</strong></p>
<p><br data-start=""116"" data-end=""119"" />Dise&ntilde;o simple y moderno, con forma cil&iacute;ndrica y l&iacute;neas limpias que realzan cualquier arreglo floral. Ideal para decorar mesas, estantes o rincones especiales de tu hogar.</p>
<p>Liviano, vers&aacute;til y f&aacute;cil de combinar con distintos estilos.</p>";;;;;SI;;;;;Visible
set-vajilla-16pz-opal-blanco-cuadrado-txvbq;Set Vajilla 16Pz Opal Blanco Cuadrado;COCINA > BAZAR > CUBIERTOS - VAJILLA;;;;;;;79,900.00;;0.80;25.00;25.00;15.00;2;;;SI;NO;"<p>Set de vajilla de vidrio opal blanco de 16 Piezas.</p>
<p>L&iacute;nea cuadrada con bordes redondeados.</p>
<p>Incluye:</p>
<p>4 Platos Playos de 28 cm.</p>
<p>4 Platos Postre de 21 cm.</p>
<p>4 Bowls de 16 cm.</p>
<p>4 Jarros de 350cc.</p>
<p>&nbsp;</p>
<p>En caja.</p>
<p>Apto microondas y lavavajillas.</p>";;;;;SI;;;;;Visible
set-vajilla-24piezas-opal-blanco-redondo-nw9pq;Set Vajilla 24Piezas Opal Blanco Redondo;COCINA > BAZAR > CUBIERTOS - VAJILLA;;;;;;;99,900.00;;0.5;25.00;25.00;15.00;1;;;SI;NO;"<p>Set de vajilla de vidrio opal blanco de 24 Piezas.</p>
<p>L&iacute;nea redonda.</p>
<p>Incluye:</p>
<p>6 Platos Playos de 24 cm.</p>
<p>6 Platos Postre de 20 cm.</p>
<p>6 Bowls de 16 cm.</p>
<p>6 Jarros de 350cc.</p>
<p>&nbsp;</p>
<p>En caja.</p>
<p>Apto microondas y lavavajillas.</p>";;;;;SI;;;;;Visible
pino-navideno-27cm-k61js;Pino navideño - 27cm;NAVIDAD;;;;;;;4,000.00;;0.05;27.00;10.00;10.00;5;;;NO;NO;"<p>Este pino navide&ntilde;o es perfecto para sumar un detalle festivo a cualquier rinc&oacute;n.</p>
<p>Mide <strong data-start=""196"" data-end=""213"">27 cm de alto</strong>, tiene <strong data-start=""221"" data-end=""238"">base pl&aacute;stica</strong> y est&aacute; <strong data-start=""246"" data-end=""277"" data-is-only-node="""">decorado con boas navide&ntilde;as</strong> que le dan un toque alegre y luminoso.</p>
<p>Es <strong data-start=""320"" data-end=""350"">liviano y f&aacute;cil de colocar</strong>, ideal para mesas, estanter&iacute;as o espacios peque&ntilde;os que quieras llenar de esp&iacute;ritu navide&ntilde;o.</p>";;;;;SI;;;;;Oculto
pesebre-navideno-20cm-s03nf;Pesebre navideño - 20cm;NAVIDAD;;;;;;;16,900.00;;0.15;20.00;15.00;2.00;3;;;NO;NO;"<p>Pesebre Navide&ntilde;o de MDF &ndash; 20 cm</p>
<p>Un cl&aacute;sico infaltable para esta Navidad.</p>
<p>Este pesebre de madera MDF, de 20 cm, combina simplicidad y calidez para crear una decoraci&oacute;n tradicional y acogedora.</p>
<p>Ideal para colocar sobre una repisa, mesa o al pie del arbolito, aportando ese toque navide&ntilde;o lleno de significado.</p>";;;;;SI;;;;;Oculto
reno-navideno-20cm-iyb6o;Reno Navideño 20cm;NAVIDAD;Color;Plata;;;;;19,900.00;;0.20;15.00;15.00;3.00;2;;;NO;NO;"<p>Reno Navide&ntilde;o de Metal &ndash; 20 cm</p>
<p>Dale un toque festivo y elegante a tu decoraci&oacute;n con este encantador reno navide&ntilde;o de metal.</p>
<p>Su acabado brilloso refleja la luz y aporta un aire sofisticado a cualquier espacio.</p>
<p>Base de metal.&nbsp;</p>
<p>Disponible en dos colores &mdash;plateado o dorado&mdash;, es ideal para combinar con distintos estilos y crear una atm&oacute;sfera navide&ntilde;a &uacute;nica.</p>";;;;;SI;;;;;Oculto
arbol-navideno-50cm-dorado-ccmq8;Árbol Navideño - 50cm DORADO;NAVIDAD;;;;;;;49,000.00;;0.40;50.00;15.00;5.00;1;;;NO;NO;"<p>Descubr&iacute; nuestro&nbsp;<strong>&aacute;rbol de Navidad de 50 cm de alto</strong>, ideal para espacios reducidos y ambientes modernos.</p>
<p>Est&aacute; confeccionado en&nbsp;<em>metal resistente</em>&nbsp;y presenta un acabado con&nbsp;<em>brillos</em>&nbsp;que aportan un toque festivo y elegante.</p>
<p>Su dise&ntilde;o es de color dorado.&nbsp;</p>
<p>Perfecto para sumar un aire sofisticado a tu decoraci&oacute;n navide&ntilde;a este a&ntilde;o.</p>";;;;;SI;;;;;Oculto
arbol-de-navidad-40cm-silver-white-ufb7y;Árbol de Navidad 40cm Silver White;NAVIDAD;;;;;;;35,000.00;;0.30;40.00;10.00;10.00;2;;;NO;NO;"<p>Descubr&iacute; nuestro&nbsp;<strong>&aacute;rbol de Navidad de 40 cm de alto</strong>, ideal para espacios reducidos y ambientes modernos.</p>
<p>Est&aacute; confeccionado en&nbsp;<em>metal resistente</em>&nbsp;y presenta un acabado con&nbsp;<em>brillos</em>&nbsp;que aportan un toque festivo y elegante.</p>
<p>Su dise&ntilde;o combina los tonos&nbsp;<em>plateado y blanco</em>, ofreciendo un estilo&nbsp;<em>mitad y mitad</em>&nbsp;que ilumina cualquier rinc&oacute;n. Perfecto para sumar un aire sofisticado a tu decoraci&oacute;n navide&ntilde;a este a&ntilde;o.</p>";DELUAR, elegante, metal, navidad, plateado;Árbol de Navidad 40cm Silver White con brillo elegante;Árbol de Navidad 40cm en metal plateado y blanco, ideal para espacios pequeños. Añadí un toque festivo y sofisticado a tu hogar. ¡Compralo ya!;DELUAR;SI;;;;;Oculto
arbol-de-navidad-40cm-champagne-white-yalkt;Árbol de Navidad 40cm Champagne White;NAVIDAD;;;;;;;35,000.00;;0.40;40.00;10.00;10.00;1;;;NO;NO;"<p>Descubr&iacute; nuestro&nbsp;<strong>&aacute;rbol de Navidad de 40 cm de alto</strong>, ideal para espacios reducidos y ambientes modernos.</p>
<p>Est&aacute; confeccionado en&nbsp;<em>metal resistente</em>&nbsp;y presenta un acabado con&nbsp;<em>brillos</em>&nbsp;que aportan un toque festivo y elegante.</p>
<p>Su dise&ntilde;o combina los tonos&nbsp;<em>champagne y blanco</em>, ofreciendo un estilo&nbsp;<em>mitad y mitad</em>&nbsp;que ilumina cualquier rinc&oacute;n. Perfecto para sumar un aire sofisticado a tu decoraci&oacute;n navide&ntilde;a este a&ntilde;o.</p>";champagne, decoracion, elegante, metal, navidad;Árbol de Navidad 40cm Champagne White: Elegancia y brillo;Árbol de Navidad 40 cm en metal con acabado champagne y blanco que aporta brillo y estilo moderno. Ideal para espacios pequeños. ¡Decora con sofisticación!;DELUAR;SI;;;;;Oculto
arbol-de-navidad-white-50cm-qmdu3;Arbol de Navidad WHITE 50cm;NAVIDAD;Tamaño;50 CM;;;;;42,500.00;;0.30;50.00;15.00;15.00;2;;;NO;NO;"<p>Descubr&iacute; nuestro&nbsp;<strong>&aacute;rbol de Navidad de 50 cm de alto</strong>, ideal para espacios reducidos y ambientes modernos.</p>
<p>Est&aacute; confeccionado en&nbsp;<em>metal resistente</em>&nbsp;y presenta un acabado con&nbsp;<em>brillos y simil copos de nieve</em>&nbsp;que aportan un toque festivo y elegante.</p>
<p>Su dise&ntilde;o es de color blanco con simil nieve en las puntas.&nbsp;</p>
<p>Perfecto para sumar un aire sofisticado a tu decoraci&oacute;n navide&ntilde;a este a&ntilde;o.</p>";blanco, decoracion, elegante, metal, navidad;Árbol de Navidad WHITE en metal con brillo - 30 y 50 cm;Árbol de Navidad WHITE en metal blanco con brillo y copos de nieve, ideal para espacios pequeños. Agregá elegancia festiva a tu hogar. ¡Compralo ya!;DELUAR;SI;;;;;Oculto
arbol-de-navidad-snow-silver-50cm-8eccj;Arbol de Navidad SNOW SILVER 50cm;NAVIDAD;Tamaño;50 CM;;;;;45,000.00;;0.40;50.00;15.00;15.00;1;;;NO;NO;"<p>Descubr&iacute; nuestro&nbsp;<strong>&aacute;rbol de Navidad de 50 cm de alto</strong>, ideal para espacios reducidos y ambientes modernos.</p>
<p>Est&aacute; confeccionado en&nbsp;<em>metal resistente</em>&nbsp;y presenta un acabado con&nbsp;<em>brillos</em>&nbsp;que aportan un toque festivo y elegante.</p>
<p>Su dise&ntilde;o es de color plateado con blanco en las puntas, simulando nevar.&nbsp;</p>
<p>Perfecto para sumar un aire sofisticado a tu decoraci&oacute;n navide&ntilde;a este a&ntilde;o.</p>";decoracion, DELUAR, metal, navidad, plata;Árbol de Navidad Snow Silver plateado y blanco, 3 tamaños;Árbol de Navidad Snow Silver en 30, 40 o 50 cm, metal resistente y acabado brillante. Ideal para espacios pequeños y decoración moderna. ¡Decoraló ya!;DELUAR;SI;;;;;Oculto
organizador-colgante-de-tela-3-y-5-estantes-kl45q;Organizador Colgante de tela - 3 y 5 estantes;ORGANIZACIÓN;Tamaño;3 estantes;;;;;14,900.00;;0.10;15.00;15.00;2.00;2;;;SI;NO;"<p>Organizador de tela plegable con 3 estantes, con estructura semi-r&iacute;gida. Para colgar en barral. Anti hongos.</p>
<p>Color: Gris</p>
<p>&nbsp;</p>
<p><em><strong>3 estantes&nbsp;</strong></em></p>
<p>Medidas:</p>
<p>Ancho: 30 cm.</p>
<p>Profundidad: 30 cm.</p>
<p>Alto:60 cm</p>
<p>&nbsp;</p>
<p><em><strong>5 estantes</strong></em></p>
<p>Medidas:</p>
<p>Ancho: 30 cm.</p>
<p>Profundidad: 30 cm.</p>
<p>Alto:100 cm</p>
<p>&nbsp;</p>";colgante, estantes, gris, organizador, tela;Organizador colgante de tela gris con 5 estantes resistente;Organizador colgante de tela gris con 5 estantes, estructura semi-rígida y anti hongos. Perfecto para ordenar eficientemente. ¡Consíguelo ya!;DELUAR;SI;;;;;Visible
organizador-colgante-de-tela-3-y-5-estantes-kl45q;;;Tamaño;5 estantes;;;;;19,900.00;;0.10;15.00;15.00;2.00;3;;;;;;;;;;;;;;;
lata-acero-vintage-galletitas-56917;Lata Acero Vintage GALLETITAS;COCINA > BAZAR > FRASCOS, COCINA > BAZAR > ORGANIZACION COCINA;;;;;;;18,500.00;;0.20;15.00;10.00;10.00;1;;;SI;NO;"<p><strong>Lata Acero Vintage GALLETITAS</strong></p>
<p>Con tapa a presion.&nbsp;</p>
<p>Color Beige.&nbsp;</p>
<p>Medidas: 17x13.5 cm.</p>
<p><br /><em>Pr&aacute;ctica y decorativa</em>, es perfecta para uso diario y para sumar un toque delicado y fino a tu mesa.<br />&iexcl;No te pierdas esta pieza funcional y con dise&ntilde;o &uacute;nico!</p>";cocina, madera, metal, organizador, panera;;;DELUAR;SI;;;;;Visible
lata-acero-vintage-fideos-v6jzx;Lata Acero Vintage FIDEOS;COCINA > BAZAR > FRASCOS, COCINA > BAZAR > ORGANIZACION COCINA;;;;;;;19,500.00;;0.20;15.00;10.00;10.00;4;;;SI;NO;"<p><strong>Lata Acero Vintage FIDEOS</strong></p>
<p>Con tapa a presion.&nbsp;</p>
<p>Color Beige.&nbsp;</p>
<p>Medidas: 27x11cm.</p>
<p><br /><em>Pr&aacute;ctica y decorativa</em>, es perfecta para uso diario y para sumar un toque delicado y fino a tu mesa.<br />&iexcl;No te pierdas esta pieza funcional y con dise&ntilde;o &uacute;nico!</p>";cocina, madera, metal, organizador, panera;;;DELUAR;SI;;;;;Visible
lata-acero-vintage-azucar-3jbfz;Lata Acero Vintage AZUCAR;COCINA > BAZAR > FRASCOS, COCINA > BAZAR > ORGANIZACION COCINA;;;;;;;12,900.00;;0.20;15.00;10.00;10.00;3;;;SI;NO;"<p><strong>Lata Acero Vintage AZUCAR</strong></p>
<p>Con tapa a presion.&nbsp;</p>
<p>Color Beige.&nbsp;</p>
<p>Medidas: 15x11cm.</p>
<p><br /><em>Pr&aacute;ctica y decorativa</em>, es perfecta para uso diario y para sumar un toque delicado y fino a tu mesa.<br />&iexcl;No te pierdas esta pieza funcional y con dise&ntilde;o &uacute;nico!</p>";cocina, madera, metal, organizador, panera;;;DELUAR;SI;;;;;Visible
lata-acero-vintage-te-w8b5z;Lata Acero Vintage TE;COCINA > BAZAR > FRASCOS, COCINA > BAZAR > ORGANIZACION COCINA;;;;;;;12,900.00;;0.20;15.00;10.00;10.00;2;;;SI;NO;"<p><strong>Lata Acero Vintage TE</strong></p>
<p>Con tapa a presion.&nbsp;</p>
<p>Color Beige.&nbsp;</p>
<p>Medidas: 15x11cm.</p>
<p><br /><em>Pr&aacute;ctica y decorativa</em>, es perfecta para uso diario y para sumar un toque delicado y fino a tu mesa.<br />&iexcl;No te pierdas esta pieza funcional y con dise&ntilde;o &uacute;nico!</p>";cocina, madera, metal, organizador, panera;;;DELUAR;SI;;;;;Visible
setx12-utensilios-de-silicona-con-vaso-contenedor-61k4c;Setx12 Utensilios de silicona con Vaso Contenedor;COCINA > BAZAR > CUBIERTOS - VAJILLA, COCINA > BAZAR > ORGANIZACION COCINA;;;;;;;44,500.00;;0.40;25.00;10.00;10.00;0;;;SI;NO;"<p>Set x 12 utensilios de silicona con mango de madera y vaso contenedor.</p>
<p>Incluye: esp&aacute;tula, esp&aacute;tula calada, esp&aacute;tula repostera, esp&aacute;tula profunda, cuchara, cuchar&oacute;n, cuchara calada, cuchara spaghetti, pinza, pincel y batidor.</p>
<p>Color: Tiza</p>
<p>&nbsp;</p>
<p>Medidas:</p>
<p>Largo promedio de utensilios: 32 cm.</p>
<p>Contenedor: Alto: 17 cm/ Di&aacute;metro: 10,5 cm.</p>
<p>En caja</p>
<p>&nbsp;</p>";cocina, DELUAR, madera, silicona, utensilios;Set Utensilios Silicona 12 Piezas con Vaso Contenedor;Set de 12 utensilios de silicona con mango de madera y vaso contenedor, ideal para cocina. ¡Organizá y cociná con estilo!;DELUAR;SI;;;;;Visible
individual-entramado-liso-45x35cm-pnqor;Individual entramado liso 45x35cm;COCINA > INDIVIDUALES, BLACK DELUAR;;;;;;;3,000.00;;0.02;25.00;15.00;2.00;2;;;SI;NO;"<p>Descubra la funcionalidad y estilo de nuestro Individual Entramado Liso. Con medidas de 45x35 cm, es ideal para proteger su mesa durante las comidas y agregar un toque decorativo a su hogar.</p>
<p>&nbsp;</p>
<p>F&aacute;cil de limpiar, este individual es perfecto para el uso diario. Su dise&ntilde;o liso se adapta a cualquier estilo de decoraci&oacute;n, convirti&eacute;ndolo en un accesorio vers&aacute;til y elegante.</p>
<p>&nbsp;</p>
<p>&iexcl;No espere m&aacute;s para mejorar su mesa con este pr&aacute;ctico individual!</p>";decorativo, DELUAR, entramado, hogar, individuales;Individual Entramado Liso 45x35cm - Protección y Estilo;Individual entramado liso 45x35cm, fácil de limpiar y decorativo. Proteja su mesa con estilo. ¡Compre ahora y mejore su comedor!;DELUAR;SI;;;;;Visible
bowl-compotera-blanca-vainilla-akcsd;Bowl / Compotera Blanca VAINILLA;COCINA > BAZAR > BANDEJAS - BOWLS - TABLAS;;;;;;;7,900.00;;0.20;7.00;10.00;7.00;10;;;SI;NO;"<p>Descubr&iacute; el&nbsp;<strong>BowL VAINILLA Blanco</strong>, fabricado en cer&aacute;mica de alta calidad, ideal para uso diario o para darle un toque elegante a tu mesa.</p>
<p>Sus dimensiones de 6.5<em> cm de alto y 10 cm de di&aacute;metro</em>&nbsp;ofrecen una capacidad de 300<em>&nbsp;cc</em>, perfecta para servir dips, meriendas o postres.</p>
<p>Su color blanco neutro combina con cualquier vajilla y estilo de decoraci&oacute;n. Un complemento vers&aacute;til y funcional que no puede faltar en tu cocina.</p>";blanco, bowl, ceramica, hogar, VAINILLA;Bowl Blanco VAINILLA de Cerámica - Elegancia y Versatilidad;Bowl VAINILLA blanco de cerámica, 300 cc, ideal para dips y postres. Elegante y funcional para tu mesa. ¡Compra ahora!;DELUAR;SI;;;;;Visible
dispenser-4-lts-con-canilla-y-pie-e0kox;Dispenser 4 lts Con Canilla y Pie;COCINA > BAZAR > FRASCOS, COCINA > BAZAR > ORGANIZACION COCINA;;;;;;;49,900.00;;0.50;30.00;15.00;15.00;2;;;SI;NO;"<p>Descubr&iacute; nuestro <strong>Dispenser de vidrio de 4 litros</strong>, ideal para mantener tus bebidas siempre listas para servir. Cuenta con una tapa rosca de aluminio, canilla de pl&aacute;stico y un pie de acero resistente que garantiza estabilidad.</p>
<p><strong>Medidas:</strong> - Dispenser: 25 cm alto x 14 cm ancho - Pie: 18 cm alto x 15,5 cm largo</p>
<p>Incluye una canilla de repuesto.&nbsp;</p>
<p>Practicidad y dise&ntilde;o en un solo producto para tu hogar o eventos.</p>";canilla, dispenser, hogar, pie, vidrio;Dispenser de vidrio 4 litros con canilla y pie resistente;Dispenser de vidrio 4 lts con tapa aluminio, canilla plástica y pie acero. Ideal para bebidas en casa o eventos. ¡Compra ya y disfruta su practicidad!;DELUAR;SI;;;;;Visible
bowl-cane-xl-blanco-13x7-5cm-u1ip9;Bowl CANE XL Blanco 13x7.5cm;COCINA > BAZAR > BANDEJAS - BOWLS - TABLAS;;;;;;;9,500.00;;0.20;7.00;13.00;7.00;3;;;SI;NO;"<p>Descubr&iacute; el <strong>Bowl CANE XL Blanco</strong>, fabricado en cer&aacute;mica de alta calidad, ideal para uso diario o para darle un toque elegante a tu mesa.</p>
<p>Sus dimensiones de <em>7,5 cm de alto y 13 cm de di&aacute;metro</em> ofrecen una capacidad de <em>550 cc</em>, perfecta para servir sopas, ensaladas o postres.</p>
<p>Su color blanco neutro combina con cualquier vajilla y estilo de decoraci&oacute;n. Un complemento vers&aacute;til y funcional que no puede faltar en tu cocina.</p>";blanco, bowl, ceramica, cocina, elegante;Bowl CANE XL Blanco de cerámica 13x7.5cm, elegante y funcional;Bowl CANE XL Blanco en cerámica, 13x7.5cm y 550cc, ideal para sopas y ensaladas. Elegí calidad y estilo para tu mesa. ¡Compralo ahora!;DELUAR;SI;;;;;Visible
lata-para-pan-vintage-obdj9;Lata para PAN Vintage;COCINA > BAZAR > FRASCOS, COCINA > BAZAR > ORGANIZACION COCINA;;;;;;;43,500.00;;0.60;15.00;30.00;15.00;2;;;SI;NO;"<p><strong>Lata para PAN Vintage&nbsp;</strong></p>
<p><br />Eleg&iacute; esta panera para mantener tu pan fresco y con estilo.&nbsp;</p>
<p>&nbsp;</p>
<p>Color Beige.&nbsp;</p>
<p>Medidas: 34x18x15cm (ancho x profundidad x &nbsp;alto)&nbsp;</p>
<p><br /><em>Pr&aacute;ctica y decorativa</em>, es perfecta para uso diario y para sumar un toque delicado y fino a tu mesa.<br />&iexcl;No te pierdas esta pieza funcional y con dise&ntilde;o &uacute;nico!</p>";cocina, madera, metal, organizador, panera;;;DELUAR;SI;;;;;Visible
individual-trenzado-con-flecos-45x30cm-huvcq;Individual trenzado con flecos 45x30cm;COCINA > INDIVIDUALES;Color;Verde;;;;;6,800.00;;0.05;20.00;30.00;2.00;4;;;SI;NO;"<p><strong>Individual trenzado con flecos</strong></p>
<p>Dise&ntilde;ados para aportar un toque de calidez y estilo artesanal. Cada pieza presenta delicados flecos que realzan su textura &uacute;nica, ideal para cenas informales o reuniones especiales.</p>
<p>Diferentes colores</p>
<p>Medidas: 45x30cm</p>
<p>Material: Fibra sint&eacute;tica con acabado trenzado</p>
<p><em>Fabricados con materiales resistentes y f&aacute;ciles de limpiar</em>, estos individuales combinan funcionalidad y elegancia para embellecer cualquier ambiente. &iexcl;Sum&aacute; personalidad y encanto a tus espacios con este set imprescindible!</p>";flecos, individuales, mesa, rustico, trenzados;Set de individuales trenzados con flecos para mesa rústica;Conjunto de individuales trenzados con flecos que aportan un estilo natural y rústico. Perfecto para decorar tu mesa con elegancia. ¡Compra ahora!;DELUAR;SI;;;;;Visible
individual-trenzado-con-flecos-45x30cm-huvcq;;;Color;Rosa;;;;;6,800.00;;0.05;20.00;30.00;2.00;4;;;;;;;;;;;;;;;
individual-trenzado-con-flecos-45x30cm-huvcq;;;Color;Marrón;;;;;6,800.00;;0.05;20.00;30.00;2.00;0;;;;;;;;;;;;;;;
individual-trenzado-con-flecos-45x30cm-huvcq;;;Color;Beige;;;;;6,800.00;;0.05;20.00;30.00;2.00;1;;;;;;;;;;;;;;;
setx6-vasos-de-vidrio-labrados-infinit-uas3v;Setx6 vasos de vidrio labrados INFINIT;COCINA > BAZAR > VASOS - COPAS;;;;;;;34,900.00;;0.5;12.00;20.00;10.00;1;;;SI;NO;"<p>Set de vasos de vidrio con relieve</p>
<p><br />Descubr&iacute; la elegancia y funcionalidad en cada sorbo con este set de vasos de vidrio con relieve. Su dise&ntilde;o texturizado aporta un toque sofisticado a tu mesa, ideal para compartir momentos especiales. <br />Fabricados con vidrio de alta calidad, son resistentes y f&aacute;ciles de limpiar. Perfectos para cualquier ocasi&oacute;n, desde reuniones informales hasta cenas elegantes.</p>
<p>Capacidad: 380ml</p>
<p>Medidas: 8x12,6 cm&nbsp;</p>
<p><br />&iexcl;Sum&aacute; estilo y practicidad a tu hogar con este exclusivo set!</p>";decorativo, hogar, relieve, vasos, vidrio;Set de vasos de vidrio con relieve decorativo;Set de vasos de vidrio con relieve, diseño único y tamaño ideal para tus bebidas. ¡Agrega estilo a tu mesa hoy!;DELUAR;SI;;;;;Visible
setx6-de-copas-de-vidrio-labradas-infinit-t29fo;Setx6 de copas de vidrio labradas INFINIT;COCINA > BAZAR > VASOS - COPAS;;;;;;;36,800.00;;0.5;20.00;20.00;20.00;0;;;SI;NO;"<p><strong>Set de copas de vidrio con dise&ntilde;o grabado</strong></p>
<p>Eleg&iacute; este <em>set de copas de vidrio</em> con un delicado dise&ntilde;o grabado que aporta un toque de elegancia a cada brindis. Perfectas para ocasiones especiales o para disfrutar de un momento &uacute;nico en casa.</p>
<p>Medidas: 17x9cm</p>
<p>Capacidad: 300ml&nbsp;</p>
<p>Su acabado detallado y calidad superior hacen que cada copa sea un complemento ideal para tu mesa.</p>
<p>&iexcl;Sum&aacute; estilo y distinci&oacute;n a tus reuniones con este set exclusivo!</p>";copas, decorativo, diseno, hogar, vidrio;Set de copas de vidrio con diseño grabado elegante y decorativo;Set de 5 copas de vidrio con diseño grabado, perfectas para eventos y uso en hogar. Añade estilo a tus bebidas. ¡Compra ahora!;DELUAR;SI;;;;;Visible
funda-almohadon-melbourne-45x45cm;Funda Almohadon Melbourne 45x45cm;LIVING > ALMOHADONES Y FUNDAS;Color;Azul;;;;;10,900.00;;0.05;10.00;10.00;1.00;1;;;SI;NO;"<p><strong data-start=""57"" data-end=""89"">Funda de almohad&oacute;n Melbourne</strong>, medida <strong data-start=""98"" data-end=""112"" data-is-only-node="""">45 x 45 cm</strong>.</p>
<p><br data-start=""113"" data-end=""116"" />Realizada en tejido hilado, con dise&ntilde;o a rayas y una textura suave que aporta calidez y estilo. Ideal para renovar tus espacios y combinar con distintos ambientes.</p>
<p>Diferentes colores.</p>";;;;;SI;;;;;Visible
funda-almohadon-melbourne-45x45cm;;;Color;Beige;;;;;10,900.00;;0.05;10.00;10.00;1.00;0;;;;;;;;;;;;;;;
funda-almohadon-melbourne-45x45cm;;;Color;Gris;;;;;10,900.00;;0.05;10.00;10.00;1.00;2;;;;;;;;;;;;;;;
funda-almohadon-lino-45x45cm;Funda Almohadon Lino 45x45cm;LIVING > ALMOHADONES Y FUNDAS;Color;Gris Claro;;;;;7,500.00;;0.10;10.00;10.00;1.00;0;;;SI;NO;"<p><strong data-start=""57"" data-end=""89"">Funda de almohad&oacute;n LINO</strong>, medida <strong data-start=""98"" data-end=""112"" data-is-only-node="""">45 x 45 cm</strong>.</p>
<p><br data-start=""113"" data-end=""116"" />Realizada en tejido simil lino y una textura suave que aporta calidez y estilo.</p>
<p>Ideal para renovar tus espacios y combinar con distintos ambientes.</p>
<p>&nbsp;</p>
<p>Diferentes colores.</p>";;;;;SI;;;;;Visible
funda-almohadon-lino-45x45cm;;;Color;Gris Oscuro;;;;;7,500.00;;0.10;10.00;10.00;1.00;2;;;;;;;;;;;;;;;
funda-almohadon-lino-45x45cm;;;Color;Beige;;;;;7,500.00;;0.10;10.00;10.00;1.00;0;;;;;;;;;;;;;;;
cubre-sommier-600hq-oxford-soft-natural;Cubre Sommier 600HQ Oxford SOFT Natural;DORMITORIO > SABANAS Y AJUSTABLES;Tamaño;TWIN;;;;;22,900.00;;0.20;30.00;20.00;2.00;3;;;SI;NO;"<p>El <strong>Cubre Sommier 600HQ Oxford SOFT</strong> es la soluci&oacute;n perfecta para proteger y mantener tu sommier en &oacute;ptimas condiciones.</p>
<p>Disponible en diferentes medidas para ajustarse a colchones de</p>
<p><em>-1 1/2 plaza</em> (90x190x35 cm)</p>
<p><em>-2 1/2 plazas</em> (155x190x35 cm)&nbsp;</p>
<p><em>-King</em> (185x190x35 cm)</p>
<p>Confeccionado en tejido Oxford de alta calidad, ofrece suavidad y resistencia. Eleg&iacute; entre los colores blanco o natural, ideal para combinar con cualquier estilo de dormitorio.</p>";;;;;SI;;;;;Visible
cubre-sommier-600hq-oxford-soft-natural;;;Tamaño;FULL (Queen/2 plazas);;;;;24,900.00;;0.20;30.00;20.00;2.00;0;;;;;;;;;;;;;;;
cubre-sommier-600hq-oxford-soft-natural;;;Tamaño;KING;;;;;28,900.00;;0.20;30.00;20.00;2.00;1;;;;;;;;;;;;;;;
cubre-sommier-600hq-oxford-soft-blanco;Cubre Sommier 600HQ Oxford SOFT Blanco;DORMITORIO > SABANAS Y AJUSTABLES;Tamaño;TWIN;;;;;22,900.00;;0.20;30.00;20.00;2.00;2;;;SI;NO;"<p>El <strong>Cubre Sommier 600HQ Oxford SOFT</strong> es la soluci&oacute;n perfecta para proteger y mantener tu sommier en &oacute;ptimas condiciones.</p>
<p>Disponible en diferentes medidas para ajustarse a colchones de</p>
<p><em>-1 1/2 plaza</em> (90x190x35 cm)</p>
<p><em>-2 1/2 plazas</em> (155x190x35 cm)&nbsp;</p>
<p><em>-King</em> (185x190x35 cm)</p>
<p>Confeccionado en tejido Oxford de alta calidad, ofrece suavidad y resistencia. Eleg&iacute; entre los colores blanco o natural, ideal para combinar con cualquier estilo de dormitorio.</p>";;;;;SI;;;;;Visible
cubre-sommier-600hq-oxford-soft-blanco;;;Tamaño;FULL (Queen/2 plazas);;;;;24,900.00;;0.20;30.00;20.00;2.00;0;;;;;;;;;;;;;;;
cubre-sommier-600hq-oxford-soft-blanco;;;Tamaño;KING;;;;;28,900.00;;0.20;30.00;20.00;2.00;3;;;;;;;;;;;;;;;
rellenos-de-almohadon-50x50cm;Rellenos de almohadon 50x50cm;LIVING > ALMOHADONES Y FUNDAS;;;;;;;9,900.00;;0.10;45.00;45.00;10.00;0;;;SI;NO;"<p>Los <strong>rellenos de almohad&oacute;n 50x50cm</strong> son el complemento perfecto para renovar el confort y la est&eacute;tica de tus espacios.</p>
<p>Con una funda de friselina resistente, ofrecen una textura suave y un soporte &oacute;ptimo para mantener la forma.</p>
<p>Ideales para cualquier tipo de almohad&oacute;n, aseguran durabilidad y comodidad en cada uso. Incorpora estos rellenos para darle a tus ambientes un toque de frescura y calidad que se nota al instante.</p>";;;;;SI;;;;;Visible
rellenos-de-almohadon-40x40cm;Rellenos de almohadon 40x40cm;LIVING > ALMOHADONES Y FUNDAS;;;;;;;7,000.00;;0.10;45.00;45.00;10.00;0;;;SI;NO;"<p>Los <strong>rellenos de almohad&oacute;n 40x40cm</strong> son el complemento perfecto para renovar el confort y la est&eacute;tica de tus espacios.</p>
<p>Con una funda de friselina resistente, ofrecen una textura suave y un soporte &oacute;ptimo para mantener la forma.</p>
<p>Ideales para cualquier tipo de almohad&oacute;n, aseguran durabilidad y comodidad en cada uso. Incorpora estos rellenos para darle a tus ambientes un toque de frescura y calidad que se nota al instante.</p>";;;;;SI;;;;;Visible
felpudo-welcome-60x40cm1;Felpudo WELCOME 60x40cm;VARIOS > FELPUDOS - EXTERIOR;;;;;;;19,900.00;;0.30;20.00;20.00;5.00;3;;;SI;NO;"<p style=""margin-top: 20px; margin-bottom: 20px; padding: 0px; border: 0px; outline: 0px; vertical-align: baseline; max-width: 100%; color: #434343; font-family: Montserrat, sans-serif; font-size: 14px; background-color: #ffffff;"">El&nbsp;<strong style=""font-weight: bold; margin: 0px; padding: 0px; border: 0px; outline: 0px; vertical-align: baseline;"">Felpudo entrada WELCOME </strong>de&nbsp;<strong>60x40<span style=""margin: 0px; padding: 0px; border: 0px; outline: 0px; vertical-align: baseline;"">cm</span></strong>&nbsp;es la opci&oacute;n ideal para recibir a tus visitas con estilo y comodidad. Su dise&ntilde;o elegante y funcional se adapta perfectamente a cualquier entrada, brindando una primera impresi&oacute;n acogedora.</p>
<p style=""margin-top: 20px; margin-bottom: 20px; padding: 0px; border: 0px; outline: 0px; vertical-align: baseline; max-width: 100%; color: #434343; font-family: Montserrat, sans-serif; font-size: 14px; background-color: #ffffff;"">Material: Fibra de coco estampado con base de pvc.</p>
<p style=""margin-top: 20px; margin-bottom: 20px; padding: 0px; border: 0px; outline: 0px; vertical-align: baseline; max-width: 100%; color: #434343; font-family: Montserrat, sans-serif; font-size: 14px; background-color: #ffffff;"">Fabricado en materiales de alta calidad, este felpudo es&nbsp;<strong style=""font-weight: bold; margin: 0px; padding: 0px; border: 0px; outline: 0px; vertical-align: baseline;"">resistente</strong>&nbsp;y&nbsp;<strong style=""font-weight: bold; margin: 0px; padding: 0px; border: 0px; outline: 0px; vertical-align: baseline;"">f&aacute;cil de limpiar</strong>, garantizando durabilidad en su uso diario. No solo es pr&aacute;ctico, sino que tambi&eacute;n aporta un toque de personalidad a tu hogar.</p>
<p style=""margin-top: 20px; margin-bottom: 20px; padding: 0px; border: 0px; outline: 0px; vertical-align: baseline; max-width: 100%; color: #434343; font-family: Montserrat, sans-serif; font-size: 14px; background-color: #ffffff;"">&iexcl;Transform&aacute; tu entrada con el Felpudo LINES y disfrut&aacute; de un ambiente m&aacute;s c&aacute;lido y atractivo!</p>";;;;;SI;;;;;Visible
felpudo-home-60x40cm;Felpudo HOME 60x40cm;VARIOS > FELPUDOS - EXTERIOR;;;;;;;19,900.00;;0.20;20.00;20.00;5.00;4;;;SI;NO;"<p style=""margin-top: 20px; margin-bottom: 20px; padding: 0px; border: 0px; outline: 0px; vertical-align: baseline; max-width: 100%; color: #434343; font-family: Montserrat, sans-serif; font-size: 14px; background-color: #ffffff;"">El&nbsp;<strong style=""font-weight: bold; margin: 0px; padding: 0px; border: 0px; outline: 0px; vertical-align: baseline;"">Felpudo entrada Home&nbsp;</strong>de <strong>60x40<span style=""margin: 0px; padding: 0px; border: 0px; outline: 0px; vertical-align: baseline;"">cm</span></strong>&nbsp;es la opci&oacute;n ideal para recibir a tus visitas con estilo y comodidad. Su dise&ntilde;o elegante y funcional se adapta perfectamente a cualquier entrada, brindando una primera impresi&oacute;n acogedora.</p>
<p style=""margin-top: 20px; margin-bottom: 20px; padding: 0px; border: 0px; outline: 0px; vertical-align: baseline; max-width: 100%; color: #434343; font-family: Montserrat, sans-serif; font-size: 14px; background-color: #ffffff;"">Material: Fibra de coco estampado con base de pvc.</p>
<p style=""margin-top: 20px; margin-bottom: 20px; padding: 0px; border: 0px; outline: 0px; vertical-align: baseline; max-width: 100%; color: #434343; font-family: Montserrat, sans-serif; font-size: 14px; background-color: #ffffff;"">Fabricado en materiales de alta calidad, este felpudo es&nbsp;<strong style=""font-weight: bold; margin: 0px; padding: 0px; border: 0px; outline: 0px; vertical-align: baseline;"">resistente</strong>&nbsp;y&nbsp;<strong style=""font-weight: bold; margin: 0px; padding: 0px; border: 0px; outline: 0px; vertical-align: baseline;"">f&aacute;cil de limpiar</strong>, garantizando durabilidad en su uso diario. No solo es pr&aacute;ctico, sino que tambi&eacute;n aporta un toque de personalidad a tu hogar.</p>
<p style=""margin-top: 20px; margin-bottom: 20px; padding: 0px; border: 0px; outline: 0px; vertical-align: baseline; max-width: 100%; color: #434343; font-family: Montserrat, sans-serif; font-size: 14px; background-color: #ffffff;"">&iexcl;Transform&aacute; tu entrada con el Felpudo LINES y disfrut&aacute; de un ambiente m&aacute;s c&aacute;lido y atractivo!</p>";;;;;SI;;;;;Visible
felpudo-welcome-75x25cm;Felpudo WELCOME 75x25cm;VARIOS > FELPUDOS - EXTERIOR;;;;;;;17,500.00;;0.30;20.00;10.00;10.00;3;;;SI;NO;"<p style=""margin-top: 20px; margin-bottom: 20px; padding: 0px; border: 0px; outline: 0px; vertical-align: baseline; max-width: 100%; color: #434343; font-family: Montserrat, sans-serif; font-size: 14px; background-color: #ffffff;"">El&nbsp;<strong style=""font-weight: bold; margin: 0px; padding: 0px; border: 0px; outline: 0px; vertical-align: baseline;"">Felpudo entrada WELCOME&nbsp;</strong>de&nbsp;<strong style=""font-weight: bold; margin: 0px; padding: 0px; border: 0px; outline: 0px; vertical-align: baseline;"">75x25cm</strong>&nbsp;es la opci&oacute;n ideal para recibir a tus visitas con estilo y comodidad. Su dise&ntilde;o elegante y funcional se adapta perfectamente a cualquier entrada, brindando una primera impresi&oacute;n acogedora.</p>
<p style=""margin-top: 20px; margin-bottom: 20px; padding: 0px; border: 0px; outline: 0px; vertical-align: baseline; max-width: 100%; color: #434343; font-family: Montserrat, sans-serif; font-size: 14px; background-color: #ffffff;"">Material: Fibra de coco estampado con base de pvc.</p>
<p style=""margin-top: 20px; margin-bottom: 20px; padding: 0px; border: 0px; outline: 0px; vertical-align: baseline; max-width: 100%; color: #434343; font-family: Montserrat, sans-serif; font-size: 14px; background-color: #ffffff;"">Fabricado en materiales de alta calidad, este felpudo es&nbsp;<strong style=""font-weight: bold; margin: 0px; padding: 0px; border: 0px; outline: 0px; vertical-align: baseline;"">resistente</strong>&nbsp;y&nbsp;<strong style=""font-weight: bold; margin: 0px; padding: 0px; border: 0px; outline: 0px; vertical-align: baseline;"">f&aacute;cil de limpiar</strong>, garantizando durabilidad en su uso diario. No solo es pr&aacute;ctico, sino que tambi&eacute;n aporta un toque de personalidad a tu hogar.</p>
<p style=""margin-top: 20px; margin-bottom: 20px; padding: 0px; border: 0px; outline: 0px; vertical-align: baseline; max-width: 100%; color: #434343; font-family: Montserrat, sans-serif; font-size: 14px; background-color: #ffffff;"">&iexcl;Transform&aacute; tu entrada con el Felpudo LINES y disfrut&aacute; de un ambiente m&aacute;s c&aacute;lido y atractivo!</p>";;;;;SI;;;;;Visible
felpudo-hello-bye-75x25cm;Felpudo Hello Bye 75x25cm;VARIOS > FELPUDOS - EXTERIOR;;;;;;;17,500.00;;0.20;20.00;10.00;10.00;3;;;SI;NO;"<p style=""margin-top: 20px; margin-bottom: 20px; padding: 0px; border: 0px; outline: 0px; vertical-align: baseline; max-width: 100%; color: #434343; font-family: Montserrat, sans-serif; font-size: 14px; background-color: #ffffff;"">El&nbsp;<strong style=""font-weight: bold; margin: 0px; padding: 0px; border: 0px; outline: 0px; vertical-align: baseline;"">Felpudo entrada HELLO BYE </strong>de&nbsp;<strong style=""font-weight: bold; margin: 0px; padding: 0px; border: 0px; outline: 0px; vertical-align: baseline;"">75x25cm</strong>&nbsp;es la opci&oacute;n ideal para recibir a tus visitas con estilo y comodidad. Su dise&ntilde;o elegante y funcional se adapta perfectamente a cualquier entrada, brindando una primera impresi&oacute;n acogedora.</p>
<p style=""margin-top: 20px; margin-bottom: 20px; padding: 0px; border: 0px; outline: 0px; vertical-align: baseline; max-width: 100%; color: #434343; font-family: Montserrat, sans-serif; font-size: 14px; background-color: #ffffff;"">Material: Fibra de coco estampado con base de pvc.</p>
<p style=""margin-top: 20px; margin-bottom: 20px; padding: 0px; border: 0px; outline: 0px; vertical-align: baseline; max-width: 100%; color: #434343; font-family: Montserrat, sans-serif; font-size: 14px; background-color: #ffffff;"">Fabricado en materiales de alta calidad, este felpudo es&nbsp;<strong style=""font-weight: bold; margin: 0px; padding: 0px; border: 0px; outline: 0px; vertical-align: baseline;"">resistente</strong>&nbsp;y&nbsp;<strong style=""font-weight: bold; margin: 0px; padding: 0px; border: 0px; outline: 0px; vertical-align: baseline;"">f&aacute;cil de limpiar</strong>, garantizando durabilidad en su uso diario. No solo es pr&aacute;ctico, sino que tambi&eacute;n aporta un toque de personalidad a tu hogar.</p>
<p style=""margin-top: 20px; margin-bottom: 20px; padding: 0px; border: 0px; outline: 0px; vertical-align: baseline; max-width: 100%; color: #434343; font-family: Montserrat, sans-serif; font-size: 14px; background-color: #ffffff;"">&iexcl;Transform&aacute; tu entrada con el Felpudo LINES y disfrut&aacute; de un ambiente m&aacute;s c&aacute;lido y atractivo!</p>";;;;;SI;;;;;Visible
juego-toalla-y-toallon-350grs;Juego Toalla y Toallon 350grs;BAÑO > TOALLAS;Color;Malbec;;;;;22,900.00;;0.30;20.00;15.00;5.00;0;;;SI;NO;"<p>Descubr&iacute; el <strong>Juego Toalla y Toall&oacute;n 350grs</strong>, ideal para renovar tu ba&ntilde;o con calidad y estilo.</p>
<p>Incluye una toalla de 40x70cm y un toall&oacute;n de 70x130cm, confeccionados en jacquard con un elegante dise&ntilde;o de perpunte en guarda.</p>
<p>Disponibles en diferentes colores, estos productos combinan funcionalidad y est&eacute;tica para darle un toque sofisticado y c&oacute;modo a tu espacio. &iexcl;Eleg&iacute; el tuyo y disfrut&aacute; de una experiencia de secado superior!</p>";;;;;SI;;;;;Visible
juego-toalla-y-toallon-350grs;;;Color;Vison;;;;;22,900.00;;0.30;20.00;15.00;5.00;0;;;;;;;;;;;;;;;
juego-toalla-y-toallon-350grs;;;Color;Petroleo;;;;;22,900.00;;0.30;20.00;15.00;5.00;2;;;;;;;;;;;;;;;
repasador-waffle-melange-70x45cm;Repasador WAFFLE Melange 70x45cm;COCINA > REPASADORES;Color;Beige;;;;;3,900.00;;0.10;10.00;10.00;2.00;7;;;SI;NO;"<p>El&nbsp;<em>Repasador WAFFLE Melange 45x70cm</em>&nbsp;es ideal para tu cocina gracias a su tama&ntilde;o extra grande y calidad superior.</p>
<p>Confeccionado en&nbsp;<strong>100% algod&oacute;n nido de abeja</strong>&nbsp;de 200 gr/m&sup2;, garantiza absorci&oacute;n y durabilidad.</p>
<p>Disponible en varios colores.</p>
<p>Sus medidas pr&aacute;cticas permiten un uso c&oacute;modo y eficiente para secar y limpiar. &iexcl;Un imprescindible para tu hogar!</p>";;;;;SI;;;;;Visible
repasador-waffle-melange-70x45cm;;;Color;Gris;;;;;3,900.00;;0.10;10.00;10.00;2.00;8;;;;;;;;;;;;;;;
repasador-waffle-melange-70x45cm;;;Color;Gris Oscuro;;;;;3,900.00;;0.10;10.00;10.00;2.00;8;;;;;;;;;;;;;;;
repasador-terry-45x70cm;Repasador TERRY 45x70cm;COCINA > REPASADORES;Color;Bordó;;;;;5,200.00;;0.15;10.00;10.00;3.00;0;;;SI;NO;"<p>El <em>Repasador TERRY 45x70cm</em> es ideal para tu cocina gracias a su tama&ntilde;o extra grande y calidad superior.</p>
<p>Confeccionado en <strong>100% algod&oacute;n jacquard Terry</strong> de 350 gr/m&sup2;, garantiza absorci&oacute;n y durabilidad.</p>
<p>Disponible en varios colores con elegantes cuadriculas blancas, combina estilo y funcionalidad.</p>
<p>Sus medidas pr&aacute;cticas permiten un uso c&oacute;modo y eficiente para secar y limpiar. &iexcl;Un imprescindible para tu hogar!</p>";;;;;SI;;;;;Visible
repasador-terry-45x70cm;;;Color;Azul;;;;;5,200.00;;0.15;10.00;10.00;3.00;0;;;;;;;;;;;;;;;
repasador-terry-45x70cm;;;Color;Gris;;;;;5,200.00;;0.15;10.00;10.00;3.00;4;;;;;;;;;;;;;;;
repasador-terry-45x70cm;;;Color;Negro;;;;;5,200.00;;0.15;10.00;10.00;3.00;1;;;;;;;;;;;;;;;
repasador-road-60x40cm;Repasador ROAD 60x40cm;COCINA > REPASADORES;Color;Negro;;;;;3,900.00;;0.10;10.00;10.00;2.00;0;;;SI;NO;"<p>El&nbsp;<em>Repasador ROAD 60x40cm</em>&nbsp;es ideal para tu cocina gracias a su tama&ntilde;o y calidad superior.</p>
<p>Confeccionado en&nbsp;<strong>100% algod&oacute;n jacquard ROAD</strong>&nbsp;de 200 gr/m&sup2;, garantiza absorci&oacute;n y durabilidad.</p>
<p>Disponible en varios colores combinado con rayas color blanco.</p>
<p>Sus medidas pr&aacute;cticas permiten un uso c&oacute;modo y eficiente para secar y limpiar. &iexcl;Un imprescindible para tu hogar!</p>";;;;;SI;;;;;Visible
repasador-road-60x40cm;;;Color;Gris;;;;;3,900.00;;0.10;10.00;10.00;2.00;8;;;;;;;;;;;;;;;
repasador-road-60x40cm;;;Color;Beige;;;;;3,900.00;;0.10;10.00;10.00;2.00;5;;;;;;;;;;;;;;;
alfombra-bambi-60x45cm;Alfombra Bambi 60x45cm;LIVING > ALFOMBRAS;;;;;;;13,900.00;;0.30;45.00;30.00;5.00;0;;;SI;NO;"<p style=""margin-top: 20px; margin-bottom: 20px; padding: 0px; border: 0px; outline: 0px; vertical-align: baseline; max-width: 100%; color: #434343; font-family: Montserrat, sans-serif; font-size: 14px; background-color: #ffffff;"">Medidas: 45x60cm</p>
<p style=""margin-top: 20px; margin-bottom: 20px; padding: 0px; border: 0px; outline: 0px; vertical-align: baseline; max-width: 100%; color: #434343; font-family: Montserrat, sans-serif; font-size: 14px; background-color: #ffffff;"">Alfombra de telar, confeccionadas con estopa 100% algod&oacute;n, tienen flecos en sus laterales.</p>
<p style=""margin-top: 20px; margin-bottom: 20px; padding: 0px; border: 0px; outline: 0px; vertical-align: baseline; max-width: 100%; color: #434343; font-family: Montserrat, sans-serif; font-size: 14px; background-color: #ffffff;"">&nbsp;Color natural con lineas en blanco.&nbsp;</p>
<p style=""margin-top: 20px; margin-bottom: 20px; padding: 0px; border: 0px; outline: 0px; vertical-align: baseline; max-width: 100%; color: #434343; font-family: Montserrat, sans-serif; font-size: 14px; background-color: #ffffff;"">Apta lavarropas y secarropas, al ser algod&oacute;n se recomienda que la temperatura del agua no supere los 30*C preferentemente agua fr&iacute;a y en modo lavado a mano o lavado cuidado.</p>";;;;;SI;;;;;Visible
packx4-servilletas1;Packx4 Servilletas WHITE;COCINA > MANTELES;;;;;;;12,500.00;;0.10;10.00;10.00;2.00;4;;;SI;NO;"<p style=""margin-top: 20px; margin-bottom: 20px; padding: 0px; border: 0px; outline: 0px; vertical-align: baseline; max-width: 100%; color: #434343; font-family: Montserrat, sans-serif; font-size: 14px; background-color: #ffffff;""><strong style=""font-weight: bold; margin: 0px; padding: 0px; border: 0px; outline: 0px; vertical-align: baseline;"">Servilletas confeccionada en gasa pa&ntilde;alera pre-lavada, 100% algod&oacute;n.</strong></p>
<p style=""margin-top: 20px; margin-bottom: 20px; padding: 0px; border: 0px; outline: 0px; vertical-align: baseline; max-width: 100%; color: #434343; font-family: Montserrat, sans-serif; font-size: 14px; background-color: #ffffff;"">Vienen en pack de 4 unidades.</p>
<p style=""margin-top: 20px; margin-bottom: 20px; padding: 0px; border: 0px; outline: 0px; vertical-align: baseline; max-width: 100%; color: #434343; font-family: Montserrat, sans-serif; font-size: 14px; background-color: #ffffff;"">Color OFF WHITE</p>
<p style=""margin-top: 20px; margin-bottom: 20px; padding: 0px; border: 0px; outline: 0px; vertical-align: baseline; max-width: 100%; color: #434343; font-family: Montserrat, sans-serif; font-size: 14px; background-color: #ffffff;""><strong style=""font-weight: bold; margin: 0px; padding: 0px; border: 0px; outline: 0px; vertical-align: baseline;"">Miden aproximadamente 37x27.</strong></p>
<p style=""margin-top: 20px; margin-bottom: 20px; padding: 0px; border: 0px; outline: 0px; vertical-align: baseline; max-width: 100%; color: #434343; font-family: Montserrat, sans-serif; font-size: 14px; background-color: #ffffff;""><strong style=""font-weight: bold; margin: 0px; padding: 0px; border: 0px; outline: 0px; vertical-align: baseline;"">&iquest;Cuidados del producto?</strong> Al ser un articulo de algodon recomendamos que su lavado sea con agua fr&iacute;a, ya que el calor puede contraer la tela. Es apta lavarropas y secarropas. Secar a la sombra</p>";;;;;SI;;;;;Visible
packx4-servilletas-lets-celebrate;Packx4 Servilletas LETS CELEBRATE;COCINA > MANTELES;;;;;;;12,500.00;;0.10;10.00;10.00;2.00;3;;;SI;NO;"<p style=""margin-top: 20px; margin-bottom: 20px; padding: 0px; border: 0px; outline: 0px; vertical-align: baseline; max-width: 100%; color: #434343; font-family: Montserrat, sans-serif; font-size: 14px; background-color: #ffffff;""><strong style=""font-weight: bold; margin: 0px; padding: 0px; border: 0px; outline: 0px; vertical-align: baseline;"">Servilletas confeccionada en gasa pa&ntilde;alera pre-lavada, 100% algod&oacute;n.</strong></p>
<p style=""margin-top: 20px; margin-bottom: 20px; padding: 0px; border: 0px; outline: 0px; vertical-align: baseline; max-width: 100%; color: #434343; font-family: Montserrat, sans-serif; font-size: 14px; background-color: #ffffff;"">Vienen en pack de 4 unidades.</p>
<p style=""margin-top: 20px; margin-bottom: 20px; padding: 0px; border: 0px; outline: 0px; vertical-align: baseline; max-width: 100%; color: #434343; font-family: Montserrat, sans-serif; font-size: 14px; background-color: #ffffff;"">Color blanco con estampa sublimada.&nbsp;</p>
<p style=""margin-top: 20px; margin-bottom: 20px; padding: 0px; border: 0px; outline: 0px; vertical-align: baseline; max-width: 100%; color: #434343; font-family: Montserrat, sans-serif; font-size: 14px; background-color: #ffffff;""><strong style=""font-weight: bold; margin: 0px; padding: 0px; border: 0px; outline: 0px; vertical-align: baseline;"">Miden aproximadamente 37x27.</strong></p>
<p style=""margin-top: 20px; margin-bottom: 20px; padding: 0px; border: 0px; outline: 0px; vertical-align: baseline; max-width: 100%; color: #434343; font-family: Montserrat, sans-serif; font-size: 14px; background-color: #ffffff;""><strong style=""font-weight: bold; margin: 0px; padding: 0px; border: 0px; outline: 0px; vertical-align: baseline;"">&iquest;Cuidados del producto?</strong> Al ser un articulo de algodon recomendamos que su lavado sea con agua fr&iacute;a, ya que el calor puede contraer la tela. Es apta lavarropas y secarropas. Secar a la sombra</p>";;;;;SI;;;;;Visible
set-x2-individuales-enjoy;Set x2 Individuales ENJOY;COCINA > REPASADORES, COCINA > INDIVIDUALES;;;;;;;12,500.00;;0.10;10.00;10.00;2.00;4;;;SI;NO;"<p style=""margin-top: 20px; margin-bottom: 20px; padding: 0px; border: 0px; outline: 0px; vertical-align: baseline; max-width: 100%; color: #434343; font-family: Montserrat, sans-serif; font-size: 14px; background-color: #ffffff;"">Pack de individuales estampados&nbsp;<strong style=""font-weight: bold; margin: 0px; padding: 0px; border: 0px; outline: 0px; vertical-align: baseline;"">por 2 unidades</strong>, los mismos son confeccionados en&nbsp;<strong style=""font-weight: bold; margin: 0px; padding: 0px; border: 0px; outline: 0px; vertical-align: baseline;"">tusor liviano,&nbsp;</strong>100% algodon estampados en serigrafia m&eacute;todo de estampa manual y super artesanal.</p>
<p style=""margin-top: 20px; margin-bottom: 20px; padding: 0px; border: 0px; outline: 0px; vertical-align: baseline; max-width: 100%; color: #434343; font-family: Montserrat, sans-serif; font-size: 14px; background-color: #ffffff;""><br />Al ser algod&oacute;n puro son&nbsp;<strong style=""font-weight: bold; margin: 0px; padding: 0px; border: 0px; outline: 0px; vertical-align: baseline;"">SUPER abosorbentes,</strong>&nbsp;pueden usarse para decorar las cocinas, como individual de mesa o tambi&eacute;n como repasador.&nbsp;</p>
<p style=""margin-top: 20px; margin-bottom: 20px; padding: 0px; border: 0px; outline: 0px; vertical-align: baseline; max-width: 100%; color: #434343; font-family: Montserrat, sans-serif; font-size: 14px; background-color: #ffffff;"">Cada pa&ntilde;o mide 40x60cm.</p>
<p style=""margin-top: 20px; margin-bottom: 20px; padding: 0px; border: 0px; outline: 0px; vertical-align: baseline; max-width: 100%; color: #434343; font-family: Montserrat, sans-serif; font-size: 14px; background-color: #ffffff;"">Recomendamos lavar con agua fr&iacute;a o que la misma no supere los 30&ordm;C, centrifugado lo mas bajo posible y secado a la sombra.&nbsp;</p>";;;;;SI;;;;;Visible
manta-alfombra-tulum-200x175cm-negra;Manta/ Alfombra TULUM 200x175cm Negra;LIVING > MANTAS, LIVING > ALFOMBRAS;;;;;;;29,900.00;;0.40;20.00;20.00;10.00;2;;;SI;NO;"<p>Manta 100% Pabilo de Algod&oacute;n TULUM</p>
<p>Color: Crudo con rayas negras.</p>
<p>Material: Confeccionada en telar, esta manta est&aacute; hecha 100% de pabilo de algod&oacute;n, lo que garantiza suavidad y calidad.</p>
<p>&nbsp;</p>
<p>Medidas: Aproximadamente 2,00 x 1,75 metros. Debido a su producci&oacute;n artesanal, puede haber ligeras variaciones en las dimensiones.</p>
<p>&nbsp;</p>
<p>&iquest;D&oacute;nde usarla?</p>
<p>La manta TULUM es vers&aacute;til y se adapta a m&uacute;ltiples espacios. &Uacute;sala como: - Manta de sill&oacute;n - Cubre sill&oacute;n - Cubre cama de 2 plazas - Pie de cama - &iexcl;Incluso como alfombra!</p>
<p>&nbsp;</p>
<p>Cuidado y mantenimiento</p>
<p>Para preservar su calidad, se recomienda: - Lavado a mano preferentemente. - Si usas lavarropas, selecciona el modo de lavado delicado, con agua fr&iacute;a (no superar los 30&deg;C). - Evita centrifugados fuertes (menos de 800 revoluciones). - Secar a la sombra, evitando el calor para prevenir el encogimiento.</p>
<p>&nbsp;</p>
<p>&iexcl;Agrega un toque de calidez y estilo a tu hogar con la Manta TULUM!</p>";;;;;SI;;;;;Visible
packx2-cuadros;Packx2 Cuadros;LIVING > DECO - FLOREROS, VARIOS;Modelo;AMOR;;;;;29,500.00;;0.30;20.00;15.00;5.00;0;;;SI;NO;"<p>Descubr&iacute; nuestro <strong>Packx2 Cuadros</strong>, una opci&oacute;n perfecta para decorar tus espacios con estilo y variedad.</p>
<p>Incluye dos cuadros en diferentes modelos, con medidas de <em>25cm x 20cm</em> y <em>22cm x 18cm</em>, fabricados en melamina de alta calidad (18mm y 5mm).</p>
<p>Podes colocarlos sobre algun estante y tambien viene para colgarlos con cinta bifaz, sin necesidad de hacer agujeros en la pared.&nbsp;</p>
<p>Disponibles en colores <em>Gaud&iacute;</em> y <em>blanco</em>, estos cuadros combinan resistencia y est&eacute;tica para darle un toque &uacute;nico a tu hogar u oficina.</p>";;;;;SI;;;;;Visible
packx2-cuadros;;;Modelo;FAMILIA;;;;;29,500.00;;0.30;20.00;15.00;5.00;2;;;;;;;;;;;;;;;
packx2-cuadros;;;Modelo;HOGAR;;;;;29,500.00;;0.30;20.00;15.00;5.00;0;;;;;;;;;;;;;;;
packx2-cuadros;;;Modelo;VIDA;;;;;29,500.00;;0.30;20.00;15.00;5.00;0;;;;;;;;;;;;;;;
porta-llaves-sweet-15x10cm;Porta llaves SWEET 15x10cm;LIVING > DECO - FLOREROS, VARIOS;;;;;;;8,500.00;;0.20;15.00;10.00;2.00;13;;;SI;NO;"<p style=""font-size: 16px; margin-bottom: 0px; font-family: 'Open Sans', sans-serif; -webkit-text-size-adjust: 100%;""><span style=""font-family: Open Sans, sans-serif;""><span style=""font-size: 16px;"">Porta llaves SWEET 15x10cm</span></span></p>
<p style=""font-size: 16px; margin-bottom: 0px; font-family: 'Open Sans', sans-serif; -webkit-text-size-adjust: 100%;""><span style=""font-family: Open Sans, sans-serif;""><span style=""font-size: 16px;"">&nbsp;</span></span></p>
<p style=""font-size: 16px; margin-bottom: 0px; font-family: 'Open Sans', sans-serif; -webkit-text-size-adjust: 100%;""><span style=""font-family: Open Sans, sans-serif;""><span style=""font-size: 16px;"">El Porta llaves SWEET es la soluci&oacute;n perfecta para mantener el orden en tu hogar. Con medidas de 15x10cm, est&aacute; fabricado en melamina de alta calidad, lo que garantiza su resistencia y durabilidad.</span></span></p>
<p style=""font-size: 16px; margin-bottom: 0px; font-family: 'Open Sans', sans-serif; -webkit-text-size-adjust: 100%;"">&nbsp;</p>
<p style=""font-size: 16px; margin-bottom: 0px; font-family: 'Open Sans', sans-serif; -webkit-text-size-adjust: 100%;""><span style=""font-family: 'Open Sans', sans-serif; font-size: 16px; background-color: #ffffff;"">Portallaves con 2 tiradores met&aacute;licos escuadra.&nbsp;</span></p>
<ul style=""font-size: 16px; margin: 20px 0px; padding: 0px; list-style: outside; font-family: 'Open Sans', sans-serif; -webkit-text-size-adjust: 100%;"">
<li><span style=""background-color: #ffffff;"">Material: Melamina 18mm</span></li>
<li><span style=""background-color: #ffffff;"">Colores: Gaud&iacute; y blanco</span></li>
</ul>
<p style=""font-size: 16px; margin-bottom: 0px; font-family: 'Open Sans', sans-serif; -webkit-text-size-adjust: 100%;""><span style=""font-family: Open Sans, sans-serif;""><span style=""font-size: 16px;"">Incluye cinta bifaz, lo que permite una instalaci&oacute;n sencilla sin necesidad de tornillos ni perforar la pared. SUPER RESISTENTE</span></span></p>
<p style=""font-size: 16px; margin-bottom: 0px; font-family: 'Open Sans', sans-serif; -webkit-text-size-adjust: 100%;""><span style=""font-family: Open Sans, sans-serif;""><span style=""font-size: 16px;"">&nbsp;</span></span></p>
<p style=""font-size: 16px; margin-bottom: 0px; font-family: 'Open Sans', sans-serif; -webkit-text-size-adjust: 100%;"">&nbsp;</p>
<p style=""font-size: 16px; margin-bottom: 0px; font-family: 'Open Sans', sans-serif; -webkit-text-size-adjust: 100%;""><span style=""font-family: Open Sans, sans-serif;""><span style=""font-size: 16px;"">&iexcl;Organiz&aacute; tus llaves con estilo y funcionalidad gracias al Porta llaves SWEET!</span></span></p>
<p style=""font-size: 16px; margin-bottom: 0px; font-family: 'Open Sans', sans-serif; -webkit-text-size-adjust: 100%;"">&nbsp;</p>
<p style=""font-size: 16px; margin-bottom: 0px; font-family: 'Open Sans', sans-serif; -webkit-text-size-adjust: 100%;"">&nbsp;</p>";;;;;SI;;;;;Visible
porta-llaves-hey-14x10cm;Porta llaves HEY 14x10cm;LIVING > DECO - FLOREROS, VARIOS;;;;;;;8,500.00;;0.20;10.00;15.00;2.00;8;;;SI;NO;"<p style=""font-size: 16px; margin-bottom: 0px; font-family: 'Open Sans', sans-serif; -webkit-text-size-adjust: 100%;""><span style=""font-family: Open Sans, sans-serif;""><span style=""font-size: 16px;"">Porta llaves HEY 14x10cm</span></span></p>
<p style=""font-size: 16px; margin-bottom: 0px; font-family: 'Open Sans', sans-serif; -webkit-text-size-adjust: 100%;""><span style=""font-family: Open Sans, sans-serif;""><span style=""font-size: 16px;"">&nbsp;</span></span></p>
<p style=""font-size: 16px; margin-bottom: 0px; font-family: 'Open Sans', sans-serif; -webkit-text-size-adjust: 100%;""><span style=""font-family: Open Sans, sans-serif;""><span style=""font-size: 16px;"">&nbsp;</span></span></p>
<p style=""font-size: 16px; margin-bottom: 0px; font-family: 'Open Sans', sans-serif; -webkit-text-size-adjust: 100%;""><span style=""font-family: Open Sans, sans-serif;""><span style=""font-size: 16px;"">&nbsp;</span></span></p>
<p style=""font-size: 16px; margin-bottom: 0px; font-family: 'Open Sans', sans-serif; -webkit-text-size-adjust: 100%;""><span style=""font-family: Open Sans, sans-serif;""><span style=""font-size: 16px;"">El Porta llaves HEY es la soluci&oacute;n perfecta para mantener el orden en tu hogar. Con medidas de 14x10cm, est&aacute; fabricado en melamina de alta calidad, lo que garantiza su resistencia y durabilidad.</span></span></p>
<p style=""font-size: 16px; margin-bottom: 0px; font-family: 'Open Sans', sans-serif; -webkit-text-size-adjust: 100%;""><span style=""font-family: Open Sans, sans-serif;""><span style=""font-size: 16px;"">&nbsp;</span></span></p>
<p style=""font-size: 16px; margin-bottom: 0px; font-family: 'Open Sans', sans-serif; -webkit-text-size-adjust: 100%;""><span style=""font-family: Open Sans, sans-serif;""><span style=""font-size: 16px;"">&nbsp;</span></span></p>
<p style=""font-size: 16px; margin-bottom: 0px; font-family: 'Open Sans', sans-serif; -webkit-text-size-adjust: 100%;""><span style=""font-family: Open Sans, sans-serif;""><span style=""font-size: 16px;"">&nbsp;</span></span></p>
<p style=""font-size: 16px; margin-bottom: 0px; font-family: 'Open Sans', sans-serif; -webkit-text-size-adjust: 100%;""><span style=""font-family: Open Sans, sans-serif;""><span style=""font-size: 16px;"">Portallaves con 2 tiradores met&aacute;licos escuadra.&nbsp;</span></span></p>
<p style=""font-size: 16px; margin-bottom: 0px; font-family: 'Open Sans', sans-serif; -webkit-text-size-adjust: 100%;""><span style=""font-family: Open Sans, sans-serif;""><span style=""font-size: 16px;"">&nbsp;</span></span></p>
<p style=""font-size: 16px; margin-bottom: 0px; font-family: 'Open Sans', sans-serif; -webkit-text-size-adjust: 100%;""><span style=""font-family: Open Sans, sans-serif;""><span style=""font-size: 16px;"">Material: Melamina 18mm</span></span></p>
<p style=""font-size: 16px; margin-bottom: 0px; font-family: 'Open Sans', sans-serif; -webkit-text-size-adjust: 100%;""><span style=""font-family: Open Sans, sans-serif;""><span style=""font-size: 16px;"">Colores: Gaud&iacute; y blanco</span></span></p>
<p style=""font-size: 16px; margin-bottom: 0px; font-family: 'Open Sans', sans-serif; -webkit-text-size-adjust: 100%;""><span style=""font-family: Open Sans, sans-serif;""><span style=""font-size: 16px;"">Incluye cinta bifaz, lo que permite una instalaci&oacute;n sencilla sin necesidad de tornillos ni perforar la pared. SUPER RESISTENTE</span></span></p>
<p style=""font-size: 16px; margin-bottom: 0px; font-family: 'Open Sans', sans-serif; -webkit-text-size-adjust: 100%;"">&nbsp;</p>
<p style=""font-size: 16px; margin-bottom: 0px; font-family: 'Open Sans', sans-serif; -webkit-text-size-adjust: 100%;"">&nbsp;</p>";;;;;SI;;;;;Visible
porta-repasador-oval-12x6cm;Porta Repasador Oval 12x6cm;COCINA > BAZAR > ORGANIZACION COCINA;;;;;;;4,000.00;;0.10;12.00;6.00;2.00;0;;;SI;NO;"<p>Porta Repasador Oval 12x6cm</p>
<p>&nbsp;</p>
<p>El Porta Repasador Oval es la soluci&oacute;n perfecta para mantener el orden en tu hogar.</p>
<p>Con medidas de 12x6cm, est&aacute; fabricado en melamina de alta calidad, lo que garantiza su resistencia y durabilidad.</p>
<p>&nbsp;</p>
<p>Material: Melamina 18mm</p>
<p>Colores: Gaudi</p>
<p>Incluye cinta bifaz, lo que permite una instalaci&oacute;n sencilla sin necesidad de tornillos ni perforar la pared. SUPER RESISTENTE</p>
<p>&nbsp;</p>";;;;;SI;;;;;Visible
florero-sos-la-mejor-12x13cm;Florero SOS LA MEJOR 12x13cm;COMBOS PARA REGALAR;;;;;;;9,000.00;;0.30;10.00;10.00;2.00;2;;;NO;NO;"<p>Descubr&iacute; el <strong>Florero SOS LA MEJOR</strong>, un elegante complemento para tu hogar de 12x13 cm, fabricado en melamina color Gaud&iacute;.</p>
<p>Su dise&ntilde;o moderno y resistente aporta un toque especial a cualquier ambiente.</p>
<p>Adem&aacute;s, incluye un hermoso ramo de flores y una tarjeta personalizada, ideal para celebrar el D&iacute;a de la Madre. Perfecto para regalar o para realzar tus espacios con estilo y calidez.</p>";;;;;SI;;;;;Oculto
florero-mama-12x10cm;Florero MAMÁ 12x10cm;COMBOS PARA REGALAR;;;;;;;9,000.00;;0.30;10.00;10.00;2.00;2;;;NO;NO;"<p>Descubr&iacute; el&nbsp;<strong>Florero MAM&Aacute;</strong>, un elegante complemento para tu hogar de 12x10 cm, fabricado en melamina color Gaud&iacute;.</p>
<p>Su dise&ntilde;o moderno y resistente aporta un toque especial a cualquier ambiente.</p>
<p>Adem&aacute;s, incluye un hermoso ramo de flores y una tarjeta personalizada, ideal para celebrar el D&iacute;a de la Madre. Perfecto para regalar o para realzar tus espacios con estilo y calidez.</p>";;;;;SI;;;;;Oculto
vela-mama-12x6cm;Vela Mamá 12x6cm;COMBOS PARA REGALAR;;;;;;;5,000.00;;0.10;5.00;5.00;2.00;5;;;NO;NO;"<p>Descubr&iacute; el Porta Vela MAMA, un elegante complemento para tu hogar de 12x6 cm, fabricado en melamina color Helzinki.</p>
<p>Su dise&ntilde;o moderno y resistente aporta un toque especial a cualquier ambiente.</p>
<p>Adem&aacute;s, incluye una vela y una tarjeta personalizada, ideal para celebrar el D&iacute;a de la Madre. Perfecto para regalar o para realzar tus espacios con estilo y calidez.</p>";;;;;SI;;;;;Oculto
atril-mama-15x6cm;Atril Mamá 15x6cm;COMBOS PARA REGALAR;;;;;;;5,500.00;;0.20;10.00;15.00;6.00;7;;;NO;NO;"<p>Descubr&iacute; el Atril MAMA, un elegante complemento para regalar a mama en su dia de 15x6 cm, fabricado en melamina color Gaud&iacute;.</p>
<p>Su dise&ntilde;o moderno y resistente aporta un toque especial a cualquier ambiente.</p>
<p>Adem&aacute;s, incluye una vela y una tarjeta personalizada, ideal para celebrar el D&iacute;a de la Madre. Perfecto para regalar o para realzar tus espacios con estilo y calidez.</p>";;;;;SI;;;;;Oculto
setx2-platos-rectangulares-de-bambu;Setx2 Platos Rectangulares de Bambu;COCINA > BAZAR > BANDEJAS - BOWLS - TABLAS, COCINA > BAZAR > CUBIERTOS - VAJILLA, DIA DEL PADRE;;;;;;;21,600.00;;0.20;20.00;15.00;1.00;2;;;SI;NO;"<p><strong>Set x 2 Platos Rectangulares de Bamb&uacute;</strong></p>
<p>Eleg&iacute; un toque natural y elegante para tus comidas con este set de dos platos rectangulares de bamb&uacute;.</p>
<p>Con medidas de <em>21 cm de ancho x 26 cm de largo</em> y una altura de <em>1 cm</em>, son ideales para presentar tus platos con estilo y funcionalidad.</p>
<p>El bamb&uacute; es un material resistente y ecol&oacute;gico, perfecto para uso diario. Adem&aacute;s, su dise&ntilde;o simple y sofisticado se adapta a cualquier tipo de vajilla y decoraci&oacute;n. Sum&aacute; estos platos a tu cocina para disfrutar de una experiencia gastron&oacute;mica diferente y sustentable.</p>";;;;;SI;;;;;Visible
escobilla-de-metal-y-bambu;Escobilla de Metal y Bambu;BAÑO > CESTOS PARA BAÑO ;;;;;;;16,900.00;;0.20;25.00;5.00;5.00;0;;;SI;NO;"<p>Descubr&iacute; el <strong>cepillo de ba&ntilde;o con dep&oacute;sito de metal y tapa de bambu</strong>, un accesorio funcional y sofisticado para tu ba&ntilde;o.</p>
<p>Su elegante color negro y dise&ntilde;o compacto (9,5 cm de di&aacute;metro y 38 cm de alto) se adaptan a cualquier estilo decorativo.</p>
<p>La tapa de bamboo aporta un toque natural y moderno, mientras que el dep&oacute;sito met&aacute;lico asegura durabilidad y f&aacute;cil limpieza. Ideal para mantener tu ba&ntilde;o limpio y ordenado con estilo. &iexcl;Sumalo a tu espacio hoy mismo!</p>";;;;;SI;;;;;Visible
packx5-bolsas-de-ropa-al-vacio-bomba-manual;Packx5 Bolsas de ropa al Vacio + Bomba Manual;VARIOS, ORGANIZACIÓN;;;;;;;18,500.00;;0.10;20.00;15.00;2.00;0;;;SI;NO;"<p><strong>Pack x 5 bolsas de ropa al vacío: la solución ideal para maximizar tu espacio</strong></p>
<p>¿Buscas optimizar el lugar donde guardas tu ropa? Este <strong>pack de 5 bolsas de ropa al vacío</strong> es perfecto para reducir hasta un <em>80% el espacio</em> que ocupan tus prendas, manteniéndolas protegidas y organizadas.</p>
<h3>Características principales:</h3>
<ul>
<li><strong>Protección completa:</strong> Nuestras bolsas están diseñadas para conservar tus prendas libres de humedad, hongos, insectos, polvo, suciedad y olores desagradables.</li>
<li><strong>Medidas variadas:</strong> El pack incluye una bolsa grande de 80 x 100 cm, dos bolsas medianas de 60 x 80 cm y dos bolsas más pequeñas de 50 x 70 cm, adaptándose a diferentes tipos y cantidades de ropa.</li>
<li><strong>Fácil de usar:</strong> Incluye una bomba manual para extraer el aire de las bolsas de manera rápida y sencilla, sin necesidad de aspiradoras complicadas.</li>
<li><strong>Material resistente:</strong> Fabricadas con materiales duraderos, que garantizan la conservación de la calidad de las prendas durante el almacenamiento prolongado.</li>
</ul>
<h3>Ventajas de utilizar bolsas al vacío:</h3>
<ul>
<li><em>Ahorro de espacio:</em> Ideal para guardar ropa de temporada, ropa de cama o mantas, permitiéndote liberar armarios, baúles o maleteros.</li>
<li><em>Protección contra agentes externos:</em> Mantiene tus prendas como nuevas, evitando el deterioro por humedad o la proliferación de insectos.</li>
<li><em>Orden y limpieza:</em> Facilita una organización eficiente en tu hogar, evitando el desorden y acumulación de polvo.</li>
</ul>
<p>Este pack es una excelente inversión para quienes desean mantener su ropa en perfectas condiciones y aprovechar al máximo cada rincón. Además, su uso es muy sencillo y práctico, ideal para cualquier hogar.</p>
<p>Renová tu forma de guardar la ropa con este <strong>pack de bolsas al vacío</strong> y disfruta de un espacio más ordenado y protegido.</p>
<p>¡No esperes más y aprovecha esta oferta para mantener tu hogar organizado y tus prendas cuidadas!</p>";;;;;SI;;;;;Visible
packx6-compoteras-postre-175cc;Packx6 Compoteras Postre 175cc;COCINA > BAZAR > BANDEJAS - BOWLS - TABLAS, COCINA > BAZAR > VASOS - COPAS;;;;;;;22,500.00;;0.40;8.00;15.00;10.00;2;;;SI;NO;"<p><span style=""color: #060606; font-family: 'Nunito Sans', sans-serif; font-size: 14px; background-color: #ffffff;"">Pack x 6 copas bajas de postre de vidrio labrado.</span><br style=""box-sizing: border-box; color: #060606; font-family: 'Nunito Sans', sans-serif; font-size: 14px; background-color: #ffffff;"" /><br style=""box-sizing: border-box; color: #060606; font-family: 'Nunito Sans', sans-serif; font-size: 14px; background-color: #ffffff;"" /><em style=""box-sizing: border-box; color: #060606; font-family: 'Nunito Sans', sans-serif; font-size: 14px; background-color: #ffffff;"">Medidas:<br style=""box-sizing: border-box;"" />Alto: 7,2 cm.<br style=""box-sizing: border-box;"" />Diametro: 9,5 cm<br style=""box-sizing: border-box;"" />Diametro base: 5,5 cm.<br style=""box-sizing: border-box;"" />Capacidad: 175 cc.</em></p>
<p><em style=""box-sizing: border-box; color: #060606; font-family: 'Nunito Sans', sans-serif; font-size: 14px; background-color: #ffffff;"">Material: Vidrio</em></p>";;;;;SI;;;;;Visible
setx8-especieros-con-holder-giratorio-acero-inox;Setx8 Especieros con Holder Giratorio Acero Inox;COCINA > BAZAR > FRASCOS, COCINA > BAZAR > ACEITEROS - SALEROS - AZUCARERAS - ESPECIEROS;;;;;;;36,900.00;;0.40;15.00;15.00;15.00;2;;;SI;NO;"<p><span style=""color: #060606; font-family: 'Nunito Sans', sans-serif; font-size: 14px; background-color: #ffffff;"">Set x 8 especieros con holder giratorio de acero inoxible.</span><br style=""box-sizing: border-box; color: #060606; font-family: 'Nunito Sans', sans-serif; font-size: 14px; background-color: #ffffff;"" /><span style=""color: #060606; font-family: 'Nunito Sans', sans-serif; font-size: 14px; background-color: #ffffff;"">incluye 8 contenedores de vidrio con tapa a rosca de acero inoxidable.</span><br style=""box-sizing: border-box; color: #060606; font-family: 'Nunito Sans', sans-serif; font-size: 14px; background-color: #ffffff;"" /><em style=""box-sizing: border-box; color: #060606; font-family: 'Nunito Sans', sans-serif; font-size: 14px; background-color: #ffffff;""><br style=""box-sizing: border-box;"" />Medidas:<br style=""box-sizing: border-box;"" />Frasco<br style=""box-sizing: border-box;"" />Alto: 8,5 cm.<br style=""box-sizing: border-box;"" />Di&aacute;metro: 4,5 cm.<br style=""box-sizing: border-box;"" />Capacidad: 80 ml<br style=""box-sizing: border-box;"" /><br style=""box-sizing: border-box;"" />Estructura giratoria<br style=""box-sizing: border-box;"" />Altura: 15,5 cm<br style=""box-sizing: border-box;"" />Di&aacute;metro de base: 18,5 cm.</em></p>";;;;;SI;;;;;Visible
tender-vertical-plegable;Tender Vertical Plegable;BAÑO > ARTICULOS PARA BAÑO, VARIOS, ORGANIZACIÓN;;;;;;;54,900.00;;0.40;40.00;8.00;5.00;0;;;SI;NO;"<p>El Tender de ropa vertical plegable es la solución práctica para secar tus prendas en interiores o exteriores. Cuenta con <strong>3 estantes reforzados de caño pintado blanco</strong> y <strong>2 barras laterales plásticas</strong> ideales para colgar ropa. Su base tiene <strong>cuatro ruedas con freno</strong>, facilitando su movilidad y estabilidad. </p>
<p>Sus medidas son: 75 cm de largo, 64 cm de ancho y 1,70 mts de alto; al desplegar los percheros alcanza 1,26 mts de largo. Disponible en <strong>colores surtidos</strong> para combinar con tu espacio.</p>";;;;;SI;;;;;Visible
anotador-lapicera-mama;Anotador + Lapicera MAMA;COMBOS PARA REGALAR;;;;;;;5,000.00;;0.10;15.00;10.00;2.00;4;;;NO;NO;"<p>El <strong>Anotador + Lapicera MAMA</strong> es el regalo perfecto para expresar cariño y mantener todo organizado. </p>
<p>Incluye un anotador de <strong>10x15 cm</strong> con tapa decorada con estampas especialmente diseñadas para mamá, ideal para llevar a todas partes. Además, viene con una lapicera de tinta negra para que puedas escribir con comodidad y estilo. </p>
<p>Un set práctico y adorable que combina funcionalidad y diseño pensado para ella. ¡No te quedes sin el tuyo!</p>";;;;;SI;;;;;Oculto
juego-taza-plato-latte;Juego taza + Plato LATTE;COCINA > BAZAR > TAZAS Y PLATITOS;;;;;;;15,000.00;;0.40;10.00;10.00;10.00;10;;;SI;NO;"<p>Descubr&iacute; el <strong>Juego taza + Plato LATTE</strong>, ideal para tus momentos de caf&eacute;.</p>
<p>La taza, de <strong>300 ml</strong> y medidas de <strong>9x10 cm</strong>, junto al plato de <strong>15 cm de di&aacute;metro</strong>, est&aacute;n fabricados en <strong>cer&aacute;mica premium</strong> con un elegante color <em>chocolate latte</em>.</p>
<p>Perfecto para quienes buscan calidad y estilo en cada detalle. Ideal para tu cocina o regalar.</p>";;;;;SI;;;;;Visible
box-mama-meme;Box MAMÁ MEME;COMBOS PARA REGALAR;;;;;;;20,000.00;;0.50;10.00;15.00;10.00;2;;;NO;NO;"<p>La <strong>Box MAM&Aacute; MEME</strong> es el regalo ideal para sorprender a mam&aacute; con humor y cari&ntilde;o.</p>
<p>Incluye una <strong>taza de cer&aacute;mica blanca</strong> con estampa especial, de 10x8 cm y capacidad de 300 ml, y un <strong>taz&oacute;n de cer&aacute;mica</strong> de 8x11 cm con la misma tem&aacute;tica.</p>
<p>Viene presentada en una caja elegante junto con una <strong>tarjeta personalizada</strong> para el D&iacute;a de la Madre. Perfecta para celebrar con estilo y alegr&iacute;a.</p>";;;;;SI;;;;;Oculto
box-mama;Box MAMÁ;COMBOS PARA REGALAR;Modelo;1;;;;;10,000.00;;0.20;10.00;10.00;10.00;4;;;NO;NO;"<p><strong>Box MAM&Aacute;</strong> es el regalo perfecto para celebrar a mam&aacute; con cari&ntilde;o y estilo.</p>
<p>Incluye una taza de cer&aacute;mica blanca de 10x8 cm y capacidad de 300 ml, decorada con estampas exclusivas dedicadas a mam&aacute; en diferentes modelos.</p>
<p>Cada set viene presentado en una caja con visor, acompa&ntilde;ada de una tarjeta personalizada para el D&iacute;a de la Madre. Ideal para expresar tu amor de manera especial y pr&aacute;ctica.</p>";;;;;SI;;;;;Oculto
box-mama;;;Modelo;4;;;;;10,000.00;;0.20;10.00;10.00;10.00;5;;;;;;;;;;;;;;;
box-mama;;;Modelo;5;;;;;10,000.00;;0.20;10.00;10.00;10.00;5;;;;;;;;;;;;;;;
box-feliz-dia;Tazón FELIZ DÍA;COMBOS PARA REGALAR;;;;;;;12,500.00;;0.20;10.00;15.00;10.00;6;;;SI;NO;"<p>Descubr&iacute; el&nbsp;<strong>Box FELIZ DIA</strong>, un set delicado y elegante pensado para celebrar el D&iacute;a de la Madre.</p>
<p>Incluye un tazon de cer&aacute;mica blanco con estampa ""FELIZ DIA"" con medidas de 8x11 cm y una cuchara dorada chica, ideal para disfrutar momentos especiales.</p>
<p>Modelos surtidos, opciones disponibles las que se encuentran en las fotos.</p>
<p>Viene presentado en una caja con tarjeta personalizada para esta ocasi&oacute;n. Un regalo perfecto para sorprender con estilo y cari&ntilde;o.</p>";;;;;SI;;;;;Visible
box-mama-white;Box MAMA WHITE;COMBOS PARA REGALAR;Modelo;mama;;;;;25,000.00;;0.50;15.00;15.00;10.00;3;;;NO;NO;"<p>Descubr&iacute; el&nbsp;<strong>Box MAMA WHITE</strong>, un set delicado y elegante pensado para celebrar el D&iacute;a de la Madre.</p>
<p>Incluye una bandeja rectangular de cer&aacute;mica color blanca de 26x14 cm, una taza de cer&aacute;mica blanca con estampa para mama de 10x8 cm y una cuchara dorada larga, ideal para disfrutar momentos especiales.</p>
<p>Viene presentado en una caja con tarjeta personalizada para esta ocasi&oacute;n. Un regalo perfecto para sorprender con estilo y cari&ntilde;o.</p>";;;;;SI;;;;;Oculto
box-mama-white;;;Modelo;mama te amo;;;;;25,000.00;;0.50;15.00;15.00;10.00;2;;;;;;;;;;;;;;;
cesto-cuadrado-de-bambu-con-tapa-50x40cm;Cesto Cuadrado de Bambu con tapa 50x40cm;LIVING > YUTE - SEAGRASS, BAÑO > CESTOS PARA BAÑO , ORGANIZACIÓN;;;;;;;59,900.00;;0.50;40.00;20.00;5.00;0;;;SI;NO;"<p>El <strong>Cesto cuadrado de bamb&uacute;</strong>&nbsp;es la soluci&oacute;n perfecta para mantener tus espacios organizados con estilo natural.</p>
<p>Cuenta con tapa y cuerdas de agarre que facilitan su transporte.</p>
<p>Adem&aacute;s, incluye una funda de tela removible en color crudo, ideal para proteger y darle un toque elegante.</p>
<p>Con medidas de <strong>50 cm de alto, 40 cm de ancho y 30 cm de largo</strong>, ofrece una capacidad de <strong>60 litros</strong>, ideal para almacenar ropa o accesorios. Un complemento pr&aacute;ctico y est&eacute;tico para cualquier ambiente.</p>";;;;;SI;;;;;Visible
mantel-tusor-300x150cm-gris-claro;Mantel tusor 300x150cm Gris Claro;COCINA > MANTELES;;;;;;;39,900.00;;0.30;20.00;20.00;2.00;2;;;SI;NO;"<p data-start=""34"" data-end=""359""><strong data-start=""34"" data-end=""79"">Mantel de Tusor 100% Algod&oacute;n &ndash; 300x150 cm</strong><br data-start=""79"" data-end=""82"" />Un cl&aacute;sico atemporal para tu mesa. Confeccionado en tusor de algod&oacute;n 100%, este mantel combina la suavidad y resistencia natural de la tela con un acabado r&uacute;stico y elegante. Su tama&ntilde;o de 300x150 cm lo hace ideal para mesas grandes, aportando calidez y estilo en cada comida.</p>
<p data-start=""34"" data-end=""359"">Color Gris Claro&nbsp;</p>
<p data-start=""361"" data-end=""493"">Perfecto para usar a diario o en ocasiones especiales, ya que se adapta tanto a mesas informales como a montajes m&aacute;s sofisticados.</p>";;;;;SI;;;;;Visible
mantel-tusor-liso-300x150cm;Mantel Tusor Liso 300x150cm;COCINA > MANTELES;;;;;;;39,900.00;;0.40;20.00;20.00;5.00;3;;;SI;NO;"<p>El&nbsp;<strong>Mantel Tusor Liso 300x150cm</strong>&nbsp;es la elecci&oacute;n perfecta para quienes buscan combinar estilo y funcionalidad en su mesa.</p>
<p>Confeccionado en&nbsp;<em>tusor</em>, un tejido liviano y resistente, presenta un dise&ntilde;o cl&aacute;sico en color Verde seco que aporta un toque delicado y moderno a cualquier ambiente.</p>
<p>Color verde oliva.&nbsp;</p>
<p>Sus medidas generosas permiten cubrir c&oacute;modamente mesas medianas, ideal para almuerzos y reuniones familiares. F&aacute;cil de limpiar y mantener, este mantel es un accesorio imprescindible para renovar la decoraci&oacute;n de tu comedor con elegancia y calidez.</p>";;;;;SI;;;;;Visible
felpudo-kitchen-60x40cm;Felpudo KITCHEN 60x40cm;COCINA > BAZAR > ORGANIZACION COCINA, VARIOS > FELPUDOS - EXTERIOR;;;;;;;10,000.00;;0.10;40.00;30.00;1.00;2;;;SI;NO;"<p>Felpudo KITCHEN<strong>&nbsp;60x40cm </strong></p>
<p>Ideal para la cocina, este felpudo combina funcionalidad y estilo.</p>
<p>Fabricado en poli&eacute;ster resistente, cuenta con una base antideslizante que garantiza seguridad al pisar.</p>
<p>Su tama&ntilde;o pr&aacute;ctico y dise&ntilde;o sobrio lo hacen perfecto para mantener tus espacios limpios y bien presentados. Dale la bienvenida a quienes visitan tu hogar con este felpudo duradero y f&aacute;cil de limpiar.</p>";;;;;SI;;;;;Visible
felpudo-carpet-diem-75x25cm;Felpudo Carpet Diem 75x25cm;VARIOS > FELPUDOS - EXTERIOR, BLACK DELUAR;;;;;;;17,500.00;;0.20;15.00;10.00;10.00;2;;;SI;NO;"<p>El Felpudo entrada CARPET DIEM de 75x25cm es la opci&oacute;n ideal para recibir a tus visitas con estilo y comodidad. Su dise&ntilde;o elegante y funcional se adapta perfectamente a cualquier entrada, brindando una primera impresi&oacute;n acogedora.</p>
<p>&nbsp;</p>
<p>Fabricado en materiales de alta calidad, este felpudo es resistente y f&aacute;cil de limpiar, garantizando durabilidad en su uso diario. No solo es pr&aacute;ctico, sino que tambi&eacute;n aporta un toque de personalidad a tu hogar.</p>
<p>""APROVECHA EL DIA""</p>
<p>&iexcl;Transform&aacute; tu entrada con el Felpudo CARPET DIEM y disfrut&aacute; de un ambiente m&aacute;s c&aacute;lido y atractivo!</p>";;;;;SI;;;;;Visible
florero6;Florero CÁDIZ 26x8cm;LIVING > DECO - FLOREROS;;;;;;;17,500.00;;0.40;20.00;8.00;8.00;1;;;SI;NO;"<p>Florero cer&aacute;mico r&uacute;stico</p>
<p>Medidas: 26x8 cm</p>
<p>Un dise&ntilde;o elegante y atemporal que combina con cualquier estilo de decoraci&oacute;n.</p>
<p>Su acabado en cer&aacute;mica craquelada en tonos marfil con leves vetas aporta textura y calidez al ambiente. Ideal para exhibir flores secas, pampas o ramilletes delicados.</p>
<p>Su formato alto y esbelto (26 cm de alto x 8 cm de di&aacute;metro) lo convierte en una pieza vers&aacute;til: perfecto para mesas auxiliares, repisas o como detalle protagonista en tu living.</p>
<p><span style=""font-kerning: none;"">&nbsp;</span></p>";;;;;SI;;;;;Visible
florero3;Florero BRUMA 20x13cm;LIVING > DECO - FLOREROS;;;;;;;19,900.00;;0.40;17.00;10.00;4.00;2;;;SI;NO;"<p>El&nbsp;<strong>Florero de cer&aacute;mica blanco mate</strong>&nbsp;es la opci&oacute;n perfecta para complementar cualquier espacio con un toque moderno y elegante.&nbsp;<br />Con medidas de&nbsp;<em><strong>20x13x4,3</strong>cm</em>, su tama&ntilde;o compacto lo hace ideal para colocar flores o decoraciones sin ocupar mucho lugar.</p>
<p>Su acabado en blanco mate aporta sobriedad y estilo, adapt&aacute;ndose a distintos ambientes y estilos decorativos.</p>
<p>Fabricado en cer&aacute;mica de alta calidad, garantiza durabilidad y facilidad de limpieza. Incorpora este florero a tu hogar u oficina y disfruta de un detalle que realza tu decoraci&oacute;n con sencillez y buen gusto</p>";;;;;SI;;;;;Visible
florero-tur-20x11cm;Florero TUR 20x11cm;LIVING > DECO - FLOREROS;;;;;;;20,500.00;;0.50;20.00;10.00;10.00;1;;;SI;NO;"<p>El <strong>Florero de cer&aacute;mica negro mate</strong> es la opci&oacute;n perfecta para complementar cualquier espacio con un toque moderno y elegante. <br />Con medidas de <em><strong>20x11x10 </strong>cm</em>, su tama&ntilde;o compacto lo hace ideal para colocar flores o decoraciones sin ocupar mucho lugar.</p>
<p>Su acabado en negro mate aporta sobriedad y estilo, adapt&aacute;ndose a distintos ambientes y estilos decorativos.</p>
<p>Fabricado en cer&aacute;mica de alta calidad, garantiza durabilidad y facilidad de limpieza. Incorpora este florero a tu hogar u oficina y disfruta de un detalle que realza tu decoraci&oacute;n con sencillez y buen gusto.</p>";;;;;SI;;;;;Visible
cubiertero-organizador-4-divisiones;Cubiertero Organizador 4 Divisiones;COCINA > BAZAR > ORGANIZACION COCINA;Color;Gris;;;;;10,900.00;;0.20;20.00;10.00;5.00;0;;;SI;NO;"<p>Recupera el orden y el espacio en tus cajones con esta practica soluci&oacute;n para acomodar tus utensillos.&nbsp;</p>
<p>Te permite ahorrar espacio en tus cajones.&nbsp;</p>
<p>Ideal para cucharas, tenedores, cuchillos y 2 mas peque&ntilde;os para cucharitas de te o untadores o simil.</p>
<p>&nbsp;</p>
<p><strong>Material: </strong>Plastico reforzado&nbsp;</p>
<p><strong>Medidas:</strong> 40 x 11 x 5,5 cm</p>";;;;;SI;;;;;Visible
cubiertero-organizador-4-divisiones;;;Color;Blanco;;;;;10,900.00;;0.20;20.00;10.00;5.00;2;;;;;;;;;;;;;;;
cubiertero-organizador-4-divisiones;;;Color;Crema;;;;;10,900.00;;0.20;20.00;10.00;5.00;0;;;;;;;;;;;;;;;
cesto-plegable-triple-de-tela-y-aluminio;Cesto Plegable Triple De tela y Aluminio;BAÑO > CESTOS PARA BAÑO , ORGANIZACIÓN;;;;;;;49,900.00;;0.50;40.00;10.00;5.00;1;;;SI;NO;"<p>El Cesto Canasto Simple Triple es ideal para mantener organizada tu ropa sucia.</p>
<p>Su dise&ntilde;o tricolor lo hace atractivo y vers&aacute;til, pudiendo combinar con cualquier decoraci&oacute;n.</p>
<p>Est&aacute; <strong>confeccionado en tela resistente y su estructura es de aluminio</strong>, lo que garantiza su durabilidad y resistencia.</p>
<p>Su tama&ntilde;o es perfecto para colocarlo en cualquier rinc&oacute;n de tu hogar sin ocupar mucho espacio.</p>
<p><strong>Medidas: Ancho x Profundidad x Altura: 57 cm x 30 cm x 47 cm.</strong></p>
<p>Adem&aacute;s, su dise&ntilde;o triple te permite separar la ropa por colores o tipos de tela, facilitando as&iacute; la tarea de lavado. Este producto es de alta calidad y est&aacute; dise&ntilde;ado para satisfacer tus necesidades de organizaci&oacute;n.</p>";;;;;SI;;;;;Visible
organizador-x4-p-ropa-interior;Organizador x4 p/ Ropa Interior;ORGANIZACIÓN, BLACK DELUAR;;;;;;;25,500.00;;0.10;8.00;30.00;2.00;0;;;SI;NO;"<p>ORGANIZADORES PARA ROPA INTERIOR.</p>
<p>El art&iacute;culo incluye 4 piezas: 6 divisiones, 8 divisiones, 7 divisiones y 24 divisiones. Bueno para arreglar sus bufandas, corbatas, ropa interior, calzoncillos, calcetines y otras cosas peque&ntilde;as.</p>
<p>&nbsp;</p>
<p><strong>Medidas:</strong></p>
<p>1 Organizador (28cm x 14cm x 10cm)&nbsp;</p>
<p>2 Organizadores (31cm x 31cm x 10cm)</p>
<p>1 Organizador (31,5cm x 16cm x 10cm)</p>
<p>&nbsp;</p>
<p>Dise&ntilde;o plegable para un f&aacute;cil almacenamiento cuando no est&aacute; en uso.&nbsp;</p>
<p>Material: Poliester.&nbsp;</p>";;;;;SI;;;;;Visible
cajon-de-tela-con-tapa-38x25cm-rigida;Cajón de Tela con Tapa 38x25cm Rigida;ORGANIZACIÓN;;;;;;;9,900.00;;0.10;20.00;20.00;2.00;0;;;SI;NO;"<p>Caja de tela Caja Organizadora de Tela con refuerzo r&iacute;gido.</p>
<p>&nbsp;</p>
<p>-A&iacute;sla la ropa del polvo y la humedad. Ideal para organizar prendas chicas, toallas, ba&ntilde;o, zapatos, etc.</p>
<p>&ndash; Confeccionado en Tela NO TEJIDA de fibra interna, permite que las piezas respiren, evitando MOHO.</p>
<p>&ndash;Contiene tapa r&iacute;gida y manijas frontales.</p>
<p>&nbsp;</p>
<p>&nbsp;</p>
<p>-MEDIDAS: <strong>38cm x25cm x25cm</strong></p>";;;;;SI;;;;;Visible
organizador-de-tela-con-visor-58x29cm;Organizador de Tela con Visor 58x29cm;ORGANIZACIÓN;;;;;;;12,500.00;;0.10;15.00;15.00;2.00;0;;;SI;NO;"<p>Dise&ntilde;ada para ahorrar espacio, ideal para guardar ropa, toallas y s&aacute;banas. Frontal de pl&aacute;stico transparente.</p>
<p>Cierre de cremallera 2 asas laterales</p>
<p>Dise&ntilde;o plegable</p>
<p>Material: 100 % poli&eacute;ster</p>
<p>Dimensiones: <strong>58 x 29 x 28 cm </strong></p>
<p>Color: <strong>Gris</strong></p>";;;;;SI;;;;;Visible
huevera-deslizante-p-24-un-aprox;Huevera Deslizante p/ 24 un. aprox;COCINA > BAZAR > FRASCOS;Color;Gris;;;;;14,900.00;;0.10;20.00;20.00;5.00;0;;;SI;NO;"<p>La Huevera Pl&aacute;stica es la soluci&oacute;n ideal para mantener tus huevos organizados y protegidos, ingresan aproximadamente <strong>24 unidades. </strong></p>
<p>Con un dise&ntilde;o porta huevos deslizante, facilita el acceso a tus huevos de manera r&aacute;pida y c&oacute;moda. Su estructura de pl&aacute;stico resistente asegura durabilidad y un uso prolongado en tu cocina.<br /><br />Con unas <strong>dimensiones</strong> de 36,5 cm de largo, 7 cm de ancho y 20,5 cm de altura, esta huevera se adapta perfectamente a cualquier espacio, optimizando el almacenamiento en tu heladera.<br /><br />Es la elecci&oacute;n perfecta para quienes buscan funcionalidad y estilo en su cocina, asegurando que tus huevos est&eacute;n siempre a mano y en perfectas condiciones.</p>";;;;;SI;;;;;Visible
huevera-deslizante-p-24-un-aprox;;;Color;Blanco;;;;;14,900.00;;0.10;20.00;20.00;5.00;2;;;;;;;;;;;;;;;
individual-rustico-38cm;Individual Rústico 38cm;COCINA > INDIVIDUALES;;;;;;;5,500.00;;0.10;30.00;15.00;1.00;0;;;SI;NO;"<p>Decora tu mesa con estos hermosos individuales simil arpillera PVC y hac&eacute; de cada momento un deleite visual!<br /><br />Transform&aacute; tus espacios con la aliada vers&aacute;til que enriquece tu decoraci&oacute;n. Ideal como centro de mesa, colgada en la pared o como plato de sitio, esta pieza &uacute;nica aporta elegancia y estilo a cualquier lugar.<br /><br />Detalles Generales del Producto<br /><br />Medidas: 38 cm de diametro.&nbsp;<br /><br />Material: PVC&nbsp;<br /><br />Cuidados:<br />Solo pasar un pa&ntilde;o semi mojado o seco para limpiarlo</p>";;;;;SI;;;;;Visible
set-11-utensilios-porta-utensilios;Set 11 Utensilios + Porta Utensilios;COCINA > BAZAR > CUBIERTOS - VAJILLA;;;;;;;39,900.00;;0.40;20.00;10.00;10.00;0;;;SI;NO;"<p>Set X12 Utensilios De Cocina Mango Madera Punta Silicona</p>
<p>&nbsp;</p>
<p>El KIT Incluye 11 Utensilios y 1 Porta Utensilios</p>
<p>Incluye:&nbsp;</p>
<p>1 x Cuchara ranurada</p>
<p>1 x Cuchara para s&oacute;lidos</p>
<p>1 x Cuchar&oacute;n para sopa</p>
<p>1 x Esp&aacute;tula ranurada</p>
<p>1 x Esp&aacute;tula para s&oacute;lidos</p>
<p>1 x Esp&aacute;tula redonda</p>
<p>1 x Esp&aacute;tula horneado</p>
<p>1 x Cuchara para pasta</p>
<p>1 x Pincel</p>
<p>1 x Pinzas</p>
<p>1 x Batidor</p>
<p>1 x Base</p>
<p>&nbsp;</p>
<p>Especificaciones:&nbsp;</p>
<p>- Mango de madera.</p>
<p>- Punta de silicona.</p>
<p>- Resistente a altas temperaturas.</p>
<p>- Recipiente contenedor de ABS.</p>
<p>- Pinza de acero con sistema de traba.</p>
<p>- Para uso domestico.</p>
<p>- No apto para lavavajillas</p>";;;;;SI;;;;;Visible
combo-tacho-residuo-5l-escobilla-acero-inox;Combo Tacho Residuo 5L +Escobilla Acero Inox;BAÑO > CESTOS PARA BAÑO ;;;;;;;39,900.00;;0.50;30.00;30.00;30.00;0;;;SI;NO;"<p>Descubr&iacute; el <strong>Combo Tacho Residuo 5L con pedal + Escobilla de Acero Inox</strong> ideal para mantener tus espacios limpios y organizados.</p>
<p>El tacho de 5 litros cuenta con un pr&aacute;ctico pedal que facilita su uso sin contacto manual, promoviendo la higiene.</p>
<p>La escobilla combina un cabezal de pl&aacute;stico resistente con un asa de acero inoxidable, asegurando durabilidad y eficiencia en la limpieza. Un conjunto funcional y duradero, perfecto para el hogar o la oficina.</p>";;;;;SI;;;;;Visible
taza3;Taza Capuchino Doble Vidrio 200cc;COCINA > BAZAR > TAZAS Y PLATITOS;;;;;;;12,500.00;;0.10;8.00;8.00;8.00;4;;;SI;NO;"<p>Disfrutá de tu capuchino con estilo y funcionalidad gracias a la <strong>Taza Capuchino Doble Vidrio 200cc</strong>. Su diseño de doble vidrio mantiene la temperatura ideal de tu bebida, evitando que el calor se disipe rápidamente. Con una capacidad de 200 cc, es perfecta para tus momentos de pausa.</p>
<p><strong>Medidas:</strong>
- Alto: 10,5 cm
- Diámetro: 7 cm  </p>
<p>Ideal para quienes buscan calidad y diseño en cada sorbo.</p>";;;;;SI;;;;;Visible
taza1;Taza Cafe Doble Vidrio FUME 120cc;COCINA > BAZAR > TAZAS Y PLATITOS;;;;;;;8,800.00;;0.10;8.00;8.00;8.00;6;;;SI;NO;"<p>Descubr&iacute; la <strong>Taza Caf&eacute; Doble Vidrio FUME 120cc</strong>, dise&ntilde;ada para mantener la temperatura de tu bebida por m&aacute;s tiempo gracias a su doble vidrio aislante.</p>
<p>Su elegante color humo aporta un toque moderno y sofisticado a tu mesa.</p>
<p>Con una capacidad ideal de 120cc, <strong>di&aacute;metro de 8 cm y altura de 7 cm</strong>, es perfecta para disfrutar tu caf&eacute; en cualquier momento del d&iacute;a. Disfrut&aacute; calidad y estilo en cada sorbo.</p>";;;;;SI;;;;;Visible
taza-cafe-doble-vidrio-ambar-120cc;Taza Cafe doble Vidrio AMBAR 120cc;COCINA > BAZAR > TAZAS Y PLATITOS;;;;;;;8,800.00;;0.10;7.00;7.00;7.00;5;;;SI;NO;"<p>Disfrutá tu café con estilo y comodidad con la <strong>Taza Café doble Vidrio Ámbar 120cc</strong>. Su diseño de doble vidrio mantiene la temperatura sin que queme al tacto, ideal para disfrutar cada sorbo. </p>
<p>Con una capacidad de 120cc, su vidrio color ámbar aporta elegancia y calidez a tu mesa. Mide 7 cm de diámetro y 6.5 cm de alto, perfecta para un café justo y delicioso. ¡Calidad y diseño en cada detalle!</p>";;;;;SI;;;;;Visible
tazon1;Tazon/ Taza Ceramica Jaspeada 350ml;COCINA > BAZAR > TAZAS Y PLATITOS;;;;;;;7,500.00;;0.40;8.00;8.00;8.00;2;;;SI;NO;"<p>Descubr&iacute; nuestro <strong>Taz&oacute;n/Taza de Cer&aacute;mica Jaspeada</strong> con una capacidad de 350 ml, ideal para disfrutar tus bebidas calientes o fr&iacute;as.</p>
<p>Con medidas de <em>8 cm de alto</em> y <em>8,5 cm de di&aacute;metro</em>, su dise&ntilde;o &uacute;nico presenta un color azul que degrada hacia el marr&oacute;n, aportando un estilo elegante y moderno. Perfecta para tu cocina o como regalo especial.</p>";;;;;SI;;;;2,700.00;Visible
mantel-impermeable-rafia-2-50x1-40cm;Mantel Impermeable Rafia 2.50x1.40cm;COCINA > MANTELES;Color;Beige;;;;;49,900.00;;0.30;20.00;15.00;5.00;1;;;SI;NO;"<p>Descubrí nuestro <strong>mantel rectangular impermeable de rafia importada</strong>, diseñado con un tratamiento antimanchas que asegura su durabilidad y fácil limpieza. Ideal para proteger y embellecer tu mesa en cualquier ocasión.</p>
<p>Con una medida de <strong>1.40 x 2.50 metros</strong>, ofrece cobertura amplia y práctica. Su calidad premium garantiza resistencia y estilo en cada detalle.
Perfecto para uso diario o eventos especiales.</p>";;;;;SI;;;;;Visible
mantel-impermeable-rafia-2-50x1-40cm;;;Color;Gris Oscuro;;;;;49,900.00;;0.30;20.00;15.00;5.00;0;;;;;;;;;;;;;;;
mantel-tusor-250x150cm-gris-oscuro;Mantel tusor 250x150cm Gris Oscuro;COCINA > MANTELES;;;;;;;35,900.00;;0.30;20.00;20.00;2.00;0;;;SI;NO;"<p data-start=""34"" data-end=""359""><strong data-start=""34"" data-end=""79"">Mantel de Tusor 100% Algod&oacute;n &ndash; 250x150 cm</strong><br data-start=""79"" data-end=""82"" />Un cl&aacute;sico atemporal para tu mesa. Confeccionado en tusor de algod&oacute;n 100%, este mantel combina la suavidad y resistencia natural de la tela con un acabado r&uacute;stico y elegante. Su tama&ntilde;o de 250x150 cm lo hace ideal para mesas grandes, aportando calidez y estilo en cada comida.</p>
<p data-start=""34"" data-end=""359"">Color Gris Oscuro</p>
<p data-start=""361"" data-end=""493"">Perfecto para usar a diario o en ocasiones especiales, ya que se adapta tanto a mesas informales como a montajes m&aacute;s sofisticados.</p>";;;;;SI;;;;;Visible
packx2-individuales-together;Packx2 Individuales TOGETHER;COCINA > REPASADORES, COCINA > INDIVIDUALES;;;;;;;10,000.00;;0.10;10.00;10.00;2.00;5;;;SI;NO;"<p style=""margin-top: 20px; margin-bottom: 20px; padding: 0px; border: 0px; outline: 0px; vertical-align: baseline; max-width: 100%; font-family: Montserrat, sans-serif; font-size: 14px; background-color: #ffffff;"">Pack de individuales estampados <strong>por 2 unidades</strong>, los mismos son confeccionados en <strong>tusor liviano, </strong>100% algodon estampados en serigrafia m&eacute;todo de estampa manual y super artesal.</p>
<p style=""margin-top: 20px; margin-bottom: 20px; padding: 0px; border: 0px; outline: 0px; vertical-align: baseline; max-width: 100%; font-family: Montserrat, sans-serif; font-size: 14px; background-color: #ffffff;""><br />Al ser algod&oacute;n puro son <strong>SUPER abosorbentes,</strong> pueden usarse para decorar las cocinas, como individual de mesa o tambi&eacute;n como repasador.&nbsp;</p>
<p style=""margin-top: 20px; margin-bottom: 20px; padding: 0px; border: 0px; outline: 0px; vertical-align: baseline; max-width: 100%; font-family: Montserrat, sans-serif; font-size: 14px; background-color: #ffffff;"">Cada pa&ntilde;o mide 40x60cm.</p>
<p style=""margin-top: 20px; margin-bottom: 20px; padding: 0px; border: 0px; outline: 0px; vertical-align: baseline; max-width: 100%; font-family: Montserrat, sans-serif; font-size: 14px; background-color: #ffffff;"">Recomendamos lavar con agua fr&iacute;a o que la misma no supere los 30&ordm;C, centrifugado lo mas bajo posible y secado a la sombra.&nbsp;</p>";;;;;SI;;;;;Visible
packx4-individuales1;Packx4 individuales 30x45cm Rayado;COCINA > INDIVIDUALES;;;;;;;19,900.00;;0.20;30.00;15.00;2.00;2;;;SI;NO;"<div class=""js-product-breadcrumbs-container span12"" style=""margin: 0px; padding: 0px; border: 0px; outline: 0px; vertical-align: baseline; float: left; min-height: 20px; width: 1140px; box-sizing: border-box; color: #434343; font-family: Montserrat, sans-serif; font-size: 14px; background-color: #ffffff;"">Setx4 Individuales&nbsp;</div>
<div id=""single-product"" class=""js-product-detail js-shipping-calculator-container js-has-new-shipping"" style=""margin: 0px; padding: 0px; border: 0px; outline: 0px; vertical-align: baseline; color: #434343; font-family: Montserrat, sans-serif; font-size: 14px; background-color: #ffffff;"">
<div id=""single-product-container"" class=""js-product-container"" style=""margin: 0px; padding: 0px; border: 0px; outline: 0px; vertical-align: baseline;"" data-variants=""[{&quot;product_id&quot;:231358557,&quot;price_short&quot;:&quot;$19.900,00&quot;,&quot;price_long&quot;:&quot;$19.900,00 ARS&quot;,&quot;price_number&quot;:19900,&quot;price_number_raw&quot;:1990000,&quot;price_with_payment_discount_short&quot;:&quot;$15.920,00&quot;,&quot;price_without_taxes&quot;:&quot;$16.446,28&quot;,&quot;compare_at_price_short&quot;:null,&quot;compare_at_price_long&quot;:null,&quot;compare_at_price_number&quot;:null,&quot;compare_at_price_number_raw&quot;:null,&quot;stock&quot;:3,&quot;sku&quot;:null,&quot;available&quot;:true,&quot;is_visible&quot;:true,&quot;contact&quot;:false,&quot;option0&quot;:null,&quot;option1&quot;:null,&quot;option2&quot;:null,&quot;id&quot;:1017995499,&quot;image&quot;:725381901,&quot;image_url&quot;:&quot;\/\/acdn-us.mitiendanube.com\/stores\/004\/147\/750\/products\/img_8855-edbc2533f04c1ecbdf17264961219831-1024-1024.webp&quot;,&quot;installments_data&quot;:&quot;{\&quot;Pagos Personalizados\&quot;:{\&quot;1\&quot;:{\&quot;installment_value\&quot;:19900,\&quot;installment_value_cents\&quot;:1990000,\&quot;interest\&quot;:0,\&quot;total_value\&quot;:19900,\&quot;without_interests\&quot;:true}},\&quot;Getnet\&quot;:{\&quot;1\&quot;:{\&quot;installment_value\&quot;:19900,\&quot;installment_value_cents\&quot;:1990000,\&quot;interest\&quot;:0,\&quot;total_value\&quot;:19900,\&quot;without_interests\&quot;:true,\&quot;collector_is_third_party\&quot;:false},\&quot;3\&quot;:{\&quot;installment_value\&quot;:6633.3333333333,\&quot;installment_value_cents\&quot;:663333.33333333,\&quot;interest\&quot;:0,\&quot;total_value\&quot;:19900,\&quot;without_interests\&quot;:true,\&quot;collector_is_third_party\&quot;:false},\&quot;6\&quot;:{\&quot;installment_value\&quot;:4055.2883333333,\&quot;installment_value_cents\&quot;:405528.83333333,\&quot;interest\&quot;:0.2227,\&quot;total_value\&quot;:24331.73,\&quot;without_interests\&quot;:false,\&quot;collector_is_third_party\&quot;:false},\&quot;9\&quot;:{\&quot;installment_value\&quot;:3390.5177777778,\&quot;installment_value_cents\&quot;:339051.77777778,\&quot;interest\&quot;:0.5334,\&quot;total_value\&quot;:30514.66,\&quot;without_interests\&quot;:false,\&quot;collector_is_third_party\&quot;:false},\&quot;12\&quot;:{\&quot;installment_value\&quot;:2891.8016666667,\&quot;installment_value_cents\&quot;:289180.16666667,\&quot;interest\&quot;:0.7438,\&quot;total_value\&quot;:34701.62,\&quot;without_interests\&quot;:false,\&quot;collector_is_third_party\&quot;:false}}}&quot;}]"" data-component=""product"">
<div class=""js-product-left-col span7 p-relative"" style=""margin: 0px; padding: 0px; border: 0px; outline: 0px; vertical-align: baseline; float: left; min-height: 20px; width: 652.812px; box-sizing: border-box; position: relative !important;"" data-store=""product-image-231358557"">
<div class=""description product-description product-description-desktop visible-when-content-ready user-content clear-both hidden-phone pull-left m-top"" style=""margin: 10px 0px 30px; padding: 0px; border: 0px; outline: 0px; vertical-align: baseline; float: left; line-height: 19px; max-width: 100%; visibility: visible !important; clear: both !important;"" data-store=""product-description-231358557"">
<p style=""margin-top: 20px; margin-bottom: 20px; padding: 0px; border: 0px; outline: 0px; vertical-align: baseline; max-width: 100%;""><strong style=""font-weight: bold; margin: 0px; padding: 0px; border: 0px; outline: 0px; vertical-align: baseline;"">Material:</strong>&nbsp;Lavable, fabricados con tela antidesgarro de tapicer&iacute;a, garantizando resistencia y durabilidad. La terminaci&oacute;n est&aacute; cocida con doblez para una mayor calidad y presentaci&oacute;n.</p>
<p style=""margin-top: 20px; margin-bottom: 20px; padding: 0px; border: 0px; outline: 0px; vertical-align: baseline; max-width: 100%;""><strong style=""font-weight: bold; margin: 0px; padding: 0px; border: 0px; outline: 0px; vertical-align: baseline;"">Medidas:</strong>&nbsp;Cada individual mide&nbsp;<strong style=""font-weight: bold; margin: 0px; padding: 0px; border: 0px; outline: 0px; vertical-align: baseline;"">30x45cm</strong>, el tama&ntilde;o ideal para proteger y embellecer tu mesa durante las comidas.</p>
<p style=""margin-top: 20px; margin-bottom: 20px; padding: 0px; border: 0px; outline: 0px; vertical-align: baseline; max-width: 100%;"">Los&nbsp;<strong style=""font-weight: bold; margin: 0px; padding: 0px; border: 0px; outline: 0px; vertical-align: baseline;"">individuales de tela de tapicer&iacute;a</strong>&nbsp;no solo son funcionales, sino que tambi&eacute;n aportan un toque decorativo a cualquier mesa. Su dise&ntilde;o grueso y resistente los convierte en una opci&oacute;n perfecta para el uso diario y ocasiones especiales.</p>
<p style=""margin-top: 20px; margin-bottom: 20px; padding: 0px; border: 0px; outline: 0px; vertical-align: baseline; max-width: 100%;""><strong style=""font-weight: bold; margin: 0px; padding: 0px; border: 0px; outline: 0px; vertical-align: baseline;"">&iquest;C&oacute;mo lavarlos?</strong>&nbsp;Son aptos para lavarropas. Se recomienda usar un programa delicado para preservar su calidad y evitar da&ntilde;arlos.</p>
<p style=""margin-top: 20px; margin-bottom: 20px; padding: 0px; border: 0px; outline: 0px; vertical-align: baseline; max-width: 100%;"">Transforma tu comedor con este set de individuales, que combina estilo y practicidad. &iexcl;No te los pierdas!</p>
</div>
</div>
</div>
</div>";;;;;SI;;;;;Visible
packx4-individuales-30x45cm-rayado;Packx4 individuales 30x45cm Rayado;COCINA > INDIVIDUALES;;;;;;;19,900.00;;0.20;30.00;15.00;2.00;0;;;SI;NO;"<div class=""js-product-breadcrumbs-container span12"" style=""margin: 0px; padding: 0px; border: 0px; outline: 0px; vertical-align: baseline; float: left; min-height: 20px; width: 1140px; box-sizing: border-box; color: #434343; font-family: Montserrat, sans-serif; font-size: 14px; background-color: #ffffff;"">Setx4 Individuales&nbsp;</div>
<div id=""single-product"" class=""js-product-detail js-shipping-calculator-container js-has-new-shipping"" style=""margin: 0px; padding: 0px; border: 0px; outline: 0px; vertical-align: baseline; color: #434343; font-family: Montserrat, sans-serif; font-size: 14px; background-color: #ffffff;"">
<div id=""single-product-container"" class=""js-product-container"" style=""margin: 0px; padding: 0px; border: 0px; outline: 0px; vertical-align: baseline;"" data-variants=""[{&quot;product_id&quot;:231358557,&quot;price_short&quot;:&quot;$19.900,00&quot;,&quot;price_long&quot;:&quot;$19.900,00 ARS&quot;,&quot;price_number&quot;:19900,&quot;price_number_raw&quot;:1990000,&quot;price_with_payment_discount_short&quot;:&quot;$15.920,00&quot;,&quot;price_without_taxes&quot;:&quot;$16.446,28&quot;,&quot;compare_at_price_short&quot;:null,&quot;compare_at_price_long&quot;:null,&quot;compare_at_price_number&quot;:null,&quot;compare_at_price_number_raw&quot;:null,&quot;stock&quot;:3,&quot;sku&quot;:null,&quot;available&quot;:true,&quot;is_visible&quot;:true,&quot;contact&quot;:false,&quot;option0&quot;:null,&quot;option1&quot;:null,&quot;option2&quot;:null,&quot;id&quot;:1017995499,&quot;image&quot;:725381901,&quot;image_url&quot;:&quot;\/\/acdn-us.mitiendanube.com\/stores\/004\/147\/750\/products\/img_8855-edbc2533f04c1ecbdf17264961219831-1024-1024.webp&quot;,&quot;installments_data&quot;:&quot;{\&quot;Pagos Personalizados\&quot;:{\&quot;1\&quot;:{\&quot;installment_value\&quot;:19900,\&quot;installment_value_cents\&quot;:1990000,\&quot;interest\&quot;:0,\&quot;total_value\&quot;:19900,\&quot;without_interests\&quot;:true}},\&quot;Getnet\&quot;:{\&quot;1\&quot;:{\&quot;installment_value\&quot;:19900,\&quot;installment_value_cents\&quot;:1990000,\&quot;interest\&quot;:0,\&quot;total_value\&quot;:19900,\&quot;without_interests\&quot;:true,\&quot;collector_is_third_party\&quot;:false},\&quot;3\&quot;:{\&quot;installment_value\&quot;:6633.3333333333,\&quot;installment_value_cents\&quot;:663333.33333333,\&quot;interest\&quot;:0,\&quot;total_value\&quot;:19900,\&quot;without_interests\&quot;:true,\&quot;collector_is_third_party\&quot;:false},\&quot;6\&quot;:{\&quot;installment_value\&quot;:4055.2883333333,\&quot;installment_value_cents\&quot;:405528.83333333,\&quot;interest\&quot;:0.2227,\&quot;total_value\&quot;:24331.73,\&quot;without_interests\&quot;:false,\&quot;collector_is_third_party\&quot;:false},\&quot;9\&quot;:{\&quot;installment_value\&quot;:3390.5177777778,\&quot;installment_value_cents\&quot;:339051.77777778,\&quot;interest\&quot;:0.5334,\&quot;total_value\&quot;:30514.66,\&quot;without_interests\&quot;:false,\&quot;collector_is_third_party\&quot;:false},\&quot;12\&quot;:{\&quot;installment_value\&quot;:2891.8016666667,\&quot;installment_value_cents\&quot;:289180.16666667,\&quot;interest\&quot;:0.7438,\&quot;total_value\&quot;:34701.62,\&quot;without_interests\&quot;:false,\&quot;collector_is_third_party\&quot;:false}}}&quot;}]"" data-component=""product"">
<div class=""js-product-left-col span7 p-relative"" style=""margin: 0px; padding: 0px; border: 0px; outline: 0px; vertical-align: baseline; float: left; min-height: 20px; width: 652.812px; box-sizing: border-box; position: relative !important;"" data-store=""product-image-231358557"">
<div class=""description product-description product-description-desktop visible-when-content-ready user-content clear-both hidden-phone pull-left m-top"" style=""margin: 10px 0px 30px; padding: 0px; border: 0px; outline: 0px; vertical-align: baseline; float: left; visibility: visible !important; clear: both !important; line-height: 19px; max-width: 100%;"" data-store=""product-description-231358557"">
<p style=""margin-top: 20px; margin-bottom: 20px; padding: 0px; border: 0px; outline: 0px; vertical-align: baseline; max-width: 100%;""><strong style=""font-weight: bold; margin: 0px; padding: 0px; border: 0px; outline: 0px; vertical-align: baseline;"">Material:</strong>&nbsp;Lavable, fabricados con tela antidesgarro de tapicer&iacute;a, garantizando resistencia y durabilidad. La terminaci&oacute;n est&aacute; cocida con doblez para una mayor calidad y presentaci&oacute;n.</p>
<p style=""margin-top: 20px; margin-bottom: 20px; padding: 0px; border: 0px; outline: 0px; vertical-align: baseline; max-width: 100%;""><strong style=""font-weight: bold; margin: 0px; padding: 0px; border: 0px; outline: 0px; vertical-align: baseline;"">Medidas:</strong>&nbsp;Cada individual mide&nbsp;<strong style=""font-weight: bold; margin: 0px; padding: 0px; border: 0px; outline: 0px; vertical-align: baseline;"">30x45cm</strong>, el tama&ntilde;o ideal para proteger y embellecer tu mesa durante las comidas.</p>
<p style=""margin-top: 20px; margin-bottom: 20px; padding: 0px; border: 0px; outline: 0px; vertical-align: baseline; max-width: 100%;"">Los&nbsp;<strong style=""font-weight: bold; margin: 0px; padding: 0px; border: 0px; outline: 0px; vertical-align: baseline;"">individuales de tela de tapicer&iacute;a</strong>&nbsp;no solo son funcionales, sino que tambi&eacute;n aportan un toque decorativo a cualquier mesa. Su dise&ntilde;o grueso y resistente los convierte en una opci&oacute;n perfecta para el uso diario y ocasiones especiales.</p>
<p style=""margin-top: 20px; margin-bottom: 20px; padding: 0px; border: 0px; outline: 0px; vertical-align: baseline; max-width: 100%;""><strong style=""font-weight: bold; margin: 0px; padding: 0px; border: 0px; outline: 0px; vertical-align: baseline;"">&iquest;C&oacute;mo lavarlos?</strong>&nbsp;Son aptos para lavarropas. Se recomienda usar un programa delicado para preservar su calidad y evitar da&ntilde;arlos.</p>
<p style=""margin-top: 20px; margin-bottom: 20px; padding: 0px; border: 0px; outline: 0px; vertical-align: baseline; max-width: 100%;"">Transforma tu comedor con este set de individuales, que combina estilo y practicidad. &iexcl;No te los pierdas!</p>
</div>
</div>
</div>
</div>";;;;;SI;;;;;Visible
organizador-portacosmeticos-acrilico;Organizador Portacosmeticos Acrilico;BAÑO > ARTICULOS PARA BAÑO, ORGANIZACIÓN;;;;;;;8,500.00;;0.20;20.00;8.00;15.00;5;;;SI;NO;"<p><span style=""color: #060606; font-family: 'Nunito Sans', sans-serif; font-size: 14px; background-color: #ffffff;"">Organizador de cosmeticos de acr&iacute;lico transparente de 14 compartimentos.</span><br style=""box-sizing: border-box; color: #060606; font-family: 'Nunito Sans', sans-serif; font-size: 14px; background-color: #ffffff;"" /><em style=""box-sizing: border-box; color: #060606; font-family: 'Nunito Sans', sans-serif; font-size: 14px; background-color: #ffffff;""><br style=""box-sizing: border-box;"" />Medidas:<br style=""box-sizing: border-box;"" />Ancho total: 22 cm<br style=""box-sizing: border-box;"" />Alto max : 8 cm<br style=""box-sizing: border-box;"" />Alto min: 4 cm<br style=""box-sizing: border-box;"" />Profundidad: 13 cm</em></p>";;;;;SI;;;;;Visible
escobilla-negra-acero;Escobilla Negra Acero;BAÑO > ARTICULOS PARA BAÑO, BAÑO > CESTOS PARA BAÑO ;;;;;;;17,000.00;;0.30;25.00;7.00;7.00;0;;;SI;NO;"<p>La <strong>Escobilla Negra de Acero</strong> es el accesorio ideal para mantener tu ba&ntilde;o limpio y con un estilo moderno.</p>
<p>Cuenta con un <em>recipiente negro de guardado</em> en acero labrado, que combina resistencia y dise&ntilde;o elegante.</p>
<p>Su escobilla de pl&aacute;stico, equipada con un mango de acero, garantiza durabilidad y facilidad de uso. Un producto funcional que aporta orden y sofisticaci&oacute;n a tu espacio de higiene diario.</p>";;;;;SI;;;;;Visible
tacho-residuos-3-lts-negro;Tacho Residuos 3 Lts Negro;BAÑO > CESTOS PARA BAÑO ;;;;;;;29,500.00;;0.30;25.00;10.00;10.00;0;;;SI;NO;"<p>El <strong>Tacho basura 3 lts</strong> es el aliado perfecto para mantener tu espacio limpio y ordenado. Fabricado en acero negro labrado, combina resistencia y estilo en un diseño compacto ideal para cualquier ambiente. </p>
<p>Cuenta con un sistema de <strong>cierre suave</strong> y pedal que permite abrir y cerrar sin esfuerzo, garantizando higiene y comodidad. Su capacidad de 3 litros es ideal para espacios pequeños o uso puntual. </p>
<p>Sumá funcionalidad y elegancia con este tacho práctico y duradero.</p>";;;;;SI;;;;;Visible
set-organizador-p-hisopos-y-algodon;Set Organizador p/ Hisopos y Algodón;BAÑO > ARTICULOS PARA BAÑO;;;;;;;15,900.00;;0.20;15.00;15.00;15.00;0;;;SI;NO;"<div class=""recomendadosrow row"" style=""box-sizing: border-box; margin-right: -15px; margin-left: -15px; padding-left: 15px; padding-right: 15px; color: #060606; font-family: 'Nunito Sans', sans-serif; font-size: 14px; font-style: normal; font-variant-ligatures: normal; font-variant-caps: normal; font-weight: 300; letter-spacing: normal; orphans: 2; text-align: start; text-indent: 0px; text-transform: none; widows: 2; word-spacing: 0px; -webkit-text-stroke-width: 0px; white-space: normal; background-color: #ffffff; text-decoration-thickness: initial; text-decoration-style: initial; text-decoration-color: initial;"">&nbsp;</div>
<div id=""detalle"" class=""row"" style=""box-sizing: border-box; margin-right: -15px; margin-left: -15px; color: #060606; font-family: 'Nunito Sans', sans-serif; font-size: 14px; font-style: normal; font-variant-ligatures: normal; font-variant-caps: normal; font-weight: 300; letter-spacing: normal; orphans: 2; text-align: start; text-indent: 0px; text-transform: none; widows: 2; word-spacing: 0px; -webkit-text-stroke-width: 0px; white-space: normal; background-color: #ffffff; text-decoration-thickness: initial; text-decoration-style: initial; text-decoration-color: initial;"">
<div class=""product-tab col-md-12 clearfix"" style=""box-sizing: border-box; position: relative; min-height: 1px; padding-right: 15px; padding-left: 15px; float: none; width: 1170px; display: inline-block; clear: both;"">
<div class=""tab-content"" style=""box-sizing: border-box;"">
<div id=""Descripci&oacute;n"" class=""tab-pane active"" style=""box-sizing: border-box; display: block;"">Setx2 Organizador de acrilico transparente con tapa de bamb&uacute;. Ideal para hisopos y para discos de algod&oacute;n.</div>
<div class=""tab-pane active"" style=""box-sizing: border-box; display: block;"">&nbsp;</div>
<div class=""tab-pane active"" style=""box-sizing: border-box; display: block;"">Porta Hisopos:&nbsp;<br style=""box-sizing: border-box;"" /><em style=""box-sizing: border-box;"">Medidas:<br style=""box-sizing: border-box;"" />Ancho: 8,8 cm.<br style=""box-sizing: border-box;"" />Alto: 8 cm.<br style=""box-sizing: border-box;"" />Profundidad: 7 cm.</em></div>
<div class=""tab-pane active"" style=""box-sizing: border-box; display: block;"">&nbsp;</div>
<div class=""tab-pane active"" style=""box-sizing: border-box; display: block;"">&nbsp;</div>
<div class=""tab-pane active"" style=""box-sizing: border-box; display: block;"">Porta Discos de algodon:&nbsp;</div>
<em style=""box-sizing: border-box;"">Medidas:<br style=""box-sizing: border-box;"" />Diametro: 7 cm.<br style=""box-sizing: border-box;"" />Alto: 10,5 cm.</em><br style=""box-sizing: border-box;"" /><br /></div>
</div>
</div>";;;;;SI;;;;;Visible
mantel-impermeable-1-37x1-80cm-vinilico;Mantel Impermeable 1.37x1.80cm Vinilico;COCINA > MANTELES;Modelo;LISO;;;;;20,900.00;;0.30;20.00;15.00;2.00;3;;;SI;NO;"<p>El <strong>Mantel Impermeable 1.37x1.80 cm vin&iacute;lico</strong> es la opci&oacute;n ideal para proteger tu mesa de l&iacute;quidos y manchas.</p>
<p>Fabricado en material vin&iacute;lico de alta calidad, ofrece resistencia y f&aacute;cil limpieza para el uso diario.</p>
<p>Disponible en <strong>diferentes modelos</strong>, combina funcionalidad con estilo, adapt&aacute;ndose a cualquier ambiente.</p>
<p>Perfecto para mantener tu espacio siempre limpio y presentable.</p>";;;;;SI;;;;;Visible
mantel-impermeable-1-37x1-80cm-vinilico;;;Modelo;ESPIGA;;;;;20,900.00;;0.30;20.00;15.00;2.00;0;;;;;;;;;;;;;;;
mantel-impermeable-1-37x1-80cm-vinilico;;;Modelo;RAMAS;;;;;20,900.00;;0.30;20.00;15.00;2.00;4;;;;;;;;;;;;;;;
bandeja-rectangular-con-bordes-20x30cm;Bandeja Rectangular con bordes 20x30cm;COCINA > BAZAR > BANDEJAS - BOWLS - TABLAS, ORGANIZACIÓN;Color;Naranja;;;;;11,600.00;;0.30;30.00;25.00;3.00;1;;;SI;NO;"<p>La&nbsp;<strong>Bandeja Rectangular con bordes 20x30cm</strong>&nbsp;es el complemento ideal para organizar y decorar tus espacios con estilo.</p>
<p>Su base de rattan natural aporta calidez y resistencia, mientras que los bordes en diferentes colores ofrecen un toque moderno y vers&aacute;til.</p>
<p>Perfecta para presentar alimentos, bebidas o como elemento decorativo. Medidas pr&aacute;cticas que se adaptan a cualquier ambiente. &iexcl;Sum&aacute; funcionalidad y dise&ntilde;o a tu hogar con esta bandeja &uacute;nica!</p>";;;;;SI;;;;;Visible
planta-artificial-110cm-cana-muda;"Planta Artificial 110cm ""Caña Muda""";PLANTAS ARTIFICIALES/FLORES SECAS;;;;;;;74,900.00;;0.5;80.00;15.00;15.00;1;;;SI;NO;"<p>La <strong>Planta Artificial 110cm ""Caña Muda""</strong> es el detalle perfecto para darle vida a cualquier espacio sin necesidad de mantenimiento. Viene con una maceta incluida, lista para decorar tu hogar u oficina con un toque natural y elegante. </p>
<p>Su altura de 110 cm aporta presencia y frescura en ambientes interiores, ideal para quienes buscan una solución práctica y duradera. Disfrutá de la belleza de la naturaleza sin preocuparte por el riego o la iluminación.</p>";;;;;SI;;;;;Visible
taza-de-vidrio-premium;Taza de vidrio PREMIUM;COCINA > BAZAR > TAZAS Y PLATITOS;;;;;;;8,500.00;;0.35;10.00;8.00;8.00;7;;;SI;NO;"<p>La <strong>Taza de vidrio PREMIUM</strong> es el complemento ideal para disfrutar tus bebidas con estilo y calidad.</p>
<p>Con medidas de <em>10x8 cm</em> y una capacidad de <em>330 ml</em>, ofrece el tama&ntilde;o perfecto para caf&eacute;, t&eacute; o infusiones.</p>
<p>Su vidrio transparente permite apreciar el contenido, mientras que la manija con dise&ntilde;o ergon&oacute;mico brinda comodidad al sostenerla. Un producto duradero y elegante, pensado para quienes valoran la calidad y el buen gusto en cada detalle.</p>";;;;;SI;;;;;Visible
bandeja-de-melamina-40x28cm;Bandeja de Melamina 40x28cm;COCINA > BAZAR > BANDEJAS - BOWLS - TABLAS, ORGANIZACIÓN;;;;;;;17,500.00;;0.50;40.00;28.00;2.00;2;;;SI;NO;"<p>La <strong>Bandeja de Melamina 40x28cm</strong> es la opci&oacute;n ideal para quienes buscan funcionalidad y estilo en un solo producto.</p>
<p>Su base en color madera aporta calidez, mientras que los bordes blancos le dan un toque moderno y fresco.</p>
<p>Fabricada en melamina resistente, es perfecta para servir o presentar alimentos con elegancia y durabilidad.</p>
<p>Adem&aacute;s, su tama&ntilde;o pr&aacute;ctico se adapta f&aacute;cilmente a cualquier espacio del hogar. Un complemento indispensable para tu cocina o comedor, que combina dise&ntilde;o y practicidad.</p>";;;;;SI;;;;;Visible
juegox6-taza-plato-250ml;JuegoX6 Taza + Plato 250ml;COCINA > BAZAR > TAZAS Y PLATITOS, COMBOS PARA REGALAR;;;;;;;45,900.00;;0.5;8.00;30.00;30.00;2;;;SI;NO;"<p>El <em>JuegoX6 Taza + Plato 250ml</em> es ideal para disfrutar tus bebidas favoritas con estilo y practicidad.</p>
<p>Cada taza, con medidas de 9x7.5 cm y capacidad de 250 ml, est&aacute; acompa&ntilde;ada por un plato de 14 cm de di&aacute;metro, perfecto para acompa&ntilde;ar.</p>
<p>Fabricados en vidrio labrado, combinan durabilidad y elegancia.</p>
<p>Incluye 6 tazas y 6 platos.&nbsp;</p>
<p>Este set es esencial para tu cocina o para recibir visitas con un toque sofisticado y funcional.</p>";;;;;SI;;;;;Visible
plato-de-sitio-black-37cm;Plato de sitio BLACK 37cm;COCINA > INDIVIDUALES;;;;;;;5,500.00;;0.05;2.00;37.00;2.00;1;;;SI;NO;"<p>El <strong>Plato de sitio BLACK 37cm</strong> es la elecci&oacute;n perfecta para quienes buscan un detalle elegante y funcional en sus eventos o reuniones.</p>
<p>Fabricado en <strong>papel de arroz</strong>, combina resistencia y ligereza, ideal para usos temporales sin perder estilo.</p>
<p>Su <strong>color negro</strong> sobrio aporta un toque de distinci&oacute;n y modernidad a cualquier mesa.</p>
<p>Con un <strong>di&aacute;metro de 37 cm</strong>, es el tama&ntilde;o justo para complementar tu vajilla con sofisticaci&oacute;n.</p>
<p>&iexcl;Dale a tu mesa un aire contempor&aacute;neo y exclusivo con este plato de sitio &uacute;nico!</p>";;;;;SI;;;;;Visible
manta-alfombra-tulum-petit-100x175cm;Manta/Alfombra TULUM petit 100x175cm;LIVING > MANTAS, LIVING > ALFOMBRAS;;;;;;;19,500.00;;0.20;20.00;20.00;5.00;0;;;SI;NO;"<p style=""margin-top: 20px; margin-bottom: 20px; padding: 0px; border: 0px; outline: 0px; vertical-align: baseline; max-width: 100%; color: #434343; font-family: Montserrat, sans-serif; font-size: 14px; background-color: #ffffff;""><strong style=""font-weight: bold; margin: 0px; padding: 0px; border: 0px; outline: 0px; vertical-align: baseline;"">Material:</strong>&nbsp;100% algod&oacute;n, confeccionada en telar artesanal.&nbsp;<strong style=""font-weight: bold; margin: 0px; padding: 0px; border: 0px; outline: 0px; vertical-align: baseline;"">Medidas:</strong>&nbsp;Aproximadamente 1,00 x 1,75 m.</p>
<p style=""margin-top: 20px; margin-bottom: 20px; padding: 0px; border: 0px; outline: 0px; vertical-align: baseline; max-width: 100%; color: #434343; font-family: Montserrat, sans-serif; font-size: 14px; background-color: #ffffff;"">La&nbsp;<strong style=""font-weight: bold; margin: 0px; padding: 0px; border: 0px; outline: 0px; vertical-align: baseline;"">Alfombra Petit TULUM</strong>&nbsp;es la soluci&oacute;n perfecta para dar un toque acogedor a cualquier espacio de tu hogar. Su dise&ntilde;o vers&aacute;til permite usarla como:</p>
<ul style=""padding: 0px; margin: 0px 0px 10px 25px; border: 0px; outline: 0px; vertical-align: baseline; list-style: initial; color: #434343; font-family: Montserrat, sans-serif; font-size: 14px; background-color: #ffffff;"">
<li style=""line-height: 20px; margin: 0px; padding: 0px; border: 0px; outline: 0px; vertical-align: baseline;"">Manta de sill&oacute;n</li>
<li style=""line-height: 20px; margin: 0px; padding: 0px; border: 0px; outline: 0px; vertical-align: baseline;"">Cubresill&oacute;n</li>
<li style=""line-height: 20px; margin: 0px; padding: 0px; border: 0px; outline: 0px; vertical-align: baseline;"">Cubre cama de 2 plazas</li>
<li style=""line-height: 20px; margin: 0px; padding: 0px; border: 0px; outline: 0px; vertical-align: baseline;"">Pie de cama</li>
<li style=""line-height: 20px; margin: 0px; padding: 0px; border: 0px; outline: 0px; vertical-align: baseline;"">&iexcl;Incluso como alfombra!</li>
</ul>
<p style=""margin-top: 20px; margin-bottom: 20px; padding: 0px; border: 0px; outline: 0px; vertical-align: baseline; max-width: 100%; color: #434343; font-family: Montserrat, sans-serif; font-size: 14px; background-color: #ffffff;"">Recuerda que, al ser un producto elaborado de manera artesanal, las medidas pueden presentar peque&ntilde;as variaciones, lo que hace que cada pieza sea &uacute;nica.</p>
<h3 style=""margin: 0px 0px 10px; font-family: Montserrat, sans-serif; line-height: 20px; color: #434343; text-rendering: optimizelegibility; padding: 0px; border: 0px; outline: 0px; vertical-align: baseline; font-size: 24px; background-color: #ffffff;"">Cuidado de la alfombra</h3>
<p style=""margin-top: 20px; margin-bottom: 20px; padding: 0px; border: 0px; outline: 0px; vertical-align: baseline; max-width: 100%; color: #434343; font-family: Montserrat, sans-serif; font-size: 14px; background-color: #ffffff;"">Para preservar su calidad y textura, te recomendamos:</p>
<ul style=""padding: 0px; margin: 0px 0px 10px 25px; border: 0px; outline: 0px; vertical-align: baseline; list-style: initial; color: #434343; font-family: Montserrat, sans-serif; font-size: 14px; background-color: #ffffff;"">
<li style=""line-height: 20px; margin: 0px; padding: 0px; border: 0px; outline: 0px; vertical-align: baseline;""><strong style=""font-weight: bold; margin: 0px; padding: 0px; border: 0px; outline: 0px; vertical-align: baseline;"">Lavado a mano</strong>&nbsp;preferentemente.</li>
<li style=""line-height: 20px; margin: 0px; padding: 0px; border: 0px; outline: 0px; vertical-align: baseline;"">Si optas por lavar a m&aacute;quina, utiliza el modo de lavado a mano o delicado.</li>
<li style=""line-height: 20px; margin: 0px; padding: 0px; border: 0px; outline: 0px; vertical-align: baseline;"">Temperatura del agua:&nbsp;<strong style=""font-weight: bold; margin: 0px; padding: 0px; border: 0px; outline: 0px; vertical-align: baseline;"">preferentemente fr&iacute;a</strong>&nbsp;o que no supere los 30&ordm;C.</li>
<li style=""line-height: 20px; margin: 0px; padding: 0px; border: 0px; outline: 0px; vertical-align: baseline;"">Centrifugado:&nbsp;<strong style=""font-weight: bold; margin: 0px; padding: 0px; border: 0px; outline: 0px; vertical-align: baseline;"">menos de 800 revoluciones</strong>&nbsp;para evitar deshilachados.</li>
<li style=""line-height: 20px; margin: 0px; padding: 0px; border: 0px; outline: 0px; vertical-align: baseline;"">Secar a la sombra, evitando el calor.</li>
</ul>
<p style=""margin-top: 20px; margin-bottom: 20px; padding: 0px; border: 0px; outline: 0px; vertical-align: baseline; max-width: 100%; color: #434343; font-family: Montserrat, sans-serif; font-size: 14px; background-color: #ffffff;"">No dejes pasar la oportunidad de tener esta hermosa alfombra en tu hogar. &iexcl;Transforma tus espacios con la&nbsp;<strong style=""font-weight: bold; margin: 0px; padding: 0px; border: 0px; outline: 0px; vertical-align: baseline;"">Alfombra Petit TULUM</strong>!</p>";;;;;SI;;;;;Visible
manta-cuyo-gris-175x190cm;Manta CUYO Gris 175x190cm;LIVING > MANTAS;;;;;;;33,000.00;;0.40;25.00;25.00;5.00;1;;;SI;NO;"<p>MANTA CUYO GRIS&nbsp;</p>
<p>Manta tejida en telar con efecto tramado, 100% algod&oacute;n.&nbsp;</p>
<p>Medidas: 175x190cm.</p>
<p>Como lavar y cuidar el producto? Al ser un tejido 100% algod&oacute;n recomendamos lavar en lavarropas en un programa suave, delicado preferentemente agua fr&iacute;a o que la temperatura de la misma no supere los 30*C ya que el calor tiende a achicar mucho el producto.&nbsp;</p>
<p>Secado a la sombra.&nbsp;</p>";;;;;SI;;;;;Visible
packx2-esencial-gris;Packx2 ESENCIAL Gris;COCINA > REPASADORES;;;;;;;12,500.00;;0.10;10.00;10.00;5.00;3;;;SI;NO;"<p>Pack de individual y repasador a tono.</p>
<p>Un individual confeccionado en tusor liviano + un repasador confeccionado en waflle, ambos 100% algod&oacute;n.&nbsp;</p>
<p>Este pack lo llamamos esencial, ya que tiene un individual ideal para usar en la diaria y un repasador super mega absorbente. Combina lo canchero y lo funcional en un solo pack.&nbsp;</p>
<p>Te recordamos que las medidas son aproximadas y que las mismas pueden variar, ya que cada producto se corta y se confecciona de manera manual y artesanal. Miden aprox 40x60cm.&nbsp;</p>
<p>Al ser un producto 100% algod&oacute;n te recordamos que el mismo tiene que ser lavado con agua fr&iacute;a o la misma no tiene que superar los 30*C. El calor puede achicar el producto por eso te recomendamos secado a la sombra.&nbsp;</p>";;;;;SI;;;;;Visible
mantel-liso1;Mantel Tusor Liso 200x150cm;COCINA > MANTELES;;;;;;;29,200.00;;0.40;20.00;20.00;5.00;4;;;SI;NO;"<p>El&nbsp;<strong>Mantel Tusor Liso 200x150cm</strong>&nbsp;es la elecci&oacute;n perfecta para quienes buscan combinar estilo y funcionalidad en su mesa.</p>
<p>Confeccionado en&nbsp;<em>tusor</em>, un tejido liviano y resistente, presenta un dise&ntilde;o cl&aacute;sico en color Canela que aporta un toque delicado y moderno a cualquier ambiente.</p>
<p>Sus medidas generosas permiten cubrir c&oacute;modamente mesas medianas, ideal para almuerzos y reuniones familiares. F&aacute;cil de limpiar y mantener, este mantel es un accesorio imprescindible para renovar la decoraci&oacute;n de tu comedor con elegancia y calidez.</p>";;;;;SI;;;;;Visible
mantel-tusor-liso-200x150cm;Mantel Tusor Liso 200x150cm;COCINA > MANTELES;;;;;;;29,200.00;;0.40;20.00;20.00;5.00;2;;;SI;NO;"<p>El&nbsp;<strong>Mantel Tusor Liso 200x150cm</strong>&nbsp;es la elecci&oacute;n perfecta para quienes buscan combinar estilo y funcionalidad en su mesa.</p>
<p>Confeccionado en&nbsp;<em>tusor</em>, un tejido liviano y resistente, presenta un dise&ntilde;o cl&aacute;sico en color Verde seco que aporta un toque delicado y moderno a cualquier ambiente.</p>
<p>Sus medidas generosas permiten cubrir c&oacute;modamente mesas medianas, ideal para almuerzos y reuniones familiares. F&aacute;cil de limpiar y mantener, este mantel es un accesorio imprescindible para renovar la decoraci&oacute;n de tu comedor con elegancia y calidez.</p>";;;;;SI;;;;;Visible
manta-india-155x125cm;Manta INDIA 155x125cm;LIVING > MANTAS;;;;;;;29,900.00;;0.30;20.00;20.00;10.00;3;;;SI;NO;"<p style=""margin-top: 20px; margin-bottom: 20px; padding: 0px; border: 0px; outline: 0px; vertical-align: baseline; max-width: 100%; font-family: Montserrat, sans-serif; font-size: 14px; background-color: #ffffff;"">MANTA INDIA&nbsp;</p>
<p style=""margin-top: 20px; margin-bottom: 20px; padding: 0px; border: 0px; outline: 0px; vertical-align: baseline; max-width: 100%; font-family: Montserrat, sans-serif; font-size: 14px; background-color: #ffffff;"">Manta confeccionada con hilos 100% algod&oacute;n, super r&uacute;stica y arrugada. Calidad premium.&nbsp;</p>
<p style=""margin-top: 20px; margin-bottom: 20px; padding: 0px; border: 0px; outline: 0px; vertical-align: baseline; max-width: 100%; font-family: Montserrat, sans-serif; font-size: 14px; background-color: #ffffff;"">Medidas: 155X125cm.</p>
<p style=""margin-top: 20px; margin-bottom: 20px; padding: 0px; border: 0px; outline: 0px; vertical-align: baseline; max-width: 100%; font-family: Montserrat, sans-serif; font-size: 14px; background-color: #ffffff;"">Lavado: agua fr&iacute;a o la misma no tiene que surperar los 30*C ya que el calor puede achicar el producto. Secado preferentemente a la sombra.&nbsp;</p>";;;;;SI;;;;;Visible
manta-bahia-moka-175x190cm;Manta BAHIA MOKA 175X190cm;LIVING > MANTAS;;;;;;;37,500.00;;0.50;30.00;30.00;10.00;1;;;SI;NO;"<p>MANTA BAHIA MOKA&nbsp;</p>
<p>Manta tejida en telar con efecto tramado, 100% algod&oacute;n.&nbsp;</p>
<p>Medidas: 175x190cm</p>
<p>Como lavar y cuidar el producto? Al ser un tejido 100% algod&oacute;n recomendamos lavar en lavarropas en un programa suave, delicado preferentemente agua fr&iacute;a o que la temperatura de la misma no supere los 30*C ya que el calor tiende a achicar mucho el producto.&nbsp;</p>
<p>Secado a la sombra.&nbsp;</p>";;;;;SI;;;;;Visible
funda-de-almohadon3;Funda de almohadón 60x35cm;LIVING > ALMOHADONES Y FUNDAS;;;;;;;8,000.00;;0.10;10.00;10.00;2.00;2;;;SI;NO;"<p>Funda de almohadon</p>
<p>Confeccionado en tusor liviano, 100% algod&oacute;n, con estampa.</p>
<p>Medidas: 60x35cm</p>
<p>&nbsp;</p>
<p>CUIDADO DEL PRODUCTO: APTO LAVAROPA EN MODO LAVADO CUIDADO O LAVADO A MANO, PREFERENTEMENTE LAVAR CON AGUA FR&Iacute;A O LA MISMA NO DEBE SUPERAR LOS 30&ordm;C.&nbsp;</p>";;;;;SI;;;;;Visible
alfombra-bambi-60x110cm;Alfombra BAMBI 60x110cm;DORMITORIO > ALFOMBRAS PARA SALIDA DE CAMA , LIVING > ALFOMBRAS;;;;;;;23,000.00;;0.50;30.00;30.00;10.00;0;;;SI;NO;"<p>Medidas: 60x110cm</p>
<p>Alfombra de telar, confeccionadas con estopa 100% algod&oacute;n, tienen flecos en sus laterales.</p>
<p>&nbsp;</p>
<p>Apta lavarropas y secarropas, al ser algod&oacute;n se recomienda que la temperatura del agua no supere los 30*C preferentemente agua fr&iacute;a y en modo lavado a mano o lavado cuidado.&nbsp;</p>";;;;;SI;;;;;Visible
funda-de-almohadon2;Funda de almohadón 70x45cm (Almohada);DORMITORIO > PIE DE CAMA Y MANTAS , LIVING > ALMOHADONES Y FUNDAS;Color;Crudo;;;;;12,000.00;;0.10;15.00;15.00;2.00;0;;;SI;NO;"<p>La <strong>Funda de almohad&oacute;n 70x45cm</strong> confeccionada en <em>tusor liso</em> es la opci&oacute;n perfecta para renovar y proteger tus almohadones con estilo y practicidad.</p>
<p>Este tejido ofrece una textura suave y resistente, ideal para el uso diario. Su dise&ntilde;o liso y elegante se adapta a cualquier ambiente, aportando un toque de sobriedad y confort a tus espacios.</p>
<p>Adem&aacute;s, es f&aacute;cil de lavar y mantener, garantizando durabilidad y frescura constante. &iexcl;Actualiz&aacute; la decoraci&oacute;n de tu hogar con esta funda funcional y de calidad!</p>";;;;;SI;;;;;Visible
funda-de-almohadon2;;;Color;Canela;;;;;12,000.00;;0.10;15.00;15.00;2.00;3;;;;;;;;;;;;;;;
funda-de-almohadon-rayas-45x45cm;Funda de almohadón Rayas 45x45cm;LIVING > ALMOHADONES Y FUNDAS;Color;Verde;;;;;9,000.00;;0.10;10.00;10.00;2.00;3;;;SI;NO;"<p><strong>Funda de almohad&oacute;n Rayas 45x45cm</strong></p>
<p>Esta funda de almohad&oacute;n combina estilo y funcionalidad con su dise&ntilde;o en <em>tusor a rayas</em>, ideal para renovar tus espacios.</p>
<p>Su tama&ntilde;o de 45x45cm es perfecto para cualquier ambiente, mientras que su parte trasera en tela color crudo aporta un detalle sutil y elegante.</p>
<p>Fabricada con materiales de calidad, es una opci&oacute;n duradera y f&aacute;cil de combinar. Dale un toque fresco y sofisticado a tu decoraci&oacute;n con esta funda pr&aacute;ctica y est&eacute;tica.</p>";;;;;SI;;;;;Visible
funda-de-almohadon-rayas-45x45cm;;;Color;Gris;;;;;9,000.00;;0.10;10.00;10.00;2.00;1;;;;;;;;;;;;;;;
funda-de-almohadon-rayas-45x45cm;;;Color;Rosa;;;;;9,000.00;;0.10;10.00;10.00;2.00;2;;;;;;;;;;;;;;;
funda-de-almohadon-rayas-45x45cm;;;Color;Celeste;;;;;9,000.00;;0.10;10.00;10.00;2.00;2;;;;;;;;;;;;;;;
funda-de-almohadon1;Funda de almohadón liso 45x45cm;LIVING > ALMOHADONES Y FUNDAS;Color;Gris;;;;;9,000.00;;0.10;10.00;10.00;2.00;0;;;SI;NO;"<p>La <strong>Funda de almohad&oacute;n liso 45x45cm</strong> est&aacute; confeccionada en <em>tusor</em>, un tejido resistente y suave que brinda durabilidad y comodidad.</p>
<p>Su dise&ntilde;o liso y minimalista se adapta f&aacute;cilmente a cualquier estilo de decoraci&oacute;n, aportando un toque de elegancia y frescura a tu hogar. Ideal para renovar tus almohadones y darle un aire moderno a tus espacios.</p>
<p>&iexcl;Pr&aacute;ctica y funcional, es la opci&oacute;n perfecta para cuidar y embellecer tus almohadones!</p>";;;;;SI;;;;;Visible
organizador-multiuso-con-visor-100x45x15cm;Organizador multiuso con visor 100x45x15cm;ORGANIZACIÓN;;;;;;;10,500.00;;0.10;30.00;20.00;2.00;3;;;SI;NO;"<p><strong>Organizador Multiuso con Visor 100x45x15cm</strong></p>
<p>&nbsp;</p>
<p>Optimice su espacio con este organizador multiuso en color gris, fabricado en tela ecol&oacute;gica y transpirable.</p>
<p>Sus medidas de 100x45x15 cm lo hacen ideal para distintas &aacute;reas del hogar u oficina.</p>
<p><strong>Caracter&iacute;sticas destacadas:</strong></p>
<p>- Resistente a la humedad y antimoho, manteniendo su contenido protegido.</p>
<p>- Visor transparente en la parte superior para identificar f&aacute;cilmente lo almacenado.</p>
<p>- Material duradero y respetuoso con el medio ambiente.</p>
<p>&nbsp;</p>
<p>Una soluci&oacute;n pr&aacute;ctica y sustentable para mantener todo ordenado y a la vista.</p>";tela, visor;;;;SI;;;;;Visible
setx24-cubiertos-cubiertero;Setx24 Cubiertos + Cubiertero;COCINA > BAZAR > CUBIERTOS - VAJILLA;;;;;;;29,900.00;;0.40;30.00;30.00;5.00;1;;;SI;NO;"<p><strong>Setx24 Cubiertos + Cubiertero</strong>
Descubre la calidad y funcionalidad del <strong>Setx24 Cubiertos + Cubiertero</strong>. Este completo set incluye:</p>
<ul>
<li><strong>6 tenedores</strong></li>
<li><strong>6 cucharas de sopa</strong></li>
<li><strong>6 cucharas de té</strong></li>
<li><strong>6 cuchillos</strong></li>
</ul>
<p>Todos con un elegante <strong>mango en color negro</strong> que aportará un toque moderno a tu mesa. Además, el set incluye un práctico <strong>cubiertero de plástico blanco</strong> para mantener tus cubiertos organizados. ¡No esperes más para mejorar tu experiencia al comer!</p>";;;;;SI;;;;;Visible
escurridor-secaplatos-de-plastico-y-silicona;Escurridor/Secaplatos de plastico y silicona;COCINA > BAZAR > SECAPLATOS , PRODUCTOS PARA APROVECHAR;;;;;;;12,500.00;;0.50;36.00;30.00;5.00;3;;;SI;NO;"<p><strong>Escurridor/Secaplatos de plástico y silicona</strong></p>
<p>Organice su cocina de manera eficiente con nuestro <strong>Escurridor/Secaplatos de plástico y silicona</strong>. Con unas medidas de <strong>36x30x12 cm</strong>, este práctico accesorio se achica para un fácil almacenamiento, ahorrando espacio en su cocina.</p>
<p>Disponible en un elegante <strong>color gris y blanco</strong>, combina funcionalidad y diseño. Su material es resistente y fácil de limpiar, ideal para secar platos, utensilios y más. ¡No se pierda la oportunidad de optimizar su espacio y estilo en la cocina!</p>";;;;;SI;;;;;Visible
cubiertero-de-bambu-5-divisiones;Cubiertero de bambu 5 divisiones;COCINA > BAZAR > ORGANIZACION COCINA;;;;;;;24,500.00;;0.30;37.00;30.00;5.00;0;;;SI;NO;"<p><strong>Cubiertero de bamb&uacute; con 5 divisiones</strong></p>
<p>Descubre la funcionalidad y el estilo de nuestro <strong>Cubiertero de bamb&uacute;</strong>. Con unas medidas de <strong>40x34x5 cm</strong>, este organizador es perfecto para mantener tus cubiertos ordenados y al alcance.</p>
<p><strong>Caracter&iacute;sticas:</strong> - <strong>Material:</strong> Bamb&uacute; natural, duradero y ecol&oacute;gico. - <strong>Dise&ntilde;o:</strong> 5 divisiones para una mejor organizaci&oacute;n.</p>
<p>Ideal para cualquier cocina, este cubiertero no solo es pr&aacute;ctico, sino que tambi&eacute;n a&ntilde;ade un toque de calidez a tu hogar. &iexcl;No te quedes sin el tuyo!</p>";;;;;SI;;;;;Visible
tacho-5l-escobilla;Tacho 5L + escobilla;BAÑO > CESTOS PARA BAÑO ;;;;;;;45,500.00;;0.50;30.00;30.00;30.00;0;;;SI;NO;"<p><strong>Tacho 5L + escobilla: la soluci&oacute;n perfecta para tu hogar</strong></p>
<p><strong>Medidas:&nbsp;</strong></p>
<p><strong>Tacho </strong></p>
<p><strong>28 cm alto - 20cm di&aacute;metro&nbsp;</strong></p>
<p><strong>Escobilla </strong></p>
<p><strong>27cm alto - 10cm di&aacute;metro </strong></p>
<p>Descubre la funcionalidad del <strong>Tacho 5L + escobilla</strong> en color negro. Fabricado en <strong>acero</strong> resistente, este tacho cuenta con un <strong>recipiente interior desmontable con manija</strong>, lo que facilita su limpieza y manejo. Su <strong>pedal con base de goma</strong> asegura un uso c&oacute;modo y seguro, mientras que la <strong>escobilla de fibra</strong> incluida garantiza una limpieza eficaz.</p>
<p>&iexcl;Mejora la organizaci&oacute;n de tu espacio y adquiere este pr&aacute;ctico conjunto hoy mismo!</p>";;;;;SI;;;;;Visible
box-2-disney;Box 2 - Disney;COMBOS PARA REGALAR;;;;;;;15,000.00;;0.20;15.00;15.00;15.00;1;;;SI;NO;"<p><strong>Regala una experiencia &uacute;nica con nuestro Set de Disney.</strong></p>
<p>Este encantador set incluye una hermosa taza de vidrio con calco de Minnie y Mickey, Plato de ceramica y cucharita negra.&nbsp;</p>
<p>Todo presentado en una elegante caja de cart&oacute;n y tarjeta de feliz dia que lo conviertiendolo en el regalo perfecto.</p>
<p>&nbsp;</p>";;;;;SI;;;;;Visible
funda-de-almohadon-frases-50x50cm;Funda de almohadón Frases 50x50cm;LIVING > ALMOHADONES Y FUNDAS;Modelo;HOME;;;;;9,500.00;;0.05;15.00;15.00;1.00;4;;;SI;NO;"<p><strong>Funda de almohadon</strong></p>
<p>Confeccionado en tusor liviano, 100% algod&oacute;n, con estampa.&nbsp;</p>
<p>NO INCLUYE RELLENO.&nbsp;</p>
<p>&nbsp;</p>
<p>Medidas: 50x50cm</p>
<p>&nbsp;</p>
<p>&nbsp;</p>";;;;;SI;;;;;Visible
funda-de-almohadon-frases-50x50cm;;;Modelo;Palmera;;;;;9,500.00;;0.05;15.00;15.00;1.00;3;;;;;;;;;;;;;;;
funda-de-almohadon-frases-50x50cm;;;Modelo;GOOD;;;;;9,500.00;;0.05;15.00;15.00;1.00;1;;;;;;;;;;;;;;;
funda-de-almohadon-frases-50x50cm;;;Modelo;Enjoy;;;;;9,500.00;;0.05;15.00;15.00;1.00;1;;;;;;;;;;;;;;;
funda-de-almohadon-frases-50x50cm;;;Modelo;Plume;;;;;9,500.00;;0.05;15.00;15.00;1.00;3;;;;;;;;;;;;;;;
planta-artificial-80x13cm-grande;Planta artificial 80x13cm GRANDE;PLANTAS ARTIFICIALES/FLORES SECAS;;;;;;;49,900.00;;0.30;80.00;12.00;12.00;2;;;SI;NO;"<p><strong>Planta Artificial 80x13cm - Palmera</strong></p>
<p>Añadí un toque de frescura y naturaleza a tus espacios con nuestra <strong>Planta Artificial 80x13cm</strong>. Esta hermosa palmera es la opción perfecta para quienes buscan un elemento decorativo sin complicaciones. </p>
<p>Con su diseño realista y medidas ideales, es perfecta para cualquier rincón de tu hogar u oficina. No requiere mantenimiento y se adapta a diversos estilos decorativos, aportando un ambiente acogedor y vibrante. </p>
<p>Ideal para quienes desean embellecer sus espacios de manera sencilla y elegante.</p>";;;;;SI;;;;;Visible
organizador-16x8cm-5-divisiones;Organizador 16x8cm 5 divisiones;ORGANIZACIÓN;;;;;;;3,000.00;;0.05;6.00;16.00;8.00;0;;;SI;NO;"<p>Este organizador es un producto practico el cual lo puedes colocar dentro de tu caj&oacute;n o en un estante para poder tener la mejor organizaci&oacute;n del hogar. Puedes colocar ropa interior, calzado, joyer&iacute;a y muchas cosas mas!<br /><br />CARACTER&Iacute;STICAS:<br /><br />- Material: Pl&aacute;stico reforzado<br />- Medidas: 16cm de largo, 8cm de ancho, 6cm de alto, 5cm de ancho interno.<br />- Pueden utilizarse en Muebles y Estantes.<br />- Dise&ntilde;o pr&aacute;ctico y sofisticado.</p>";;;;;SI;;;;;Visible
individual1;Individual Redondo 38cm;COCINA > INDIVIDUALES, BLACK DELUAR;Color;Rosa;;;;;4,200.00;;0.05;1.00;38.00;1.00;1;;;SI;NO;"<p style=""margin-top: 20px; margin-bottom: 20px; padding: 0px; border: 0px; outline: 0px; vertical-align: baseline; max-width: 100%; caret-color: #434343; color: #434343; font-family: Montserrat, sans-serif; font-size: 14px; -webkit-text-size-adjust: 100%; background-color: #ffffff;"" data-start=""59"" data-end=""107""><strong style=""margin: 0px; padding: 0px; border: 0px; outline: 0px; vertical-align: baseline;"" data-start=""59"" data-end=""107"">Individual Redondo 38cm</strong></p>
<p style=""margin-top: 20px; margin-bottom: 20px; padding: 0px; border: 0px; outline: 0px; vertical-align: baseline; max-width: 100%; caret-color: #434343; color: #434343; font-family: Montserrat, sans-serif; font-size: 14px; -webkit-text-size-adjust: 100%; background-color: #ffffff;"" data-start=""109"" data-end=""325"">Su dise&ntilde;o vers&aacute;til combina con distintos estilos de vajilla y decoraci&oacute;n, aportando un detalle natural y elegante.</p>
<p style=""margin-top: 20px; margin-bottom: 20px; padding: 0px; border: 0px; outline: 0px; vertical-align: baseline; max-width: 100%; caret-color: #434343; color: #434343; font-family: Montserrat, sans-serif; font-size: 14px; -webkit-text-size-adjust: 100%; background-color: #ffffff;"" data-start=""327"" data-end=""464""><strong style=""margin: 0px; padding: 0px; border: 0px; outline: 0px; vertical-align: baseline;"" data-start=""327"" data-end=""340"">Di&aacute;metro:</strong>&nbsp;38 cm<br data-start=""346"" data-end=""349"" /><strong style=""margin: 0px; padding: 0px; border: 0px; outline: 0px; vertical-align: baseline;"" data-start=""349"" data-end=""362"">Material:</strong> Fibra sintetica<br data-start=""399"" data-end=""402"" /><strong style=""margin: 0px; padding: 0px; border: 0px; outline: 0px; vertical-align: baseline;"" data-start=""402"" data-end=""422"">Uso recomendado:</strong>&nbsp;Almuerzos, cenas, reuniones y uso diario.</p>
<p style=""margin-top: 20px; margin-bottom: 20px; padding: 0px; border: 0px; outline: 0px; vertical-align: baseline; max-width: 100%; caret-color: #434343; color: #434343; font-family: Montserrat, sans-serif; font-size: 14px; -webkit-text-size-adjust: 100%; background-color: #ffffff;"">&nbsp;</p>
<p style=""margin-top: 20px; margin-bottom: 20px; padding: 0px; border: 0px; outline: 0px; vertical-align: baseline; max-width: 100%; caret-color: #434343; color: #434343; font-family: Montserrat, sans-serif; font-size: 14px; -webkit-text-size-adjust: 100%; background-color: #ffffff;"" data-start=""466"" data-end=""567"" data-is-last-node="""" data-is-only-node="""">F&aacute;cil de limpiar con un pa&ntilde;o h&uacute;medo. No apto para lavavajillas. Apto para uso en interior o exterior.</p>";;;;;SI;;;;;Visible
individual1;;;Color;Rojo;;;;;4,200.00;;0.05;1.00;38.00;1.00;2;;;;;;;;;;;;;;0.00;
individual-rustico-redondo-38cm;Individual Rústico Redondo 38cm;COCINA > INDIVIDUALES;Color;Blanco;;;;;6,900.00;;0.05;1.00;38.00;1.00;0;;;SI;NO;"<p style=""margin-top: 20px; margin-bottom: 20px; padding: 0px; border: 0px; outline: 0px; vertical-align: baseline; max-width: 100%; caret-color: #434343; color: #434343; font-family: Montserrat, sans-serif; font-size: 14px; -webkit-text-size-adjust: 100%; background-color: #ffffff;"" data-start=""59"" data-end=""107""><strong style=""margin: 0px; padding: 0px; border: 0px; outline: 0px; vertical-align: baseline;"" data-start=""59"" data-end=""107"">Individual R&uacute;stico Redondo - blanco o beige</strong></p>
<p style=""margin-top: 20px; margin-bottom: 20px; padding: 0px; border: 0px; outline: 0px; vertical-align: baseline; max-width: 100%; caret-color: #434343; color: #434343; font-family: Montserrat, sans-serif; font-size: 14px; -webkit-text-size-adjust: 100%; background-color: #ffffff;"" data-start=""109"" data-end=""325"">Individual redondo de estilo r&uacute;stico, ideal para sumar calidez y textura a la mesa. Su dise&ntilde;o vers&aacute;til combina con distintos estilos de vajilla y decoraci&oacute;n, aportando un detalle natural y elegante.</p>
<p style=""margin-top: 20px; margin-bottom: 20px; padding: 0px; border: 0px; outline: 0px; vertical-align: baseline; max-width: 100%; caret-color: #434343; color: #434343; font-family: Montserrat, sans-serif; font-size: 14px; -webkit-text-size-adjust: 100%; background-color: #ffffff;"" data-start=""327"" data-end=""464""><strong style=""margin: 0px; padding: 0px; border: 0px; outline: 0px; vertical-align: baseline;"" data-start=""327"" data-end=""340"">Di&aacute;metro:</strong>&nbsp;38 cm<br data-start=""346"" data-end=""349"" /><strong style=""margin: 0px; padding: 0px; border: 0px; outline: 0px; vertical-align: baseline;"" data-start=""349"" data-end=""362"">Material:</strong>&nbsp;Fibra sint&eacute;tica con acabado trenzado<br data-start=""399"" data-end=""402"" /><strong style=""margin: 0px; padding: 0px; border: 0px; outline: 0px; vertical-align: baseline;"" data-start=""402"" data-end=""422"">Uso recomendado:</strong>&nbsp;Almuerzos, cenas, reuniones y uso diario.</p>
<p style=""margin-top: 20px; margin-bottom: 20px; padding: 0px; border: 0px; outline: 0px; vertical-align: baseline; max-width: 100%; caret-color: #434343; color: #434343; font-family: Montserrat, sans-serif; font-size: 14px; -webkit-text-size-adjust: 100%; background-color: #ffffff;"">&nbsp;</p>
<p style=""margin-top: 20px; margin-bottom: 20px; padding: 0px; border: 0px; outline: 0px; vertical-align: baseline; max-width: 100%; caret-color: #434343; color: #434343; font-family: Montserrat, sans-serif; font-size: 14px; -webkit-text-size-adjust: 100%; background-color: #ffffff;"" data-start=""466"" data-end=""567"" data-is-last-node="""" data-is-only-node="""">F&aacute;cil de limpiar con un pa&ntilde;o h&uacute;medo. No apto para lavavajillas. Apto para uso en interior o exterior.</p>";;;;;SI;;;;;Visible
setx3-canastos-rusticos-con-tela;Setx3 Canastos rústicos con tela;LIVING > YUTE - SEAGRASS, LIVING > DECO - FLOREROS, BAÑO > CESTOS PARA BAÑO , ORGANIZACIÓN;;;;;;;39,900.00;;0.52;12.00;30.00;20.00;2;;;SI;NO;"<p><strong>Setx3 Canastos r&uacute;sticos DE BAMBU con FUNDA DE tela REMOVIBLE</strong></p>
<p>Este set de canastos r&uacute;sticos es la soluci&oacute;n perfecta para organizar tu hogar con estilo. Incluye 2 tama&ntilde;os:</p>
<p><strong>1 unidad S (</strong><strong>20x10x8cm)</strong></p>
<p><strong>1 unidad M (25x15x10cm)</strong></p>
<p><strong>1 unidad L (30x20x12cm)</strong></p>
<p>Ideal para adaptarse a diferentes espacios.</p>
<p>Cada canasto est&aacute; hecho de bamb&uacute; de alta calidad y cuenta con una funda de tela removible, lo que facilita su limpieza. Su dise&ntilde;o natural a&ntilde;ade un toque acogedor a cualquier habitaci&oacute;n, convirti&eacute;ndolos en un elemento decorativo y funcional.</p>";bambu;;;;SI;;;;;Visible
escurridor-secaplatos-de-acero-negro;Escurridor/Secaplatos de acero Negro;COCINA > BAZAR > SECAPLATOS ;;;;;;;45,500.00;;0.5;30.00;33.00;15.00;1;;;SI;NO;"<p><strong><span style=""color: #060606; font-family: 'Nunito Sans', sans-serif; font-size: 14px; background-color: #ffffff;"">Escurridor de platos de acero color negro de 2 pisos.</span></strong><br style=""box-sizing: border-box; color: #060606; font-family: 'Nunito Sans', sans-serif; font-size: 14px; background-color: #ffffff;"" /><span style=""color: #060606; font-family: 'Nunito Sans', sans-serif; font-size: 14px; background-color: #ffffff;"">Incluye bandeja y cubertero pl&aacute;stico.</span><br style=""box-sizing: border-box; color: #060606; font-family: 'Nunito Sans', sans-serif; font-size: 14px; background-color: #ffffff;"" /><span style=""box-sizing: border-box; font-weight: bold; color: #060606; font-family: 'Nunito Sans', sans-serif; font-size: 14px; background-color: #ffffff;"">10 platos.<br style=""box-sizing: border-box;"" /></span><br style=""box-sizing: border-box; color: #060606; font-family: 'Nunito Sans', sans-serif; font-size: 14px; background-color: #ffffff;"" /><em style=""box-sizing: border-box; color: #060606; font-family: 'Nunito Sans', sans-serif; font-size: 14px; background-color: #ffffff;"">Medidas:<br style=""box-sizing: border-box;"" />Escurridor<br style=""box-sizing: border-box;"" />Alto total: 28,5 cm.<br style=""box-sizing: border-box;"" />Largo: 14 cm.<br style=""box-sizing: border-box;"" />Ancho: 32,5 cm<br style=""box-sizing: border-box;"" /><br style=""box-sizing: border-box;"" />Bandeja<br style=""box-sizing: border-box;"" />Ancho: 13 cm.<br style=""box-sizing: border-box;"" />Largo: 30 cm.<br style=""box-sizing: border-box;"" /><br style=""box-sizing: border-box;"" />Cubertero con 2 divisiones:<br style=""box-sizing: border-box;"" />Ancho: 14,5 cm<br style=""box-sizing: border-box;"" />Profundidad: 6,5 cm<br style=""box-sizing: border-box;"" />Alto: 9 cm</em></p>";;;;;SI;;;;;Visible
setx2-individuales-cocina;Setx2 individuales Cocina;COCINA > REPASADORES, COCINA > INDIVIDUALES;;;;;;;10,000.00;;0.10;10.00;10.00;4.00;6;;;SI;NO;"<p>Pack de individuales estampados por 2 unidades.</p>
<p>Vienen combinadas las dos estampas que se muestran en las fotos, los mismos son confeccionados en tusor liviano, 100% algodon estampados en serigrafia m&eacute;todo de estampa manual.<br /><br />Al ser algod&oacute;n puro son SUPER abosorbentes, pueden usarse para decorar las cocinas, como individual de mesa o tambi&eacute;n como repasador.&nbsp;</p>
<p>Cada pa&ntilde;o mide aproximadamente 40X60cm y como todos los productos de algod&oacute;n les recomendamos lavar con agua fr&iacute;a o que la misma no supere los 30&ordm;C, centrifugado lo mas bajo posible y secado a la sombra.&nbsp;</p>";;;;;SI;;;;;Visible
azucarera-jaspeada-recta-blanco;Azucarera Jaspeada recta Blanco;COCINA > BAZAR > ACEITEROS - SALEROS - AZUCARERAS - ESPECIEROS;;;;;;;7,900.00;;0.20;10.00;10.00;10.00;6;;;SI;NO;"<p style=""margin-top: 20px; margin-bottom: 20px; padding: 0px; border: 0px; outline: 0px; vertical-align: baseline; max-width: 100%; color: #434343; font-family: Montserrat, sans-serif; font-size: 14px; background-color: #ffffff;""><strong style=""font-weight: bold; margin: 0px; padding: 0px; border: 0px; outline: 0px; vertical-align: baseline;"">Azucarera jaspeada recta 11x10cm de cer&aacute;mica con tapa</strong></p>
<p style=""margin-top: 20px; margin-bottom: 20px; padding: 0px; border: 0px; outline: 0px; vertical-align: baseline; max-width: 100%; color: #434343; font-family: Montserrat, sans-serif; font-size: 14px; background-color: #ffffff;"">Descubre la elegancia y funcionalidad de nuestra&nbsp;<strong style=""font-weight: bold; margin: 0px; padding: 0px; border: 0px; outline: 0px; vertical-align: baseline;"">azucarera jaspeada</strong>. Con unas medidas de&nbsp;<strong style=""font-weight: bold; margin: 0px; padding: 0px; border: 0px; outline: 0px; vertical-align: baseline;"">11x10 cm</strong>, esta pieza de cer&aacute;mica es perfecta para mantener tu az&uacute;car fresca y a la vista.</p>
<p style=""margin-top: 20px; margin-bottom: 20px; padding: 0px; border: 0px; outline: 0px; vertical-align: baseline; max-width: 100%; color: #434343; font-family: Montserrat, sans-serif; font-size: 14px; background-color: #ffffff;""><strong style=""font-weight: bold; margin: 0px; padding: 0px; border: 0px; outline: 0px; vertical-align: baseline;"">Caracter&iacute;sticas:</strong>&nbsp;- Material: Cer&aacute;mica de alta calidad - Dise&ntilde;o: Jaspeado, que aporta un toque distintivo a tu mesa - Tapa: Incluida para preservar el contenido</p>
<p style=""margin-top: 20px; margin-bottom: 20px; padding: 0px; border: 0px; outline: 0px; vertical-align: baseline; max-width: 100%; color: #434343; font-family: Montserrat, sans-serif; font-size: 14px; background-color: #ffffff;"">Ideal para quienes buscan una opci&oacute;n decorativa y pr&aacute;ctica. &iexcl;Adquiere la tuya y transforma tus momentos de caf&eacute;!</p>";;;;;SI;;;;;Visible
escurridor-secaplatos-de-acero-blanco;Escurridor/Secaplatos de acero Blanco;COCINA > BAZAR > SECAPLATOS ;;;;;;;45,500.00;;0.5;30.00;33.00;15.00;3;;;SI;NO;"<p><strong><span style=""color: #060606; font-family: 'Nunito Sans', sans-serif; font-size: 14px; background-color: #ffffff;"">Escurridor de platos de acero color blanco de 2 pisos.</span></strong><br style=""box-sizing: border-box; color: #060606; font-family: 'Nunito Sans', sans-serif; font-size: 14px; background-color: #ffffff;"" /><span style=""color: #060606; font-family: 'Nunito Sans', sans-serif; font-size: 14px; background-color: #ffffff;"">Incluye bandeja y cubertero pl&aacute;stico.</span><br style=""box-sizing: border-box; color: #060606; font-family: 'Nunito Sans', sans-serif; font-size: 14px; background-color: #ffffff;"" /><span style=""box-sizing: border-box; font-weight: bold; color: #060606; font-family: 'Nunito Sans', sans-serif; font-size: 14px; background-color: #ffffff;"">10 platos.<br style=""box-sizing: border-box;"" /></span><br style=""box-sizing: border-box; color: #060606; font-family: 'Nunito Sans', sans-serif; font-size: 14px; background-color: #ffffff;"" /><em style=""box-sizing: border-box; color: #060606; font-family: 'Nunito Sans', sans-serif; font-size: 14px; background-color: #ffffff;"">Medidas:<br style=""box-sizing: border-box;"" />Escurridor<br style=""box-sizing: border-box;"" />Alto total: 28,5 cm.<br style=""box-sizing: border-box;"" />Largo: 14 cm.<br style=""box-sizing: border-box;"" />Ancho: 32,5 cm<br style=""box-sizing: border-box;"" /><br style=""box-sizing: border-box;"" />Bandeja<br style=""box-sizing: border-box;"" />Ancho: 13 cm.<br style=""box-sizing: border-box;"" />Largo: 30 cm.<br style=""box-sizing: border-box;"" /><br style=""box-sizing: border-box;"" />Cubertero con 2 divisiones:<br style=""box-sizing: border-box;"" />Ancho: 14,5 cm<br style=""box-sizing: border-box;"" />Profundidad: 6,5 cm<br style=""box-sizing: border-box;"" />Alto: 9 cm</em></p>";;;;;SI;;;;;Visible
vaso-cervecero-de-doble-vidrio-420cc;Vaso Cervecero de doble vidrio 420cc;COCINA > BAZAR > VASOS - COPAS, DIA DEL PADRE;;;;;;;15,900.00;;0.20;21.00;10.00;10.00;2;;;SI;NO;"<p><strong>Vaso Cervecero de Doble Vidrio - 420cc</strong></p>
<p>Disfrute de su bebida favorita con nuestro <em>Vaso Cervecero de Doble Vidrio</em>. Con una <strong>capacidad de 420 cc</strong>, este vaso es perfecto para mantener la temperatura ideal de su cerveza.</p>
<p><strong>Medidas:</strong>
- Alto: 20 cm
- Diámetro: 7,6 cm</p>
<p>Este vaso no es apto para lavavajillas y viene en una elegante caja, ideal para regalar. Agregue un toque de sofisticación a su experiencia de bebida. ¡Adquiéralo ahora!</p>";;;;;SI;;;;;Visible
individual-redondo-38cm-cuerina-3-colores;Individual redondo 38cm Cuerina;COCINA > INDIVIDUALES;Color;Gris Oscuro;;;;;6,300.00;;0.05;38.00;15.00;2.00;4;;;SI;NO;"<p><strong>Individual Redondo 38cm Cuerina</strong></p>
<p>Descubra la versatilidad y estilo de nuestro <strong>Individual Redondo de 38cm en Cuerina</strong>. Este accesorio es ideal para embellecer su mesa, aportando un toque moderno y elegante a sus comidas.</p>
<ul>
<li><strong>Material</strong>: Fabricado en cuerina, es resistente y fácil de limpiar, lo que lo hace perfecto para el uso diario.</li>
<li><strong>Medidas</strong>: Con un tamaño de 38cm, se adapta a diferentes tipos de vajilla.</li>
</ul>
<p>Transforme su experiencia gastronómica con este individual, ideal para cualquier ocasión. ¡Adquiéralo hoy mismo!</p>";;;;;SI;;;;;Visible
individual-redondo-38cm-cuerina-3-colores;;;Color;Beige;;;;;6,300.00;;0.05;38.00;15.00;2.00;1;;;;;;;;;;;;;;;
individual-redondo-38cm-cuerina-3-colores;;;Color;Gris Claro;;;;;6,300.00;;0.05;38.00;15.00;2.00;2;;;;;;;;;;;;;;;
individual-redondo-38cm-cuerina-3-colores;;;Color;Cielo;;;;;6,300.00;;0.05;38.00;15.00;2.00;12;;;;;;;;;;;;;;0.00;
individual-entramado-liso-45x35cm;Individual entramado liso 45x35cm;COCINA > INDIVIDUALES, BLACK DELUAR;Color;Gris Claro;;;;;3,000.00;;0.10;30.00;15.00;2.00;12;;;SI;NO;"<p><strong>Individual Entramado Liso 45x35cm</strong></p>
<p>Descubra la funcionalidad y estilo de nuestro <strong>Individual Entramado Liso</strong>. Con medidas de <strong>45x35 cm</strong>, es ideal para proteger su mesa durante las comidas y agregar un toque decorativo a su hogar.</p>
<p><strong>Fácil de limpiar</strong>, este individual es perfecto para el uso diario. Su diseño liso se adapta a cualquier estilo de decoración, convirtiéndolo en un accesorio versátil y elegante.</p>
<p>¡No espere más para mejorar su mesa con este práctico individual!</p>";;;;;SI;;;;;Visible
individual-entramado-liso-45x35cm;;;Color;Gris Oscuro;;;;;3,000.00;;0.10;30.00;15.00;2.00;1;;;;;;;;;;;;;;;
frasco-de-vidrio-hermetico-con-tapa-de-acero-negro;Frasco de vidrio Hermetico con tapa de acero negro;COCINA > BAZAR > FRASCOS, BLACK DELUAR;Tamaño;S;;;;;8,500.00;;0.15;10.00;10.00;10.00;1;;;SI;NO;"<p><strong>Frasco de vidrio Herm&eacute;tico con tapa de acero negro</strong> Aproveche la versatilidad de nuestro frasco de vidrio herm&eacute;tico, disponible en <strong>cuatro medidas</strong> para adaptarse a sus necesidades:</p>
<p>- <strong>S:</strong> 8x10cm (600ml)</p>
<p>- <strong>M:</strong> 12x10cm (900ml)</p>
<p>- <strong>L:</strong> 15x10cm (1200ml)</p>
<p>- <strong>XL:</strong> 22x10cm (1500ml)</p>
<p>Fabricado en vidrio de alta calidad, este frasco es ideal para almacenar alimentos, especias o cualquier objeto que desee mantener fresco. Su <strong>tapa de acero negro</strong> garantiza un cierre seguro y est&eacute;tico. Organice su cocina con estilo y funcionalidad. &iexcl;Adquiera el suyo hoy!</p>";;;;;SI;;;;;Visible
setx4-especiero-de-vidrio;Setx4 Especiero de vidrio;COCINA > BAZAR > ACEITEROS - SALEROS - AZUCARERAS - ESPECIEROS;;;;;;;24,900.00;;0.50;28.00;10.00;10.00;2;;;SI;NO;"<p><strong>Setx4 Especiero de vidrio con tapa de acero inoxidable</strong></p>
<p>Organice sus condimentos con nuestro set de 4 especieros de vidrio, perfectos para mantener sus especias frescas y a mano. Cada frasco mide 8x5,5 cm y cuenta con tapas de acero inoxidable con sistema vertedor de tres tama&ntilde;os, ideales para dosificar con precisi&oacute;n.</p>
<p>El rack met&aacute;lico pintado mide 28x10x10 cm, combinando funcionalidad y dise&ntilde;o elegante para su cocina.</p>";;;;;SI;;;;;Visible
canasto-plastico-transparente-p-calzado-10lts;Canasto Plastico transparente p/ calzado 10Lts;ORGANIZACIÓN;;;;;;;8,400.00;;0.15;35.00;25.00;14.00;1;;;SI;NO;"<p><strong>Canasto Pl&aacute;stico Transparente para Calzado 10Lts con Tapa</strong></p>
<p>Este canasto pl&aacute;stico transparente es ideal para almacenar calzados, manteniendo el orden y la visibilidad de su contenido. Con una capacidad de 10 litros, sus dimensiones son: alto 14 cm, ancho 25,5 cm y largo 35,5 cm.</p>
<p>Fabricado en material resistente, incluye una tapa que protege el calzado del polvo y la humedad. Perfecto para optimizar espacios en el hogar u oficina.</p>
<p>Organice con estilo y practicidad. &iexcl;Adquiera este canasto transparente hoy mismo!</p>";;;;;SI;;;;;Visible
portavela-bois-negro-22-5x7cm;Portavela BOIS negro 22.5x7cm;LIVING > DECO - FLOREROS, VELAS Y ACCESORIOS > Portavelas y Bandejas;;;;;;;14,500.00;;0.30;22.00;7.00;7.00;1;;;SI;NO;"<p><strong>Caracter&iacute;sticas:</strong><br /><br />. Medidas: 22.5X7 CM<br />. Material: Madera de Paulownia<br />. L&iacute;nea: Bois Negro</p>
<p><strong>Madera de Paulownia:</strong>&nbsp;Tambi&eacute;n conocida como Kiri, es un material natural, de origen vegetal, que destaca por su ligereza, resistencia y durabilidad, siendo una opci&oacute;n popular para diversas aplicaciones. Es una madera blanda pero resistente, ideal para trabajos que requieren facilidad de manejo y no comprometen la estructura.<br /><br /><strong>Cuidados:</strong><br />. Se recomienda no dejar en remojo un producto de madera, para conservar por mucho m&aacute;s tiempo sus propiedades organol&eacute;pticas originales.</p>";;;;;SI;;;;;Visible
portavela-bois-negro-28x7cm;Portavela BOIS negro 28x7cm;LIVING > DECO - FLOREROS, VELAS Y ACCESORIOS > Portavelas y Bandejas;;;;;;;18,500.00;;0.30;28.00;7.00;7.00;1;;;SI;NO;"<p><strong>Caracter&iacute;sticas:</strong><br /><br />. Medidas: 28X7 CM<br />. Material: Madera de Paulownia<br />. L&iacute;nea: Bois Negro</p>
<p><strong>Madera de Paulownia:</strong> Tambi&eacute;n conocida como Kiri, es un material natural, de origen vegetal, que destaca por su ligereza, resistencia y durabilidad, siendo una opci&oacute;n popular para diversas aplicaciones. Es una madera blanda pero resistente , ideal para trabajos que requieren facilidad de manejo y no comprometen la estructura.<br /><br /><strong>Cuidados:</strong><br />. Se recomienda no dejar en remojo un producto de madera, para conservar por mucho m&aacute;s tiempo sus propiedades organol&eacute;pticas originales.</p>";;;;;SI;;;;;Visible
individual-redondo-sandira-38cm;Individual Redondo SANDIRA 38cm;COCINA > INDIVIDUALES;Color;Negro;;;;;6,900.00;;0.05;2.00;15.00;2.00;1;;;SI;NO;"<p style=""margin-top: 20px; margin-bottom: 20px; padding: 0px; border: 0px; outline: 0px; vertical-align: baseline; max-width: 100%; color: #434343; font-family: Montserrat, sans-serif; font-size: 14px; background-color: #ffffff;"" data-start=""59"" data-end=""107""><strong style=""font-weight: bold; margin: 0px; padding: 0px; border: 0px; outline: 0px; vertical-align: baseline;"" data-start=""59"" data-end=""107"">Individual R&uacute;stico Redondo &ndash; Diferentes colores.</strong></p>
<p style=""margin-top: 20px; margin-bottom: 20px; padding: 0px; border: 0px; outline: 0px; vertical-align: baseline; max-width: 100%; color: #434343; font-family: Montserrat, sans-serif; font-size: 14px; background-color: #ffffff;"" data-start=""109"" data-end=""325"">Individual redondo de estilo r&uacute;stico, ideal para sumar calidez y textura a la mesa. Su dise&ntilde;o vers&aacute;til combina con distintos estilos de vajilla y decoraci&oacute;n, aportando un detalle natural y elegante.</p>
<p style=""margin-top: 20px; margin-bottom: 20px; padding: 0px; border: 0px; outline: 0px; vertical-align: baseline; max-width: 100%; color: #434343; font-family: Montserrat, sans-serif; font-size: 14px; background-color: #ffffff;"" data-start=""327"" data-end=""464""><strong style=""font-weight: bold; margin: 0px; padding: 0px; border: 0px; outline: 0px; vertical-align: baseline;"" data-start=""327"" data-end=""340"">Di&aacute;metro:</strong>&nbsp;38 cm<br data-start=""346"" data-end=""349"" /><strong style=""font-weight: bold; margin: 0px; padding: 0px; border: 0px; outline: 0px; vertical-align: baseline;"" data-start=""349"" data-end=""362"">Material:</strong>&nbsp;Fibra sint&eacute;tica con acabado trenzado<br data-start=""399"" data-end=""402"" /><strong style=""font-weight: bold; margin: 0px; padding: 0px; border: 0px; outline: 0px; vertical-align: baseline;"" data-start=""402"" data-end=""422"">Uso recomendado:</strong>&nbsp;Almuerzos, cenas, reuniones y uso diario.</p>
<p style=""margin-top: 20px; margin-bottom: 20px; padding: 0px; border: 0px; outline: 0px; vertical-align: baseline; max-width: 100%; color: #434343; font-family: Montserrat, sans-serif; font-size: 14px; background-color: #ffffff;"">&nbsp;</p>
<p style=""margin-top: 20px; margin-bottom: 20px; padding: 0px; border: 0px; outline: 0px; vertical-align: baseline; max-width: 100%; color: #434343; font-family: Montserrat, sans-serif; font-size: 14px; background-color: #ffffff;"" data-start=""466"" data-end=""567"" data-is-last-node="""" data-is-only-node="""">F&aacute;cil de limpiar con un pa&ntilde;o h&uacute;medo. No apto para lavavajillas. Apto para uso en interior o exterior.</p>";;;;;SI;;;;;Visible
individual-redondo-sandira-38cm;;;Color;Verde;;;;;6,900.00;;0.05;2.00;15.00;2.00;3;;;;;;;;;;;;;;;
individual-redondo-sandira-38cm;;;Color;Terracota;;;;;6,900.00;;0.05;2.00;15.00;2.00;16;;;;;;;;;;;;;;;
individual-gris-diseno-tejido-44x29cm;Individual Gris Diseño tejido 44x29cm;COCINA > INDIVIDUALES, BLACK DELUAR;;;;;;;6,900.00;;0.10;44.00;29.00;1.00;6;;;SI;NO;"<p>Individual polim&eacute;rico con print simil tejido color gris claro.<br />Dise&ntilde;o sencillo y pr&aacute;ctico ideal para uso cotidiano.<br />Combina perfecta con vajilla de melamina en tonos neutros y cubiertos dorados.<br /><br />Caracter&iacute;sticas:<br /><br />. Medida: 44x29 cm<br />. Material: Pet<br />. Apto lavavajillas: No</p>
<p>&nbsp;</p>
<p>&nbsp;</p>";;;;;SI;;;;;Visible
tabla-copetinero-acacia-manila-black-30-5x15cm-ovalado;Tabla/Copetinero Acacia Manila Black 30.5x15cm Ovalado;COCINA > BAZAR > BANDEJAS - BOWLS - TABLAS, DIA DEL PADRE;;;;;;;17,500.00;;0.25;30.00;15.00;2.00;1;;;SI;NO;"<p>La l&iacute;nea Manila est&aacute; realizada a mano artesanalmente, logrando que cada pieza sea realmente &uacute;nica.<br />Su madera es muy noble, resistente y destacada por poseer un lustre natural incre&iacute;ble. Ideal para usar tanto en el interior como en el exterior.<br />Son much&iacute;simas las combinaciones que se pueden lograr con esta vajilla tan c&aacute;lida y aut&eacute;ntica, desde darle un toque m&aacute;s artesanal a otra vajilla muy cl&aacute;sica, o combinarlo con piezas en acr&iacute;lico para un exterior, hasta mezclarla inclusive con otra vajilla en tonos neutros, negra, etc.<br /><br />Caracter&iacute;sticas:<br /><br />. Medida: 30,5 x 15 cm<br />. Material: Madera de Acacia<br />. Apto lavavajillas: No<br />. Apto microondas: No<br />. Apto horno: No<br />. L&iacute;nea de dise&ntilde;o: Manila Black<br />. Origen: Filipinas<br />. Consejo: Lavar con agua y jab&oacute;n con esponja suave, y siempre secar al finalizar.</p>";;;;;SI;;;;;Visible
tabla-de-laja-delicatessen-33x23cm;Tabla de Laja DELICATESSEN 33x23cm;COCINA > BAZAR > BANDEJAS - BOWLS - TABLAS, DIA DEL PADRE;;;;;;;16,900.00;;0.70;33.00;23.00;2.00;3;;;SI;NO;"<p>Tabla de piedra de laja color negra de 33x23 cm con orificio para un mejor agarre y colgado.<br />Dise&ntilde;o y superficie r&uacute;stica con inscripci&oacute;n de excelente calidad apta para todo tipo de alimentos.<br /><br />Caracter&iacute;sticas:<br /><br />Medida: 33x23 cm<br />Material: laja<br />Apto lavavajillas: no<br />Apto microondas: no</p>";;;;;SI;;;;;Visible
tabla-de-acacia-kikar-40x20cm;Tabla de ACACIA Kikar 40x20cm;COCINA > BAZAR > BANDEJAS - BOWLS - TABLAS, DIA DEL PADRE;;;;;;;32,500.00;;0.60;40.00;20.00;2.00;1;;;SI;NO;"<p>Caracter&iacute;sticas:<br /><br />. Medidas: 40X20 CM<br />. Material: Madera de Acacia<br />. Apto lavavajillas: No<br />. L&iacute;nea: Kikar</p>
<p><strong>ACACIA:</strong> Es un material natural, de origen vegetal, que se destaca por su durabilidad, resistencia a la humedad, a los insectos, y su belleza est&eacute;tica. Es una madera dura, densa y noble. Se utiliza en aplicaciones de carpinter&iacute;a, construcci&oacute;n, muebles, suelos, tarimas, y tambi&eacute;n en artesan&iacute;as.<br /><br /><strong>Cuidados:</strong><br />Se recomienda no dejar en remojo un producto de Acacia, para conservar por mucho m&aacute;s tiempo sus propiedades organol&eacute;pticas originales.</p>";;;;;SI;;;;;Visible
tabla-andhara-marmol-negro-con-mango-38x12cm;Tabla ANDHARA Marmol Negro con mango 38x12cm;COCINA > BAZAR > BANDEJAS - BOWLS - TABLAS, DIA DEL PADRE;;;;;;;39,900.00;;0.60;38.00;12.00;2.00;2;;;SI;NO;"<p>Tabla realizada en m&aacute;rmol negro con terminaci&oacute;n pulida semi mate, no porosa.<br />El intenso color negro de su composici&oacute;n contrasta con las delicadas vetas blancas y f&oacute;siles que la recorren.<br />Reconocido mundialmente por su pureza, calidad, y belleza tan exclusiva.<br />Combinando esta l&iacute;nea con vajilla cl&aacute;sica o vidrio, y utensilios negros o plateados, se logra una presentaci&oacute;n &uacute;nica.<br /><br />. Medida: 38x12 cm<br />. Material: M&aacute;rmol<br />. Apto lavavajillas: No<br />. L&iacute;nea de dise&ntilde;o: Andhra</p>";;;;;SI;;;;;Visible
setx4-cubiertos-black-budapest;SETx4 Cubiertos Black BUDAPEST;COCINA > BAZAR > CUBIERTOS - VAJILLA;;;;;;;15,500.00;;0.30;22.00;5.00;5.00;5;;;SI;NO;"<p>Set cubiertos color negro, incluye: Cuchillo, tenedor, Cuchara y Cuchara chica.&nbsp;<br />Materialidad de acero de excelente calidad, cuchillas de buen filo.<br />Dise&ntilde;o moderno de uso diario.<br /><br />Caracter&iacute;sticas:<br /><br />Material: acero<br />Apto lavavajillas: no<br />Apto microondas: no<br />L&iacute;nea de dise&ntilde;o: Budapest</p>";;;;;SI;;;;;Visible
individual-con-volados-gris;Individual con volados - Gris;COCINA > INDIVIDUALES;;;;;;;6,900.00;;0.10;15.00;15.00;5.00;1;;;SI;NO;"<p>Confeccionados en tusor liviano, 100% algodon.</p>
<p>Al ser algod&oacute;n puro son SUPER abosorbentes, pueden usarse para decorar las cocinas, como individual de mesa o tambi&eacute;n como repasador.&nbsp;</p>
<p>Cada pa&ntilde;o mide aproximadamente 40X60cm</p>
<p>Recomendamos lavar con agua fr&iacute;a o que la misma no supere los 30&ordm;C, centrifugado lo mas bajo posible y secado a la sombra.&nbsp;</p>";;;;;SI;;;;;Visible
funda-dispenser-de-agua1;Funda dispenser de AGUA;COCINA > BAZAR > ORGANIZACION COCINA, PRODUCTOS PARA APROVECHAR;;;;;;;11,500.00;;0.10;15.00;15.00;5.00;0;;;SI;NO;"<p style=""margin-top: 20px; margin-bottom: 20px; padding: 0px; border: 0px; outline: 0px; vertical-align: baseline; max-width: 100%; color: #434343; font-family: Montserrat, sans-serif; font-size: 14px; background-color: #ffffff;"">Impreso con Estampa</p>
<p style=""margin-top: 20px; margin-bottom: 20px; padding: 0px; border: 0px; outline: 0px; vertical-align: baseline; max-width: 100%; color: #434343; font-family: Montserrat, sans-serif; font-size: 14px; background-color: #ffffff;"">Es el complemento ideal para mantener tu bid&oacute;n protegido y estilizado. Hecha al 100% de algod&oacute;n, esta funda en color crudo es suave al tacto y resistente al uso diario, garantizando durabilidad y funcionalidad, dandole un toque especial a tu bid&oacute;n.</p>
<p style=""margin-top: 20px; margin-bottom: 20px; padding: 0px; border: 0px; outline: 0px; vertical-align: baseline; max-width: 100%; color: #434343; font-family: Montserrat, sans-serif; font-size: 14px; background-color: #ffffff;"">Apto para bidon de 12 y 20 litros.&nbsp;</p>";;;;;SI;;;;;Visible
funda-dispenser-de-agua-drink-more;Funda Dispenser de Agua Drink More;COCINA > BAZAR > ORGANIZACION COCINA;;;;;;;11,500.00;;0.10;15.00;15.00;5.00;0;;;SI;NO;"<p style=""margin-top: 20px; margin-bottom: 20px; padding: 0px; border: 0px; outline: 0px; vertical-align: baseline; max-width: 100%; color: #434343; font-family: Montserrat, sans-serif; font-size: 14px; background-color: #ffffff;"">Impreso con Estampa</p>
<p style=""margin-top: 20px; margin-bottom: 20px; padding: 0px; border: 0px; outline: 0px; vertical-align: baseline; max-width: 100%; color: #434343; font-family: Montserrat, sans-serif; font-size: 14px; background-color: #ffffff;"">Es el complemento ideal para mantener tu bid&oacute;n protegido y estilizado. Hecha al 100% de algod&oacute;n, esta funda en color crudo es suave al tacto y resistente al uso diario, garantizando durabilidad y funcionalidad, dandole un toque especial a tu bid&oacute;n.</p>
<p style=""margin-top: 20px; margin-bottom: 20px; padding: 0px; border: 0px; outline: 0px; vertical-align: baseline; max-width: 100%; color: #434343; font-family: Montserrat, sans-serif; font-size: 14px; background-color: #ffffff;"">Apto para bidon de 12 y 20 litros.&nbsp;</p>";;;;;SI;;;;;Visible
jarra-de-vidrio-con-tapa-de-bambu-1470ml;Jarra de vidrio con tapa de bambú 1470ml;COCINA > BAZAR > TAZAS Y PLATITOS;;;;;;;24,500.00;;0.60;26.00;14.00;12.00;1;;;SI;NO;"<p data-start=""79"" data-end=""126""><strong data-start=""79"" data-end=""126"">Jarra de vidrio con tapa de bamb&uacute; &ndash; 1470 ml</strong></p>
<p data-start=""128"" data-end=""396"">Jarra de vidrio transparente con dise&ntilde;o minimalista y funcional. Cuenta con una tapa de bamb&uacute; natural que ayuda a conservar la frescura del contenido y protege contra el polvo. Su capacidad de 1470 ml la hace ideal para agua, jugos, infusiones fr&iacute;as y otras bebidas.</p>
<p data-start=""398"" data-end=""554""><strong data-start=""398"" data-end=""410"">Medidas:</strong> 25 cm de alto x 11 cm de di&aacute;metro.<br data-start=""445"" data-end=""448"" /><strong data-start=""448"" data-end=""463"">Materiales:</strong> Vidrio resistente y bamb&uacute;.<br data-start=""490"" data-end=""493"" /><strong data-start=""493"" data-end=""513"">Uso recomendado:</strong> Hogar, oficinas, reuniones o uso diario.</p>
<p>&nbsp;</p>
<p data-start=""556"" data-end=""629"" data-is-last-node="""" data-is-only-node="""">Apta para bebidas fr&iacute;as. No apta para l&iacute;quidos hirviendo ni lavavajillas.</p>";;;;;SI;;;;;Visible
setx2-tazas-doble-fondo;Setx2 tazas doble fondo;COCINA > BAZAR > TAZAS Y PLATITOS, DIA DEL PADRE, COMBOS PARA REGALAR;;;;;;;18,000.00;;0.25;15.00;8.00;5.00;3;;;SI;NO;"<p>Setx2 tazas doble fondo
Capacidad: 150 ml
Material: vidrio resistente  </p>
<p>Estas tazas de doble fondo están diseñadas para mantener la temperatura de tus bebidas por más tiempo, ya sean calientes o frías. Su material de vidrio transparente permite apreciar el contenido, aportando un toque moderno y elegante a tu cocina. Ideales para café, té o infusiones, son prácticas y fáciles de limpiar. Perfectas para el uso diario o para recibir invitados con estilo.</p>";;;;;SI;;;;;Visible
setx6-utensilios-porta-utensilios;Setx6 Utensilios + Porta Utensilios;COCINA > BAZAR > CUBIERTOS - VAJILLA;;;;;;;31,500.00;;0.40;30.00;10.00;10.00;4;;;SI;NO;"<p><strong>Setx6 Utensilios + Porta Utensilios</strong></p>
<p>Este pr&aacute;ctico set de utensilios de cocina est&aacute; compuesto por seis piezas esenciales: una <strong>espumadera</strong>, una <strong>esp&aacute;tula</strong>, un <strong>cucharon</strong>, una <strong>cuchara</strong>, una <strong>cuchara para pastas</strong>, y una <strong>cuchara calada</strong>.</p>
<p>El Porta Utensillos puede ser color Crema o Gris, dependiendo disponibilidad.&nbsp;</p>
<p>Adem&aacute;s, incluye un <strong>cesta porta utensilios</strong> que permite mantener todo organizado y al alcance de la mano. Fabricados en <strong>nylon</strong>, estos utensilios son resistentes y f&aacute;ciles de limpiar, ideales para cualquier amante de la cocina. &iexcl;No te quedes sin el tuyo y mejora tu experiencia culinaria!</p>";;;;;SI;;;;;Visible
lata-coffee-crema1;Lata Acero Vintage COFFEE;COCINA > BAZAR > FRASCOS;;;;;;;12,900.00;;0.40;15.00;11.00;11.00;3;;;SI;NO;"<p><strong>Lata Acero Vintage COFFEE</strong></p>
<p>Esta <strong>lata de acero</strong> con diseño vintage en color <strong>crema</strong> es el complemento perfecto para tu cocina. Su <strong>escritura en color dorado</strong> le otorga un toque elegante y sofisticado. </p>
<p>Con medidas de <strong>15x11cm</strong>, es ideal para almacenar café o cualquier otro producto. Además, ¡combinala con sus otras latas haciendo juego para crear una decoración armoniosa en tu hogar!</p>
<p>Aprovecha su estilo y funcionalidad.</p>";;;;;SI;;;;;Visible
set-de-bano-4pzs-blanco;Set de Baño 4Pzs - Blanco;BAÑO > ARTICULOS PARA BAÑO;;;;;;;23,500.00;;0.60;15.00;15.00;15.00;2;;;SI;NO;"<p><strong>Set de Baño 4Pzs - Blanco</strong></p>
<p>Este <strong>set de baño de 4 piezas</strong> es la opción perfecta para quienes buscan <strong>calidad premium</strong> y un diseño elegante. </p>
<p><strong>Material:</strong> plástico resistente, asegurando durabilidad y fácil mantenimiento. </p>
<p>Con un acabado en <strong>blanco puro</strong>, se adapta a cualquier estilo de decoración, brindando un toque moderno y fresco a tu baño. Ideal para mantener el orden y la estética en tu espacio personal.</p>
<p>¡Transforma tu baño con este set que combina funcionalidad y estilo!</p>";;;;;SI;;;;;Visible
manta-flannel-todas-las-medidas;Manta FLANNEL KING;DORMITORIO > MANTAS/FRAZADAS/ACOLCHADOS;Tamaño;KING;;;;;54,900.00;43,920.00;0.5;15.00;40.00;40.00;2;;;SI;NO;"<p><strong>Manta FLANNEL</strong></p>
<p>Esta manta de flannel es el complemento ideal para mantenerte c&aacute;lido y c&oacute;modo. Fabricada en <strong>100% poli&eacute;ster</strong>, ofrece una suavidad excepcional y resistencia al uso diario.</p>
<p>Color: Silver&nbsp;</p>
<p>Disponible en medida <strong>KING</strong>: 260x220 cm</p>
<p><strong>Cuidado</strong>: Lavar con agua fr&iacute;a y usar jab&oacute;n neutro para mantener su calidad. &iexcl;Disfruta de la calidez y el estilo que solo nuestra manta FLANNEL puede ofrecer!</p>";frazada;;;;SI;;;;;Visible
manta-suplesa-rombo-300grs-todas-las-medidas;Manta Suplesa ROMBO 300grs TWIN;DORMITORIO > MANTAS/FRAZADAS/ACOLCHADOS;Tamaño;TWIN;;;;;54,900.00;43,920.00;0.5;15.00;40.00;40.00;3;;;SI;NO;"<p><strong>Manta Suplesa ROMBO 300grs</strong> en color beige con elegante estampa de rombos felpudos.</p>
<p>Fabricada en <em>100% poli&eacute;ster</em>, ofrece un tacto suave y c&aacute;lido, ideal para esta temporada de invierno.</p>
<p>Disponible en todas las medidas: TWIN (1.60x220 cm), FULL&nbsp;(245x220 cm) y KING (260x220 cm).</p>
<p>Perfecta para mantenerte abrigado con estilo y comodidad durante los d&iacute;as fr&iacute;os.</p>";frazada;;;;SI;;;;;Visible
trapito-bath-60x48cm1;Trapito BATH 60x48cm;BAÑO > ALFOMBRAS PARA BAÑO, PRODUCTOS PARA APROVECHAR;;;;;;;5,000.00;;0.10;20.00;15.00;5.00;3;;;SI;NO;"<p>Trapo de piso 100% algod&oacute;n estampado, mide aproximadamente 60x48cm.</p>
<p>Estampa realizado en proceso artesanal.&nbsp;</p>
<p>Recomendamos lavar antes de su uso.&nbsp;</p>
<p>&iquest;Como recomendamos lavar el trapito para que quede impecable para su uso? Llevar a lavaropas con agua fr&iacute;a ya que nuestro trapito es 100% algod&oacute;n y al usar agua caliente el mismo puede achicarse.</p>";;;;;SI;;;;;Visible
trapito-relax-time-60x70cm;Trapito RELAX time 60x70cm;BAÑO > ALFOMBRAS PARA BAÑO;;;;;;;7,700.00;;0.10;20.00;15.00;5.00;4;;;SI;NO;"<p>Trapo de piso 100% algod&oacute;n estampado, mide aproximadamente 60x70cm.</p>
<p>Estampa realizado en proceso artesanal.&nbsp;</p>
<p>Recomendamos lavar antes de su uso.&nbsp;</p>
<p>&iquest;Como recomendamos lavar el trapito para que quede impecable para su uso? Llevar a lavaropas con agua fr&iacute;a ya que nuestro trapito es 100% algod&oacute;n y al usar agua caliente el mismo puede achicarse.</p>";;;;;SI;;;;;Visible
cortina-justina-natural;Cortina JUSTINA Natural;DORMITORIO, LIVING > CORTINA DE AMBIENTE, VARIOS;;;;;;;54,500.00;;0.30;30.00;15.00;5.00;1;;;SI;NO;"<p>Cortina JUSTINA Natural</p>
<p>Confeccionada en <em>100% algodón</em>, esta cortina de gasa pañalera ofrece un diseño sencillo y elegante en color natural. Viene con <strong>2 paños de 150 cm cada uno</strong>, alcanzando un largo total aproximado de 210/220 cm, ideal para iluminar y proteger tus ambientes con suavidad.</p>
<p>Perfecta para quienes buscan calidad y estilo natural en su decoración.</p>";;;;;SI;;;;;Visible
cuenco-martele-10cm-diametro;Cuenco MARTELE 10cm diametro;LIVING > DECO - FLOREROS;;;;;;;9,500.00;;0.20;5.00;10.00;5.00;3;;;SI;NO;"<p>Cuenco MARTELE 10cm di&aacute;metro</p>
<p><strong>Medidas: 10 cm de di&aacute;metro x 4 cm de alto.</strong></p>
<p>Este cuenco de cer&aacute;mica en color plateado combina elegancia y funcionalidad. Perfecto para servir snacks, postres o como pieza decorativa, su acabado met&aacute;lico aporta un toque moderno y sofisticado a cualquier ambiente.</p>
<p>Ideal para uso diario o para ocasiones especiales, su tama&ntilde;o compacto lo hace pr&aacute;ctico y vers&aacute;til.</p>";;;;;SI;;;;;Visible
jarron-florero-gaita-30x15cm;Jarrón/florero GAITA 30x15cm;LIVING > DECO - FLOREROS, BLACK DELUAR;;;;;;;27,500.00;;0.5;30.00;15.00;10.00;3;;;SI;NO;"<p>Jarr&oacute;n/florero de <strong>cer&aacute;mica esmaltada blanca</strong>, ideal para realzar cualquier ambiente con un toque de elegancia y simplicidad. Sus medidas de <strong>30x15 cm</strong> lo hacen perfecto para colocar flores frescas o secas, aportando estilo y frescura a tu hogar.</p>
<p>Gracias a su acabado esmaltado, es f&aacute;cil de limpiar y mantener, garantizando durabilidad y un aspecto siempre impecable. Un complemento vers&aacute;til y decorativo que no puede faltar.</p>";;;;;SI;;;;;Visible
perchero-gardenia-40x15cm;;;Color;oscuro;;;;;16,900.00;;0.70;40.00;15.00;5.00;3;;;;;;;;;;;;;;;
huevera-x10-unid;Huevera x10 unid;COCINA > BAZAR > FRASCOS;;;;;;;7,500.00;;0.20;20.00;10.00;5.00;5;;;SI;NO;"<p><strong>Huevera para 10 Unid</strong></p>
<p>Organiza tus huevos de manera práctica y segura con nuestra <em>huevera para 10 unidades</em>. Fabricada en <strong>plástico reforzado</strong>, esta huevera es ideal para mantener tus huevos protegidos y frescos. </p>
<p>Su diseño <strong>transparente</strong> te permite ver fácilmente la cantidad de huevos que tienes, mientras que la <strong>tapa</strong> asegura un cierre hermético. </p>
<p>Perfecta para el hogar o para llevar a picnics. ¡No te quedes sin la tuya y optimiza el almacenamiento de tus alimentos!</p>";;;;;SI;;;;;Visible
huevera-x24;Huevera x24;COCINA > BAZAR > FRASCOS, VARIOS, ORGANIZACIÓN;;;;;;;12,500.00;;0.25;30.00;21.00;7.00;0;;;SI;NO;"<p><strong>Huevera x24: Práctica y Funcional</strong></p>
<p>Organiza tus huevos de manera eficiente con nuestra <strong>huevera para 24 huevos</strong>. Fabricada en <strong>plástico transparente</strong>, permite ver fácilmente el contenido, facilitando su uso en la cocina. </p>
<p><strong>Medidas</strong>: 30x21x7 cm, ideal para cualquier heladera. Incluye <strong>tapa</strong> para proteger los huevos de contaminantes y mantener su frescura. </p>
<p>Aprovechá esta solución perfecta para el almacenamiento de tus huevos y optimizá tu espacio. ¡No te la pierdas!</p>";;;;;SI;;;;;Visible
organizador-de-acrilico-chico-31x10cm;Organizador de Acrílico Chico 31X10cm;ORGANIZACIÓN;;;;;;;7,900.00;;0.25;30.00;10.00;10.00;2;;;SI;NO;"<p><strong>Organizador acrílico chico</strong></p>
<p>Con un diseño <strong>práctico y versátil</strong>, el organizador acrílico chico es la solución ideal para mantener el orden en tu hogar. </p>
<p><strong>Medidas:</strong> 31x10x9.5 cm, apto para heladera y freezer. Su estructura apilable permite optimizar el espacio en cualquier rincón de tu cocina o despensa. </p>
<p>Fabricado en acrílico de alta calidad, este organizador no solo es duradero, sino que también aporta un toque moderno a tu decoración. ¡No pierdas la oportunidad de tenerlo en tu casa!</p>";;;;;SI;;;;;Visible
organizador-de-acrilico-grande-31x20cm;Organizador de Acrílico Grande 31x20cm;ORGANIZACIÓN;;;;;;;12,200.00;;0.40;30.00;20.00;10.00;3;;;SI;NO;"<p>Organizador de acrilico grande</p>
<p>Con un dise&ntilde;o&nbsp;<strong>pr&aacute;ctico y vers&aacute;til</strong>, el organizador acr&iacute;lico chico es la soluci&oacute;n ideal para mantener el orden en tu hogar.</p>
<p><strong>Medidas:</strong>&nbsp;31x20x9.5 cm, apto para heladera y freezer. Su estructura apilable permite optimizar el espacio en cualquier rinc&oacute;n de tu cocina o despensa.</p>
<p>Fabricado en acr&iacute;lico de alta calidad, este organizador no solo es duradero, sino que tambi&eacute;n aporta un toque moderno a tu decoraci&oacute;n. &iexcl;No pierdas la oportunidad de tenerlo en tu casa!</p>";;;;;SI;;;;;Visible
botella-de-aluminio-500ml;;;Color;Negro;;;;;10,000.00;;0.10;25.00;6.00;5.00;1;;;;;;;;;;;;;;;
gaveta-calada-cromada-30x14cm;;;Color;Rojo;;;;;2,700.00;;0.10;30.00;15.00;9.00;2;;;;;;;;;;;;;;;
porta-llaves-home-20x12cm;Porta llaves HOME 20x12cm;LIVING > DECO - FLOREROS, VARIOS, ORGANIZACIÓN;Color;claro;;;;;12,300.00;;0.50;20.00;12.00;5.00;1;;;SI;NO;"<p><strong>Porta llaves HOME 20x12cm</strong></p>
<p>El&nbsp;<strong>Porta llaves HOME</strong>&nbsp;es la soluci&oacute;n perfecta para mantener el orden en tu hogar. Con medidas de <strong>20x12cm</strong>, est&aacute; fabricado en melamina de alta calidad, lo que garantiza su resistencia y durabilidad.</p>
<p>Disponible en&nbsp;<strong>dos modelos de colores</strong>, se adapta a cualquier estilo decorativo.</p>
<p>Incluye&nbsp;<strong>cinta bifaz</strong>, lo que permite una instalaci&oacute;n sencilla sin necesidad de tornillos ni perforar la pared.</p>
<p>&iexcl;Organiz&aacute; tus llaves con estilo y funcionalidad gracias al Porta llaves HOME!</p>";;;;;SI;;;;;Visible
porta-llaves-home-20x12cm;;;Color;oscuro;;;;;12,300.00;;0.50;20.00;12.00;5.00;0;;;;;;;;;;;;;;;
porta-llaves-welcome-30x12cm;Porta llaves WELCOME 30x12cm;LIVING > DECO - FLOREROS, VARIOS, ORGANIZACIÓN;Color;claro;;;;;15,500.00;;0.50;30.00;13.00;5.00;0;;;SI;NO;"<p><strong>Porta llaves WELCOME 30x12cm</strong></p>
<p>El <strong>Porta llaves WELCOME</strong> es la soluci&oacute;n perfecta para mantener el orden en tu hogar. Con medidas de <strong>30x12cm</strong>, est&aacute; fabricado en melamina de alta calidad, lo que garantiza su resistencia y durabilidad.</p>
<p>Disponible en <strong>dos modelos de colores</strong>, se adapta a cualquier estilo decorativo.</p>
<p>Incluye <strong>cinta bifaz</strong>, lo que permite una instalaci&oacute;n sencilla sin necesidad de tornillos ni perforar la pared.</p>
<p>&iexcl;Organiz&aacute; tus llaves con estilo y funcionalidad gracias al Porta llaves WELCOME!</p>";;;;;SI;;;;;Visible
porta-llaves-welcome-30x12cm;;;Color;oscuro;;;;;15,500.00;;0.50;30.00;13.00;5.00;0;;;;;;;;;;;;;;;
porta-sahumerio1;Porta sahumerio VIBES 20x8cm;VELAS Y ACCESORIOS > Portavelas y Bandejas;;;;;;;5,100.00;;0.20;20.00;8.00;5.00;2;;;SI;NO;"<p>El <strong>Porta sahumerio VIBES</strong> es un accesorio esencial para aquellos que buscan un ambiente armonioso en su hogar.</p>
<p>Con medidas de <strong>20x8cm</strong> y fabricado en <strong>melamina de 18mm</strong>, este porta sahumerio es tanto duradero como estilizado.</p>
<p>Su atractivo color <strong>Helzinki</strong> se adapta a diferentes estilos decorativos, aportando un toque moderno a cualquier espacio.</p>
<p>Ideal para utilizar en la sala, dormitorio o ba&ntilde;o, este producto no solo es funcional, sino que tambi&eacute;n realza la est&eacute;tica de tu hogar. &iexcl;No te lo pierdas!</p>";;;;;SI;;;;;Visible
porta-sahumerio-luna-25x6cm;Porta sahumerio LUNA 25x6cm;VELAS Y ACCESORIOS > Portavelas y Bandejas;;;;;;;5,500.00;;0.20;25.00;8.00;5.00;5;;;SI;NO;"<p>El <strong>Porta sahumerio LUNA</strong> es el accesorio ideal para quienes buscan armonizar su espacio.</p>
<p>Con medidas de <strong>25x6 cm</strong>, est&aacute; fabricado en <strong>melamina de 18 mm</strong>, lo que asegura durabilidad y resistencia.</p>
<p>Su elegante <strong>color helzinki</strong> aporta un toque moderno y sofisticado a cualquier ambiente.</p>
<p>Este porta sahumerio no solo es funcional, sino que tambi&eacute;n se convierte en un elemento decorativo que realza la est&eacute;tica de tu hogar. &iexcl;Transform&aacute; tu espacio con el Porta sahumerio LUNA!</p>";;;;;SI;;;;;Visible
perchero-colgante-4-ganchos;Perchero Colgante 4 ganchos;VARIOS, ORGANIZACIÓN, PRODUCTOS PARA APROVECHAR;;;;;;;9,900.00;;0.40;30.00;16.00;10.00;4;;;SI;NO;"<p><strong>Perchero Colgante 4 ganchos</strong></p>
<p>El <strong>Perchero Colgante</strong> cromado, de acero, es la soluci&oacute;n perfecta para mantener el orden en tu hogar.</p>
<p>Con unas dimensiones de <strong>28x16cm</strong>, este perchero de acero incluye <strong>4 ganchos</strong> que te permitir&aacute;n colgar chaquetas, bufandas y accesorios de manera pr&aacute;ctica y elegante.</p>
<p>Su dise&ntilde;o moderno y funcional se adapta a cualquier espacio, desde la entrada hasta el dormitorio. No solo es un elemento &uacute;til, sino que tambi&eacute;n a&ntilde;ade un toque contempor&aacute;neo a tu decoraci&oacute;n. &iexcl;Organiza tu hogar con estilo!</p>";;;;;SI;;;;;Visible
jarron-murcia-30cm;Jarrón MURCIA 30cm;LIVING > DECO - FLOREROS, BLACK DELUAR;;;;;;;28,500.00;;0.5;30.00;12.00;12.00;1;;;SI;NO;"<p>El <strong>Jarrón MURCIA</strong> es la pieza perfecta para realzar la decoración de cualquier ambiente. Con <strong>medidas de 30x12 cm</strong>, este jarrón de <strong>cerámica blanca</strong> combina elegancia y modernidad, ideal para exhibir tus flores favoritas o como objeto decorativo por sí solo.</p>
<p>Su diseño minimalista se adapta a diversas estéticas, desde lo clásico hasta lo contemporáneo. No solo es un elemento decorativo, sino que también añade un toque de frescura a tu hogar. ¡No te pierdas la oportunidad de tener el Jarrón MURCIA y transforma tu espacio!</p>";florero;;;;SI;;;;;Visible
servilletero-metal-blanco;Servilletero metal blanco;COCINA > BAZAR > ORGANIZACION COCINA;;;;;;;6,500.00;;0.15;15.00;10.00;3.00;1;;;SI;NO;"<p>El <strong>Servilletero Metal Blanco</strong> es la opción ideal para mantener tus servilletas organizadas y al alcance de la mano. Con <strong>medidas de 14x10 cm</strong>, su diseño elegante y minimalista se adapta a cualquier estilo de mesa, ya sea en una cena formal o en un almuerzo casual.</p>
<p>Fabricado en metal de alta calidad, este servilletero es duradero y fácil de limpiar, asegurando que siempre luzca como nuevo. Añade un toque de sofisticación a tu comedor con este práctico accesorio. ¡No te lo pierdas!</p>";;;;;SI;;;;;Visible
setx3-dispenser-de-bano-500ml;Setx3 Dispenser de baño 500ml;BAÑO > ARTICULOS PARA BAÑO;;;;;;;16,500.00;;0.5;15.00;15.00;5.00;0;;;SI;NO;"<p><strong>Setx3 Dispenser de ba&ntilde;o&nbsp;</strong></p>
<p>Organiz&aacute; tu ba&ntilde;o con nuestro elegante <strong>Setx3 de ba&ntilde;o</strong> de 500ml. Estos frascos de <strong>vidrio color &aacute;mbar</strong> no solo son funcionales, sino que tambi&eacute;n aportan un toque de estilo a tu espacio.</p>
<p>Cada frasco cuenta con un <strong>dosificador negro</strong>, ideal para un uso pr&aacute;ctico y eficiente. Adem&aacute;s, incluyen <strong>etiquetas a prueba de agua</strong> con t&iacute;tulos bien definidos: <strong>JAB&Oacute;N L&Iacute;QUIDO</strong>, <strong>SHAMPOO</strong> y <strong>ACONDICIONADOR</strong>.</p>
<p>Transform&aacute; tu rutina de cuidado personal con este set pr&aacute;ctico y sofisticado. &iexcl;No te lo pierdas!</p>";;;;;SI;;;;;Visible
setx2-bidon-jabon-liquido-y-suavizante-1-9l;Setx2 Bidón Jabon liquido y Suavizante 1.9L;BAÑO > ARTICULOS PARA BAÑO, VARIOS;;;;;;;18,500.00;;0.5;25.00;20.00;10.00;0;;;SI;NO;"<p><strong>Setx2 Bidón Jabón Líquido y Suavizante 1.9L</strong></p>
<p>Descubre la funcionalidad y estilo de nuestro <strong>Setx2 Bidón Jabón Líquido y Suavizante</strong>, con una capacidad de <strong>1.9 litros</strong>. Estos bidones, elaborados en <strong>vidrio color ámbar</strong>, son perfectos para mantener tus productos organizados y a la vista.</p>
<p>Incluyen <strong>etiquetas a prueba de agua</strong> con los títulos de <strong>JABÓN LÍQUIDO</strong> y <strong>SUAVIZANTE</strong>, garantizando una identificación clara y duradera. </p>
<p>Ideal para cualquier hogar, ¡agrega este set a tu colección y disfruta de su elegancia y practicidad!</p>";;;;;SI;;;;;Visible
setx2-dispenser-detegergente-y-jabon-liq-500cc;Setx2 Dispenser DETEGERGENTE y JABON LIQ 500cc;COCINA > BAZAR > ORGANIZACION COCINA;;;;;;;10,500.00;;0.35;16.00;13.00;6.00;1;;;SI;NO;"<p><strong>Setx2 Dispenser DETEGERGENTE y JABON LIQ&nbsp;</strong></p>
<p>Este set de dispensers de 500<strong>cc</strong> es ideal para mantener tu espacio ordenado y estilizado.</p>
<p>Elaborados en <strong>vidrio &aacute;mbar</strong>, aportan un toque elegante y sofisticado a tu cocina o ba&ntilde;o. Cada dispenser cuenta con un <strong>dosificador de pl&aacute;stico negro</strong>, que facilita su uso y evita derrames. Son perfectos para almacenar detergentes y jabones l&iacute;quidos, combinando funcionalidad y dise&ntilde;o. &iexcl;Optimiza tu hogar con este pr&aacute;ctico y atractivo set!</p>";;;;;SI;;;;;Visible
setx2-oliva-y-aceto-250cc;Setx2 OLIVA y ACETO 250cc;COCINA > BAZAR > ACEITEROS - SALEROS - AZUCARERAS - ESPECIEROS, BLACK DELUAR;;;;;;;8,000.00;;0.55;25.00;10.00;5.00;1;;;SI;NO;"<p><strong>Setx2 OLIVA y ACETO 250cc</strong></p>
<p>Este elegante set de aceite y vinagre de 250cc es ideal para realzar tus comidas.</p>
<p>Los frascos est&aacute;n elaborados en <strong>vidrio &aacute;mbar</strong>, que protege el contenido de la luz, garantizando la frescura y calidad de los l&iacute;quidos.</p>
<p>La <strong>tapa negra</strong> agrega un toque moderno y pr&aacute;ctico, facilitando su uso en la cocina o en la mesa. Perfecto para quienes buscan un dise&ntilde;o funcional y est&eacute;tico, este set es un complemento esencial para cualquier hogar. &iexcl;No te lo pierdas!</p>";;;;;SI;;;;;Visible
alfombra-paz-petit-175x100cm;Alfombra PAZ petit 175x100cm;LIVING > MANTAS, LIVING > ALFOMBRAS;;;;;;;19,500.00;;0.50;20.00;20.00;5.00;0;;;SI;NO;"<p>Manta 100% pabilo de&nbsp;algod&oacute;n (es algod&oacute;n puro, sin procesar, rustico), confeccionada en telar. &iquest;Donde se puede usar? En un mont&oacute;n de lados! Como manta de sill&oacute;n, como cubre sill&oacute;n, cubre cama de 2 plazas, pie de cama hasta podes usarla de alfombra.</p>
<p>Medidas: 1,00X1,75cm</p>
<p>Cuidamos de la misma: Al ser un producto 100% algod&oacute;n su cuidado debe ser lavado a mano preferentemente sino lavado en lavarropas en modo lavado a mano/lavado cuidado, lavado de lana, el agua preferentemente fr&iacute;a o no debe superar los 30&ordm;C y las revoluciones del centrifugado tienen que ser menores a 800, ya que al ser un producto de pabilo de algod&oacute;n puede deshilachar la costura y por consecuencia la tela un centrifugado fuerte. Secar a la sombra, no secar con calor ya que puede achicar.</p>";;;;;SI;;;;;Visible
manta-bahia-cruda-190x155cm;Manta BAHIA cruda 190x155cm;LIVING > MANTAS;;;;;;;37,500.00;;0.5;20.00;20.00;5.00;2;;;SI;NO;"<p>Manta tejida en telar con efecto tramado, 100% algod&oacute;n.</p>
<p>MEDIDAS DE LA MANTA EN CRUDO: 175x190 aprox</p>
<p>Esta manta no paso por ning&uacute;n tipo de proceso de tintoreria, es decir esta en crudo. Que significa esto? Que cuando se lave la misma va a tomar y va a achicarse, haciendo que el tejido quede bien mullido generando textura y dejando una manta tramada y con una arruga muy caracteristica de este tejido. Una vez lavada queda de: 185X155aprox</p>
<p>Como lavar y cuidar el producto? Al ser un tejido 100% algod&oacute;n recomendamos lavar en lavarropas en un programa suave, delicado preferentemente agua fr&iacute;a o que la temperatura de la misma no supere los 30*C ya que el calor tiende a achicar mucho el producto.&nbsp;</p>
<p>Secado a la sombra.</p>";;;;;SI;;;;;Visible
cortina-justina-off-white;Cortina JUSTINA Off White;DORMITORIO, LIVING > CORTINA DE AMBIENTE;;;;;;;54,500.00;;0.80;35.00;25.00;5.00;3;;;SI;NO;"<p><strong>Cortina JUSTINA Off White</strong></p>
<p>Agregue un toque de elegancia a su hogar con la <strong>Cortina JUSTINA</strong> en color <strong>Off White</strong>. Fabricada en <strong>gasa pa&ntilde;alera</strong>, esta cortina combina dise&ntilde;o y funcionalidad, ideal para cualquier ambiente.</p>
<p><strong>Dimensiones</strong>: Cada paquete incluye <strong>2 pa&ntilde;os</strong> de <strong>200 cm de alto</strong> x <strong>140 cm de ancho</strong>, perfectos para una cobertura completa.</p>
<p>Transforme su espacio con esta cortina que no solo ofrece privacidad, sino que tambi&eacute;n ilumina su hogar con su suave color. &iexcl;No se la pierda!</p>";;;;;SI;;;;;Visible
cesto-chico1;Cesto Nordico LORE 21x15cm;LIVING > DECO - FLOREROS, BAÑO, ORGANIZACIÓN;;;;;;;7,000.00;;0.10;20.00;15.00;3.00;1;;;SI;NO;"<p><strong>Cesto LORE 21x15cm</strong></p>
<p>Descubre el <strong>Cesto LORE</strong>, una opción elegante y funcional para organizar tu espacio. Con unas <strong>medidas de 21x15cm</strong>, este cesto está <strong>hecho en soga</strong> de alta calidad, lo que garantiza durabilidad y resistencia. Su <strong>color negro</strong> aporta un toque moderno y versátil, ideal para cualquier ambiente.</p>
<p>Perfecto para almacenar juguetes, revistas o cualquier objeto que necesites tener a mano. <strong>Transforma tu hogar</strong> con este cesto práctico y decorativo. ¡Realiza tu compra ahora y disfruta de la organización con estilo!</p>";;;;;SI;;;;;Visible
cesto-nordico-paris-18x10cm-gris;Cesto Nordico PARIS 18x10cm Gris;COCINA, BAÑO, ORGANIZACIÓN, BLACK DELUAR;;;;;;;12,500.00;;0.30;18.00;18.00;10.00;2;;;SI;NO;"<p><strong>Cesto PARIS 18x10cm Gris</strong></p>
<p>Organiza tu espacio con estilo gracias al <strong>Cesto PARIS</strong>. Con unas medidas de <strong>18x10cm</strong>, este cesto es ideal para mantener el orden en cualquier rincón de tu hogar.</p>
<p><strong>Características:</strong>
- <strong>Color:</strong> Gris, que se adapta a diferentes decoraciones.
- <strong>Material:</strong> Hecho en soga, lo que le confiere resistencia y durabilidad.</p>
<p>Este cesto no solo es funcional, sino que también aporta un toque decorativo. ¡Hazte con el tuyo y transforma tu espacio!</p>";;;;;SI;;;;;Visible
set-cubiertos-dorados-con-mango-simil-marmol;Set cubiertos dorados con mango simil marmol;COCINA > BAZAR > CUBIERTOS - VAJILLA;;;;;;;12,900.00;;0.20;25.00;5.00;5.00;5;;;SI;NO;"<p><strong>Set Cubiertos Dorados con Mango Simil Mármol Blanco</strong></p>
<p>Añade un toque de sofisticación a tus comidas con nuestro <strong>Set de Cubiertos Dorados</strong>. Este elegante set incluye:</p>
<ul>
<li><strong>1 tenedor</strong></li>
<li><strong>1 cuchillo</strong></li>
<li><strong>1 cuchara</strong></li>
</ul>
<p>El diseño de <em>mango simil mármol blanco</em> no solo es visualmente atractivo, sino que también aporta un aire moderno a tu mesa. Perfecto para ocasiones especiales o para realzar tu uso diario. ¡Transforma tu experiencia gastronómica con este set exclusivo!</p>";;;;;SI;;;;;Visible
florero-luxury-vidrio-labrado-17x10cm;Florero LUXURY Vidrio Labrado 17x10cm;LIVING > DECO - FLOREROS;;;;;;;16,500.00;;0.5;18.00;10.00;8.00;2;;;SI;NO;"<p><strong>Florero LUXURY Vidrio Labrado 17x10cm</strong></p>
<p>Descubre el <strong>Florero LUXURY</strong>, una pieza única que añade un toque de sofisticación a tu hogar. Con un elegante diseño en <strong>vidrio labrado</strong>, este florerito mide <strong>17x10cm</strong>, ideal para exhibir tus flores favoritas o como un objeto decorativo por sí solo.</p>
<p>Su acabado brillante y detalles elaborados garantizan que se convierta en el centro de atención de cualquier ambiente. <strong>No te pierdas</strong> la oportunidad de embellecer tu espacio con esta elegante pieza que combina estilo y funcionalidad. ¡Hazlo tuyo y transforma tu decoración!</p>";;;;;SI;;;;;Visible
camino-mesa-aleli-off-white-200x40cm;Camino mesa ALELI Off White 200x40cm;COCINA > CAMINO DE MESA;;;;;;;11,500.00;;0.15;20.00;20.00;5.00;2;;;SI;NO;"<p><strong>Camino de mesa ALELI Off White</strong></p>
<p>El <strong>Camino de mesa ALELI</strong> es la elecci&oacute;n perfecta para embellecer tu hogar. Confeccionado en <strong>gasa pa&ntilde;alera pre-lavada</strong> y 100% algod&oacute;n, este camino no solo es elegante, sino tambi&eacute;n pr&aacute;ctico. Sus medidas de <strong>40x200 cm</strong> lo hacen ideal para cualquier mesa.</p>
<p>Para su cuidado, se recomienda lavar con <strong>agua fr&iacute;a</strong> o a no m&aacute;s de <strong>30&ordm;C</strong>. Apto para lavarropas, y se sugiere secar a la sombra para mantener su calidad.</p>
<p>&iexcl;Transforma tu mesa con el estilo y la suavidad del camino ALELI!</p>";;;;;SI;;;;;Visible
vaso-portacepillo-de-bambu;Vaso/Portacepillo de bambu;BAÑO > ARTICULOS PARA BAÑO, HOT SALE;;;;;;;10,000.00;;0.10;10.00;8.00;8.00;2;;;SI;NO;"<p><strong>Vaso/Portacepillo de Bambú</strong>
Medidas: 10 cm.  </p>
<p>Descubre la combinación perfecta de <strong>funcionalidad y sostenibilidad</strong> con nuestro vaso/portacepillo de bambú. Este elegante accesorio no solo es ideal para organizar tus cepillos de dientes, sino que también aporta un toque natural y cálido a tu baño. Fabricado con <strong>bambú de alta calidad</strong>, es resistente y ecológico, contribuyendo a un estilo de vida más sostenible.  </p>
<p>¡No te pierdas la oportunidad de embellecer tu espacio con este práctico y hermoso vaso!</p>";;;;;SI;;;;;Visible
dispenser-de-jabon-portacepillo-paris-ii;Dispenser de jabón + portacepillo PARIS II;BAÑO > ARTICULOS PARA BAÑO;;;;;;;21,900.00;;0.5;20.00;20.00;9.00;1;;;SI;NO;"<p><strong>Dispenser de jab&oacute;n + portacepillo PARIS</strong></p>
<p>Este elegante <strong>dispenser de jab&oacute;n + portacepillo PARIS</strong> es el complemento perfecto para tu ba&ntilde;o. Fabricado en <strong>vidrio resistente</strong>, garantiza durabilidad y estilo.</p>
<p>Las <strong>letras en blanco</strong> a&ntilde;aden un toque sofisticado y moderno, ideal para cualquier decoraci&oacute;n.</p>
<p>Con su dise&ntilde;o funcional, mantiene tu espacio organizado y a la vez decorativo.</p>
<p>&nbsp;</p>";;;;;SI;;;;;Visible
alfombra-bath-time-60x70cm;Alfombra bath time 60x70cm;BAÑO > ALFOMBRAS PARA BAÑO, BAÑO > ARTICULOS PARA BAÑO;;;;;;;5,500.00;;0.20;20.00;20.00;5.00;0;;;SI;NO;"<p><strong>Alfombritas de pabilo de algod&oacute;n al 100%, estampado.</strong></p>
<p>Mide aproximadamente 60X70cm.</p>
<p><strong>Recomendamos lavar antes de su uso.&nbsp;</strong></p>
<p>&iquest;Como recomendamos lavarla para que quede impecable para su uso? Llevar a lavaropas con agua fr&iacute;a ya que es 100% algod&oacute;n y al usar agua caliente el mismo puede achicarse, agregarle jab&oacute;n l&iacute;quido o en polvo, el que uses y agregarle un chorrito de lavandina para poder blanquearlo&nbsp;</p>";;;;;SI;;;;;Visible
pack-individuales-x3-nordico-gris;Pack individuales x3 Nordico GRIS;COCINA > REPASADORES, COCINA > INDIVIDUALES;;;;;;;13,600.00;;0.30;20.00;20.00;5.00;1;;;SI;NO;"<p><strong>Pack de individuales estampados por 3 unidades</strong> vienen combinadas las tres estampas que se muestran en las fotos.</p>
<p>Confeccionados en tusor liviano, 100% algodon estampados en serigrafia.<br /><br />Al ser algod&oacute;n puro son SUPER abosorbentes, pueden usarse para decorar las cocinas, como individual de mesa o tambi&eacute;n como repasador.&nbsp;</p>
<p>Cada pa&ntilde;o mide aproximadamente 40X60cm</p>
<p>Recomendamos lavar con agua fr&iacute;a o que la misma no supere los 30&ordm;C, centrifugado lo mas bajo posible y secado a la sombra.&nbsp;</p>";;;;;SI;;;;;Visible
porta-cubiertos-x4-unidades;Porta cubiertos x4 unidades;COCINA > MANTELES, COCINA > BAZAR > CUBIERTOS - VAJILLA;;;;;;;8,800.00;;0.20;10.00;10.00;5.00;2;;;SI;NO;"<p><strong>Porta cubierto</strong> confeccionado en tusor liviano 100% algod&oacute;n estampado, el precio corresponde al pack por 4 unidades.</p>
<p>Estampado: m&eacute;todo de serigrafia.</p>
<p>Miden aproximadamente 22cm de alto por 10,5cm de ancho.</p>";;;;;SI;;;;;Visible
pano-limpieza-home-45x35cm;Paño limpieza HOME 45x35cm;COCINA > REPASADORES;;;;;;;5,500.00;;0.10;15.00;15.00;3.00;4;;;SI;NO;"<p><strong>Pa&ntilde;o confeccionado en tejido 100% algod&oacute;n.</strong></p>
<p>Ideal para sacar de las cocinas ese tipico pa&ntilde;o amarillo. Al ser 100% algod&oacute;n es super absorbente.</p>
<p><strong>Mide aproximadamente 35X45cm</strong></p>
<p>Recomendamos lavar antes de su uso, aunque tambi&eacute;n puede usarse as&iacute; pero al lavarlo van a sacarle el apresto y va a abosrber mucho mejor. Por otro lado aclarar que al no haber pasado por proceso de lavado el pa&ntilde;o puede achicar, lavar con agua preferentemente fr&iacute;a, apto lavarropas y secarropas.&nbsp;</p>
<p>Este producto fue estampado con proceso de serigrafia, m&eacute;todo de estampa super artesanal.</p>
<p>Por otro lado usamos tinta al solvente para que la estampa con el uso cotidiano no se levante y perdure as&iacute; mucho mas en el tiempo, dicho eso, la pintura al solvente se seca con plancha de alta temperatura (mayor a 180&ordm;C) lo cual puede ocacionar peque&ntilde;as manchas amarillas alrededor de la estampa, tranqui, las mismas salen con el lavado, es solo que la pelusa mas superficial se quemo por la alta temperatura.&nbsp;</p>";;;;;SI;;;;;Visible
packx4-servilletas-crudo;Packx4 Servilletas Crudo;COCINA > MANTELES, COCINA > REPASADORES;;;;;;;12,500.00;;0.30;20.00;15.00;10.00;3;;;SI;NO;"<p><strong>Servilletas confeccionada en gasa pa&ntilde;alera pre-lavada, 100% algod&oacute;n. </strong></p>
<p>Vienen en pack de 4 unidades.</p>
<p><strong>Miden aproximadamente 37x27.</strong></p>
<p><strong>&iquest;Cuidados del producto?</strong> Al ser un articulo de algodon recomendamos que su lavado sea con agua fr&iacute;a, ya que el calor puede contraer la tela. Es apta lavarropas y secarropas. Secar a la sombra</p>";;;;;SI;;;;;Visible
funda-almohadon1;Funda almohadón GUILLE beige 70x50cm;LIVING > ALMOHADONES Y FUNDAS, BLACK DELUAR;;;;;;;13,500.00;;0.10;30.00;30.00;5.00;1;;;SI;NO;"<p>Funda de almohadon confeccionada en tusor premiun pre lavado cuadrille 100% algodon, su dorso es tipo sobre para poder introducir el relleno y el mismo esta confeccionado en tusor liviano, tambi&eacute;n 100% algod&oacute;n.</p>
<p><strong>Medidas: </strong>70x50cm</p>
<p><strong>Como recomendamos lavar? </strong>Al ser un producto 100% algod&oacute;n recomendamos poner un programa de lavado suave, delicado. El agua de lavado preferentemente fr&iacute;a o que la misma no supere los 30* ya que el agua caliente puede achicar el tejido.&nbsp;</p>
<p>Secado a la sombra</p>";;;;;SI;;;;;Visible
contenedor-laundry-13x35cm;Contenedor laundry 13x35cm;BAÑO > ARTICULOS PARA BAÑO, VARIOS;;;;;;;14,900.00;;0.10;35.00;13.00;2.00;8;;;SI;NO;"<p><strong>Contenedor confeccionado en gabardina de 8 Oz 100% algod&oacute;n con forro interno de tusor liviano 100% algod&oacute;n. Tiras de ambos lados en color negro y estampa.</strong></p>
<p>&iquest;Que puedo guardar? Lo que se te ocurra, botellones de jab&oacute;n liquido, suavizante (en la foto cada uno es de 2litros y sobra espacio), detergente, sepillos, lo que se te ocurra.</p>
<p>Cada contenedor es &uacute;nico y son estilo bien r&uacute;stico.&nbsp;</p>
<p>Mide aproximadamente <strong>13 cm de alto x 10 cm de profundidad x 35 cm de ancho.&nbsp;</strong></p>
<p>Tene en cuenta que al ser un articulo 100% algod&oacute;n el mismo tiene que lavare con agua fr&iacute;a, preferentemente a mano.&nbsp;</p>";;;;;SI;;;;;Visible
camino-mesa1;Camino de mesa SAONA 175x40cm;COCINA > CAMINO DE MESA;;;;;;;10,900.00;;0.10;25.00;15.00;3.00;0;;;SI;NO;"<p><strong>Camino de mesa SAONA</strong></p>
<p>Camino hecho en telar, su composici&oacute;n es 100% algod&oacute;n. <strong>Es hilo de algod&oacute;n combinado con hilos de pabilo.</strong></p>
<p>Te recordamos que las medidas son aproxiamdas y que al ser un producto que se elabora de manera artesanal puede tener diferencias entre s&iacute;. Sus medidas aproximadas son <strong>1,75X0,40cm</strong></p>
<p><strong>Cuidados de la misma:</strong> Al ser un producto 100% algod&oacute;n su cuidado debe ser lavado a mano preferentemente sino lavado en lavarropas en modo lavado a mano/lavado cuidado, lavado de lana, el agua preferentemente fr&iacute;a o no debe superar los 30&ordm;C y las revoluciones del centrifugado tienen que ser menores a 800, ya que al ser un producto de pabilo de algod&oacute;n puede deshilachar la costura y por consecuencia la tela un centrifugado fuerte. Secar a la sombra, no secar con calor ya que puede achicar.</p>";;;;;SI;;;;;Visible
camino-de-mesa-carmela-200x30cm;Camino de mesa CARMELA 200X30cm;COCINA > CAMINO DE MESA;;;;;;;10,900.00;;0.12;25.00;15.00;3.00;3;;;SI;NO;"<p><strong>Camino confeccionado en gasa pa&ntilde;alera doble tejido, 100% algod&oacute;n.&nbsp;</strong></p>
<p>Te recordamos que las medidas de los productos son aproximadas y que las mismas pueden variar ya que cada producto se corta y confeccionan de manera manual y artesanal uno a uno. Mide aproximadamente <strong>200x30cm</strong></p>
<p>Recomendaciones para cuidar el producto: Al ser un producto 100% algod&oacute;n recomendamos que los problemas de lavado sean suaves, delicados; que el agua de los mismos sean preferentemente fr&iacute;a o que la misma no supere los 30* ya que el calor puede achicar el tejido.&nbsp;</p>
<p>Secado a la sombra.</p>";;;;;SI;;;;;Visible
plato-rectangular-9x25cm-terrazo;Plato rectangular 9x25cm Terrazo;BAÑO > ARTICULOS PARA BAÑO, VELAS Y ACCESORIOS > Portavelas y Bandejas, BLACK DELUAR;;;;;;;8,500.00;;0.40;25.00;9.00;2.00;0;;;SI;NO;"<p style=""margin-top: 20px; margin-bottom: 20px; padding: 0px; border: 0px; outline: 0px; vertical-align: baseline; max-width: 100%; color: #434343; font-family: Roboto, sans-serif; font-size: 14px; background-color: #ffffff;"">Plato&nbsp;rectangular&nbsp;de 9&nbsp;cm x 25&nbsp;cm x 0,50&nbsp;cm de alto aproximado.</p>
<p style=""margin-top: 20px; margin-bottom: 20px; padding: 0px; border: 0px; outline: 0px; vertical-align: baseline; max-width: 100%; color: #434343; font-family: Roboto, sans-serif; font-size: 14px; background-color: #ffffff;"">Materiales: terrazo con piedras naturales</p>
<p style=""margin-top: 20px; margin-bottom: 20px; padding: 0px; border: 0px; outline: 0px; vertical-align: baseline; max-width: 100%; color: #434343; font-family: Roboto, sans-serif; font-size: 14px; background-color: #ffffff;"">*Los platos incluyen felpas autoadhesivas.</p>";;;;;SI;;;;;Visible
bandeja-rectangular-con-borde-terrazo-26x12cm;Bandeja Rectangular con borde Terrazo 26x12cm;COCINA > BAZAR > BANDEJAS - BOWLS - TABLAS, BAÑO, VELAS Y ACCESORIOS > Portavelas y Bandejas, BAJAMOS LOS PRECIOS! APROVECHÁ, BLACK DELUAR;;;;;;;21,500.00;;0.5;25.00;15.00;7.00;3;;;SI;NO;"<p>Bandeja rectangular&nbsp;con borde de 26&nbsp;x 12 x 4,50 cm de alto aproximado.</p>
<p>Medidas internas: 22,50 x 9,5 x 3 cm de alto</p>
<p>Materiales: terrazo con piedras naturales.<br />Color: Rosa&nbsp;</p>
<p><br />*Las bandejas cuentan con felpas autoadhesivas.</p>";;;;;SI;;;;;Visible
tupper-5-divisiones-cuadrado;Tupper 5 divisiones cuadrado;COCINA > BAZAR > BANDEJAS - BOWLS - TABLAS, COCINA > BAZAR > FRASCOS, BLACK DELUAR;;;;;;;9,800.00;;0.30;25.00;25.00;6.00;1;;;SI;NO;"<p><strong>Tupper 5 divisiones cuadrado</strong> Organiza tus comidas de manera pr&aacute;ctica y eficiente con nuestro <strong>Tupper de 5 divisiones cuadrado</strong>.</p>
<p>Con capacidad de <strong>2000 ml</strong> y medidas de <strong>23x23x6 cm</strong>, este tupper es ideal para almacenar diferentes alimentos sin mezclar sabores.</p>
<p>Su <strong>tapa gris</strong> garantiza un cierre herm&eacute;tico, manteniendo tus platos frescos por m&aacute;s tiempo.</p>
<p>Fabricado en <strong>pl&aacute;stico resistente</strong>, es perfecto para el uso diario y f&aacute;cil de limpiar. &iexcl;Optimiza tu cocina y disfruta de la comodidad que te ofrece este tupper!</p>";;;;;SI;;;;;Visible
setx4-copetineros-de-ceramica-negra-en-base-bamboo-con-cucharas;Setx4 copetineros de ceramica negra en base bamboo con cucharas;COCINA > BAZAR > BANDEJAS - BOWLS - TABLAS, DIA DEL PADRE;;;;;;;39,900.00;;0.75;30.00;8.00;9.00;2;;;SI;NO;"<p>Set x 4 copetineros de cer&aacute;mica negra en base de bamboo, Incluye cucharitas en color dorado. Idales para servir peque&ntilde;as porciones de salsas, aderezos u otros acompa&ntilde;amientos.<br /><br />Caracter&iacute;sticas:<br /><br />&middot; Medidas: base de 30 x 8 cm. Copetineros de 6,5 cm de alto x 5,5 cm de di&aacute;metro<br />&middot; Material: base de bamboo y copetineros de porcelana<br />&middot; Apto lavavajillas: s&iacute;<br />. Apto microondas: no<br />. Origen: China</p>";;;;;SI;;;;;Visible
mantel2;Mantel Impermeable antimanchas 250x150cm;COCINA > MANTELES, BLACK DELUAR;;;;;;;31,900.00;;0.40;30.00;20.00;2.00;2;;;SI;NO;"<p><strong>Mantel Antimanchas - Impermeable&nbsp;</strong></p>
<p><strong>Medidas: 250x150 cm</strong></p>
<p>Este mantel es el complemento ideal para cualquier mesa, ofreciendo una protecci&oacute;n eficaz contra manchas y derrames. Su dise&ntilde;o elegante se adapta a diversas decoraciones, aportando un toque moderno y sofisticado a tu hogar. F&aacute;cil de limpiar y mantener, es perfecto para uso diario o en ocasiones especiales.&nbsp;</p>";;;;;SI;;;;;Visible
mantel-antimanchas-250x150cm;Mantel Antimanchas 250x150cm;COCINA > MANTELES, BLACK DELUAR;Tamaño;2.50x1.50;;;;;31,900.00;;0.60;30.00;20.00;3.00;1;;;SI;NO;"<p><strong>Mantel Antimanchas </strong></p>
<p>Descubr&iacute; el <strong>Mantel Antimanchas</strong>, disponible en la medida:&nbsp;</p>
<p><strong>250x150 cm</strong></p>
<p>Tela Tropical.</p>
<p>Este mantel es el complemento ideal para cualquier mesa, ofreciendo una protecci&oacute;n eficaz contra manchas y derrames. Su dise&ntilde;o elegante se adapta a diversas decoraciones, aportando un toque moderno y sofisticado a tu hogar. F&aacute;cil de limpiar y mantener, es perfecto para uso diario o en ocasiones especiales.&nbsp;</p>";;;;;SI;;;;;Visible
guirnalda-microled-corcho-30-luces-3-metros-luz-calida;Guirnalda Microled Corcho 30 Luces 3 Metros Luz Cálida;LIVING > ILUMINACION, NAVIDAD;;;;;;;3,000.00;;0.02;5.00;5.00;5.00;17;;;SI;NO;"<p><strong>Guirnalda Microled Corcho 30 Luces 3 Metros Luz Cálida</strong></p>
<p>Ilumina tus espacios con esta elegante <strong>guirnalda de microled</strong>. Con 30 luces cálidas distribuidas a lo largo de <strong>3 metros</strong>, es perfecta para crear un ambiente acogedor en cualquier rincón de tu hogar. Su diseño con corcho no solo la hace <strong>estéticamente atractiva</strong>, sino también versátil, adaptándose a diversas decoraciones. Ideal para fiestas, eventos o simplemente para darle un toque especial a tu día a día. </p>
<p>¡Transformá tu hogar con esta hermosa guirnalda!</p>";led;;;;SI;;;;;Visible
individual-pvc-gris-rosado-38cm;Individual PVC Gris Rosado 38cm;COCINA > INDIVIDUALES, BLACK DELUAR;;;;;;;4,500.00;;0.10;35.00;15.00;5.00;3;;;SI;NO;"<p>Individual redondo polim&eacute;rico con trama, color gris rosado.<br />Su dise&ntilde;o lo hace ideal para dar un acento de color y protagonismo a una vajilla muy cl&aacute;sica o neutra.<br />Acompa&ntilde;a perfecto con copas cristalinas y cubiertos plateados.<br /><br />Caracter&iacute;sticas:<br /><br />. Medida: 38 cm de di&aacute;metro<br />. Material: PVC<br />. Apto lavavajillas: No</p>";;;;;SI;;;;;Visible
plato-chico-nube-jaspeado-beige;Plato chico Nube Jaspeado beige;COCINA > BAZAR > TAZAS Y PLATITOS;;;;;;;6,600.00;;0.20;14.00;14.00;1.00;4;;;SI;NO;"<p>Plato de cer&aacute;mica color beige jaspeado.</p>
<p>&nbsp;</p>
<p>Medidas: 13cm de diametro.&nbsp;</p>
<p>Material: Cer&aacute;mica</p>";;;;;SI;;;;;Visible
jarra-de-acrilico-1-5l-taskim;Jarra de acrílico 1.5L TASKIM;COCINA > BAZAR, HOT SALE;;;;;;;31,500.00;;0.60;30.00;10.00;10.00;1;;;SI;NO;"<p>Jarra realizada en acr&iacute;lico transparente. Material resistente de excelente calidad.<br />Dise&ntilde;o facetado con relieve que aporta armon&iacute;a y es ideal para vestir una mesa de estilo casual y fresca.<br /><br />Caracter&iacute;sticas:<br /><br />Material: acr&iacute;lico<br />Medidas: 9 cm de di&aacute;metro x 29 cm de alto<br />Capacidad: 1500 ml<br />Apto lavavajillas: si<br />Apto microondas: no</p>";;;;;SI;;;;;Visible
individual-amorfo-gris-31x40cm;Individual AMORFO gris 31x40cm;COCINA > INDIVIDUALES;;;;;;;10,500.00;;0.17;30.00;20.00;5.00;6;;;SI;NO;"<p>Individual polim&eacute;rico texturado con antideslizante, color gris medio.<br />Dise&ntilde;o s&iacute;mil cuero vacuno que, combinado con la base antideslizante, logra un producto de muy buena calidad y funcionalidad.<br />Ideal para el toque justo de innovaci&oacute;n a una vajilla cl&aacute;sica con copas cristalinas.<br /><br />Caracter&iacute;sticas:<br /><br />. Medida: 31x40 cm<br />. Material: Polipropileno - Caucho<br />. Apto lavavajillas: No</p>";;;;;SI;;;;;Visible
setx6-unid-copas-de-cristal-de-bohemia-sylvia-580ml;Setx6 unid - Copas de cristal de Bohemia SYLVIA 580ml;COCINA > BAZAR > VASOS - COPAS;;;;;;;64,900.00;;0.5;30.00;20.00;22.00;2;;;SI;NO;"<p>Set de copas de cristal de Bohemia.<br />Cristal de excelente calidad y l&iacute;der en el mercado. Dise&ntilde;o delicado, elegante y distinguido.<br />Ideales para combinar con vajilla de porcelana.<br /><br />Caracter&iacute;sticas:<br /><br />. Medidas: 22 x 7 cm de di&aacute;metro (boca)<br />. Capacidad: 580 ml<br />. Material: Cristal<br />. Apto lavavajillas: Si</p>";;;;;SI;;;;;Visible
pack-x6-plato-postre-sidney-blanco-22x20cm;Pack x6 - Plato Postre SIDNEY blanco 22x20cm;COCINA > BAZAR > CUBIERTOS - VAJILLA;;;;;;;33,900.00;;0.5;20.00;20.00;10.00;1;;;SI;NO;"<p>Pack x6 unidades - Plato de postre SIDNEY blanco 22x20cm</p>
<p>Vajilla realizada en cer&aacute;mica esmaltada color blanco.<br />Dise&ntilde;o de bandeja irregular y novedosa.&nbsp;<br /><br /><br />Caracter&iacute;sticas:<br /><br />Material: cer&aacute;mica<br />Medidas: 22 cm de largo x 20 cm de ancho<br />Apto lavavajillas: si<br />Apto microondas: si</p>";;;;;SI;;;;;Visible
frasco-de-vidrio-con-visor-golden-800ml;Frasco de vidrio con visor GOLDEN 800ml;COCINA > BAZAR > FRASCOS;;;;;;;7,500.00;;0.60;20.00;8.00;8.00;2;;;SI;NO;"<p>Frasco de vidrio grande con visor, cubierto en acero dorado y tapa a rosca. Esta linea de frascos es un cl&aacute;sico de siempre, que con su plus de color, le aporta gran distinci&oacute;n.<br /><br />Caracter&iacute;sticas:<br /><br />. Capacidad: 800 ml<br />&middot; Material: metal, vidrio y pl&aacute;stico<br />&middot; Apto lavavajillas: s&iacute;<br />. Apto microondas: no</p>";;;;;SI;;;;;Visible
arbol-50cm-champagne-snow-con-luz-led;Arbol 50cm Champagne Snow con luz LED;NAVIDAD;;;;;;;52,500.00;;0.35;0.50;0.15;15.00;1;;;NO;NO;"<p><strong>&Aacute;rbol 50cm Champagne Snow con luz LED</strong></p>
<p>Este encantador&nbsp;<strong>&aacute;rbol de Navidad</strong>&nbsp;de 50 cm es perfecto para iluminar tus celebraciones. Su dise&ntilde;o&nbsp;<strong>nevado</strong>&nbsp;crea un ambiente m&aacute;gico, mientras que la&nbsp;<strong>luz LED</strong>&nbsp;integrada a&ntilde;ade un toque de calidez.</p>
<p><em>Importante:</em>&nbsp;El &aacute;rbol&nbsp;<strong>no incluye pilas</strong>, as&iacute; que aseg&uacute;rate de tenerlas listas para disfrutar de su brillo.</p>
<p>Ideal para decorar cualquier rinc&oacute;n de tu hogar y compartir momentos inolvidables en familia.</p>";;;;;SI;;;;;Oculto
setx6-copas-labradas-de-vidrio-175ml;Setx6 copas labradas de vidrio 175ml;COCINA > BAZAR > VASOS - COPAS;;;;;;;32,900.00;;0.5;0.20;0.15;0.20;1;;;SI;NO;"<p><strong>Setx6 copas labradas de vidrio 175ml</strong></p>
<p>Este <strong>set de 6 copas labradas de vidrio</strong> de 175ml es la elecci&oacute;n perfecta para los amantes de la elegancia y la resistencia. Dise&ntilde;adas para ser <strong>super resistentes</strong>, estas copas no solo aportan un toque sofisticado a tu mesa, sino que tambi&eacute;n son ideales para el uso diario. Su acabado labrado les otorga un estilo &uacute;nico, haciendo que cada brindis sea especial.</p>";;;;;SI;;;;;Visible
arbol3;Pino navideño de madera - 40cm;NAVIDAD;;;;;;;22,800.00;;0.20;0.40;0.13;0.13;1;;;NO;NO;"<p><strong>Pino navideño de madera - 40cm</strong></p>
<p>Este encantador <strong>pino navideño de madera</strong> es el complemento perfecto para tus decoraciones festivas. Con una altura de <strong>40cm</strong> y un elegante <strong>color blanco</strong>, se adapta a cualquier estilo de hogar, aportando un toque de frescura y modernidad.</p>
<p>Su diseño en madera lo hace durable y fácil de integrar en tus decoraciones, ya sea en la sala, en la mesa o como parte de un centro de mesa. ¡Celebra la Navidad con estilo y elegancia!</p>";;;;;SI;;;;;Oculto
setx10-plato-de-sitio-rayas-plateado-34cm;Setx10 Plato de sitio Rayas Plateado 34cm;COCINA > INDIVIDUALES;;;;;;;8,900.00;;0.16;0.35;0.35;0.01;1;;;SI;NO;"<p><strong>Set de 10 Plato de Sitio Rayas Plateado 34cm</strong></p>
<p>Agrega un toque de elegancia a tus mesas con este <strong>set de 10 platos de sitio</strong> de 34 cm de diámetro. Fabricados en <strong>papel</strong>, presentan un diseño atractivo con <strong>rayas plateadas y blancas</strong> que realzan cualquier ocasión.</p>
<p>Ideal para fiestas, eventos o cenas familiares, estos platos son desechables, lo que facilita la limpieza después de la celebración. ¡No dudes en incorporar este set a tu próximo evento y sorprende a tus invitados!</p>";;;;;SI;;;;;Visible
bandeja-vintage-beige-23x16cm;Bandeja Vintage Beige 23x16cm;COCINA > BAZAR > BANDEJAS - BOWLS - TABLAS;;;;;;;15,500.00;;0.50;0.25;0.20;0.04;0;;;SI;NO;"<p style=""margin-top: 20px; margin-bottom: 20px; padding: 0px; border: 0px; outline: 0px; vertical-align: baseline; max-width: 100%; color: #434343; font-family: Montserrat, sans-serif; font-size: 14px; background-color: #ffffff;"">Bandeja Cer&aacute;mica Vintage Beige</p>
<p style=""margin-top: 20px; margin-bottom: 20px; padding: 0px; border: 0px; outline: 0px; vertical-align: baseline; max-width: 100%; color: #434343; font-family: Montserrat, sans-serif; font-size: 14px; background-color: #ffffff;"">Medidas: 23x16cm.</p>
<p style=""margin-top: 20px; margin-bottom: 20px; padding: 0px; border: 0px; outline: 0px; vertical-align: baseline; max-width: 100%; color: #434343; font-family: Montserrat, sans-serif; font-size: 14px; background-color: #ffffff;"">Esta bandeja es el detalle ideal para darle un toque especial a tus reuniones. Su dise&ntilde;o beige no solo es lindo, sino que tambi&eacute;n aporta un estilo &uacute;nico y artesanal que combina con cualquier decoraci&oacute;n.</p>
<p style=""margin-top: 20px; margin-bottom: 20px; padding: 0px; border: 0px; outline: 0px; vertical-align: baseline; max-width: 100%; color: #434343; font-family: Montserrat, sans-serif; font-size: 14px; background-color: #ffffff;"">Hecha de cer&aacute;mica, es perfecta para servir picadas, postres o como base para tus decoraciones.</p>";;;;;SI;;;;;Visible
cuchara-dorada-mango-simil-marmol-blanco;Cuchara dorada Mango símil mármol blanco;COCINA > BAZAR > CUBIERTOS - VAJILLA;;;;;;;3,800.00;;0.20;2.00;15.00;2.00;4;;;SI;NO;"<p><strong>Cuchara dorada Mango s&iacute;mil m&aacute;rmol blanco</strong></p>
<p>Medida: 12.5 cm.</p>
<p>Esta cuchara es el accesorio ideal para realzar la elegancia de tu mesa. Su dise&ntilde;o dorado combinado con mango de s&iacute;mil m&aacute;rmol blanco aporta un toque sofisticado que encantar&aacute; a tus invitados. Perfecta para servir postres o ensaladas, su material de alta calidad garantiza durabilidad y estilo.</p>
<p>A&ntilde;ad&iacute; un detalle distintivo a tus comidas y hac&eacute; que cada ocasi&oacute;n sea especial. &iexcl;No te quedes sin la tuya y transforma tus momentos en experiencias &uacute;nicas!</p>";;;;;SI;;;;;Visible
alfombra-mia-150x125cm-algodon;Manta/ Alfombra MIA 150x125cm algodón;LIVING > MANTAS, LIVING > ALFOMBRAS;;;;;;;38,000.00;;0.30;40.00;30.00;7.00;1;;;SI;NO;"<p><strong>Manta/Alfombra MIA 150x125cm algod&oacute;n</strong></p>
<p>La <strong>Alfombra MIA</strong> es la elecci&oacute;n perfecta para aquellos que buscan un toque de frescura y estilo en su hogar. Con unas dimensiones de <strong>150x125cm</strong>, esta alfombra es ideal para cualquier espacio, desde el sal&oacute;n hasta la habitaci&oacute;n.</p>
<p><strong>Material</strong>: Confeccionada en <strong>algod&oacute;n</strong>, ofrece una textura suave y c&oacute;moda, perfecta para caminar descalzo. Su dise&ntilde;o en <strong>entramado crudo y celeste</strong> a&ntilde;ade un aire de serenidad y elegancia a la decoraci&oacute;n.</p>
<p>Los <strong>pompones en las puntas</strong> no solo son un detalle encantador, sino que tambi&eacute;n aportan un toque l&uacute;dico y original. Esta alfombra no solo embellece, sino que tambi&eacute;n proporciona calidez y confort a tus ambientes.</p>
<p><strong>Consejo de cuidado</strong>: Para mantener su belleza, se recomienda aspirar regularmente y limpiar con un pa&ntilde;o h&uacute;medo.</p>
<p>&iexcl;No te pierdas la oportunidad de transformar tu hogar con la <strong>Alfombra MIA</strong>!</p>";;;;;SI;;;;;Visible
camino-de-mesa-crude-125x35cm;Camino de mesa CRUDE 175X45cm;COCINA > CAMINO DE MESA;;;;;;;10,900.00;;0.22;0.30;0.20;0.05;0;;;SI;NO;"<p><strong>Camino de mesa color crudo</strong></p>
<p>El <strong>camino de mesa</strong> en color crudo es la elecci&oacute;n ideal para quienes buscan un toque <strong>r&uacute;stico</strong> en su decoraci&oacute;n. Con medidas de <strong>175x45cm</strong>, este camino est&aacute; confeccionado en <strong>100% algod&oacute;n</strong>, lo que le otorga una textura suave y natural.</p>
<p>Los <strong>flecos en las puntas</strong> a&ntilde;aden un detalle encantador y distintivo. Perfecto para embellecer tu mesa en ocasiones especiales o en el d&iacute;a a d&iacute;a, este camino combina funcionalidad y estilo.</p>
<p>&iexcl;Incorpora este camino de mesa a tu hogar y transforma tu espacio!</p>";;;;;SI;;;;;Visible
alf2;Alfombra KELA 90x60cm algodón;DORMITORIO > ALFOMBRAS PARA SALIDA DE CAMA , LIVING > ALFOMBRAS, BLACK DELUAR;;;;;;;23,000.00;;0.50;30.00;20.00;5.00;1;;;SI;NO;"<h3>Alfombra KELA 90x60cm algodón</h3>
<p>La <strong>Alfombra KELA</strong> es una opción ideal para realzar la decoración de cualquier ambiente. Con unas medidas de <strong>90x60cm</strong>, esta alfombra está confeccionada en <strong>algodón</strong>, garantizando suavidad y comodidad al tacto.</p>
<p><strong>Diseño atractivo</strong>: Su bordado impreso le brinda un estilo único, convirtiéndola en un elemento decorativo versátil que se adapta a diferentes estilos de interiores. Además, cuenta con <strong>flecos en los costados</strong>, que aportan un toque artesanal y elegante.</p>
<p><strong>Funcionalidad</strong>: Perfecta para ubicar en el living, dormitorio o incluso en la entrada de tu hogar, la Alfombra KELA no solo embellece, sino que también ofrece una superficie acogedora para tus pies.</p>
<p><strong>Consejos de cuidado</strong>: Para mantener su belleza, se recomienda aspirar regularmente y limpiar las manchas con un paño húmedo.</p>
<p>Transforma tus espacios con la <strong>Alfombra KELA</strong> y disfruta de su estilo y calidad.</p>";;;;;SI;;;;;Visible
cesto-de-tela-combinado-32x28cm;Cesto de tela Combinado 32x28cm;DORMITORIO, LIVING, VARIOS, ORGANIZACIÓN, HOT SALE, BAJAMOS LOS PRECIOS! APROVECHÁ, BLACK DELUAR;;;;;;;30,000.00;;0.80;0.50;0.30;0.04;1;;;SI;NO;"<p><strong>Cesto de tela Combinado 32x28cm</strong></p>
<p>El <strong>Cesto de tela Combinado 32x28cm</strong> es la solución ideal para organizar tu espacio de manera elegante. Fabricado en <strong>soga</strong>, este cesto presenta un atractivo diseño en <strong>lila y blanco</strong>, perfecto para complementar la decoración de cualquier ambiente.</p>
<p>Con medidas de 32x28cm, es versátil y funcional, ideal para almacenar juguetes, ropa o cualquier objeto que necesite un lugar. </p>
<p><strong>Consejo de cuidado:</strong> Limpia con un paño húmedo para mantener su aspecto impecable. ¡Organiza tu hogar con estilo!</p>";;;;;SI;;;;;Visible
alfombra-rama-90x60cm-algodon;Alfombra RAMA 90x60cm algodón;DORMITORIO > ALFOMBRAS PARA SALIDA DE CAMA , LIVING > ALFOMBRAS, BLACK DELUAR;;;;;;;23,200.00;;0.55;30.00;24.00;5.00;3;;;SI;NO;"<p><strong>Alfombra RAMA 90x60cm algod&oacute;n</strong></p>
<p>La <strong>Alfombra RAMA</strong> es una pieza delicada que aportar&aacute; calidez y estilo a tu hogar. Con unas medidas de <strong>90x60 cm</strong>, es perfecta para cualquier rinc&oacute;n, desde la entrada hasta el sal&oacute;n.</p>
<p><strong>Material:</strong> Est&aacute; confeccionada en <strong>algod&oacute;n</strong>, lo que le proporciona una textura suave y agradable al tacto. Adem&aacute;s, su dise&ntilde;o incluye <em>hermosos flecos en las puntas</em>, que realzan su est&eacute;tica y la hacen destacar en cualquier ambiente.</p>
<p>Color: Verde musgo.</p>
<p>Esta alfombra no solo es un accesorio decorativo, sino tambi&eacute;n una soluci&oacute;n pr&aacute;ctica para a&ntilde;adir confort y estilo a tus espacios. Es ideal para combinar con estilos de decoraci&oacute;n variados, desde lo moderno hasta lo bohemio.</p>
<p><strong>Consejo de cuidado:</strong> Para mantener su belleza, se recomienda aspirar regularmente y limpiar con un pa&ntilde;o h&uacute;medo.</p>
<p>&iexcl;No dejes pasar la oportunidad de transformar tu hogar con la encantadora <strong>Alfombra RAMA</strong>!</p>";;;;;SI;;;;;Visible
alfombra-mar-80x50cm-algodon;Alfombra MAR 80x50cm algodón;DORMITORIO > ALFOMBRAS PARA SALIDA DE CAMA , LIVING > ALFOMBRAS, BLACK DELUAR;;;;;;;17,500.00;;0.50;25.00;20.00;5.00;2;;;SI;NO;"<p><strong>Alfombra MAR 80x50cm algodón</strong></p>
<p>La <strong>Alfombra MAR</strong> es una pieza delicada que transformará cualquier ambiente de tu hogar. Con unas medidas de 80x50cm, es perfecta para colocar en entradas, pasillos o como complemento decorativo en tu sala de estar.</p>
<p><strong>Material:</strong> Esta alfombra está confeccionada en algodón, lo que le otorga una suavidad excepcional y una textura agradable al tacto. Además, su diseño bordado en colores celeste y gris aporta un toque de frescura y modernidad.</p>
<p><strong>Estilo y Versatilidad:</strong> Su paleta de colores permite que se integre fácilmente en diferentes estilos de decoración, desde contemporáneo hasta clásico. No solo es un elemento estético, sino también funcional, ideal para realzar la calidez de tu hogar.</p>
<p><strong>Consejo de cuidado:</strong> Para mantener su belleza, se recomienda aspirar regularmente y limpiar las manchas con un paño húmedo.</p>
<p>Incorpora la <strong>Alfombra MAR</strong> a tu espacio y disfruta de su elegancia y confort.</p>";;;;;SI;;;;;Visible
frascos-de-vidrio-con-tapa-hermetica-bambu;Frascos de vidrio con tapa hermetica bambú;COCINA > BAZAR > FRASCOS, HOT SALE, BAJAMOS LOS PRECIOS! APROVECHÁ, BLACK DELUAR;Tamaño;S;;;;;18,000.00;;0.40;0.18;0.10;0.11;0;;;SI;NO;"<p><strong>Frascos de vidrio con tapa herm&eacute;tica de bamb&uacute;</strong></p>
<p>Descubre la elegancia y funcionalidad de nuestros <strong>frascos de vidrio con tapa herm&eacute;tica de bamb&uacute;</strong>. Ideales para almacenar alimentos, especias o peque&ntilde;os objetos, estos frascos son una adici&oacute;n perfecta para cualquier cocina o espacio de organizaci&oacute;n.</p>
<p><strong>Tama&ntilde;os disponibles:</strong> - <strong>Chico:</strong> 13x10 cm - <strong>Mediano:</strong> 16x10 cm - <strong>Grande:</strong> 28x10 cm</p>
<p>Fabricados con <strong>materiales resistentes</strong>, estos frascos garantizan una larga durabilidad y un sellado efectivo para mantener tus productos frescos. La tapa de bamb&uacute; no solo proporciona un cierre seguro, sino que tambi&eacute;n a&ntilde;ade un toque natural y moderno a tu decoraci&oacute;n.</p>
<p>Aprovech&aacute; la versatilidad de estos frascos para mantener tu hogar ordenado y estilizado. &iexcl;No te quedes sin los tuyos!</p>";bambu, frasco, hermetico, organizador;Frascos de vidrio con tapa de bambú hermética;Organizá tu hogar con frascos de vidrio con tapa hermética de bambú. Perfectos para alimentos y especias. ¡Comprá los tuyos y disfrutá de su elegancia!;;SI;;;;;Visible
frascos-de-vidrio-con-tapa-hermetica-bambu;;;Tamaño;M;;;;;21,000.00;;0.49;0.23;0.10;0.11;0;;;;;;;;;;;;;;;
frascos-de-vidrio-con-tapa-hermetica-bambu;;;Tamaño;L;;;;;24,000.00;;0.58;0.28;0.11;0.11;0;;;;;;;;;;;;;;;
frasco-piramide-de-vidrio-con-tapa-bambu;Frasco Piramide de vidrio con tapa bambu;COCINA > BAZAR > FRASCOS, BLACK DELUAR;Tamaño;S;;;;;12,000.00;;0.20;13.00;10.00;9.00;0;;;SI;NO;"<h3>Frasco Pir&aacute;mide de Vidrio con Tapa de Bamb&uacute;</h3>
<p><strong>&iexcl;Organiz&aacute; tu espacio con estilo!</strong> Este frasco pir&aacute;mide de vidrio es la soluci&oacute;n perfecta para mantener tus alimentos frescos y organizados. Disponible en dos tama&ntilde;os:</p>
<ul>
<li><strong>Chico:</strong> 10x7 cm</li>
<li><strong>Mediano:</strong> 12x8 cm</li>
</ul>
<p>Ambos modelos son <strong>herm&eacute;ticos</strong>, garantizando que tus productos se conserven en &oacute;ptimas condiciones, sin perder su frescura ni sabor.</p>
<p><strong>Caracter&iacute;sticas destacadas:</strong></p>
<ul>
<li><strong>Material:</strong> Vidrio de alta calidad con tapa de bamb&uacute;, que aporta un toque natural y elegante a tu cocina.</li>
<li><strong>Dise&ntilde;o funcional:</strong> Su forma piramidal permite un mejor aprovechamiento del espacio, ideal para despensas y mesas.</li>
</ul>
<p>Con estos frascos, no solo vas a tener un almacenamiento eficiente, sino que tambi&eacute;n <strong>decorar&aacute;s tu hogar</strong> de forma moderna y pr&aacute;ctica. &iexcl;No te quedes sin el tuyo!</p>";bambu, frasco, hermetico;Frasco Pirámide de Vidrio con Tapa de Bambú - Organiza con Estilo;Optimiza tu espacio con el frasco pirámide de vidrio. Hermético y elegante, disponible en dos tamaños. ¡Adquiérelo y dale un toque moderno a tu cocina!;;SI;;;;;Visible
frasco-piramide-de-vidrio-con-tapa-bambu;;;Tamaño;M;;;;;14,000.00;;0.20;13.00;10.00;9.00;1;;;;;;;;;;;;;;;
jarron-florero-dana-20x15cm;Jarrón/Florero DANA 20x15cm;LIVING > DECO - FLOREROS, NAVIDAD;;;;;;;19,900.00;;0.30;20.00;15.00;0.15;1;;;SI;NO;"<p><strong>Jarrón/Florero DANA 20x15cm</strong></p>
<p>Este elegante <strong>jarrón/florero DANA</strong> es el complemento perfecto para cualquier espacio de tu hogar. Con unas medidas de <strong>20x15 cm</strong>, su diseño moderno y minimalista permite resaltar la belleza de tus flores favoritas.</p>
<p><strong>Material</strong>: Fabricado en <strong>vidrio</strong>, este jarrón no solo ofrece un acabado brillante, sino que también asegura la durabilidad y resistencia que necesitas. Su superficie lisa facilita la limpieza y el mantenimiento.</p>
<p><strong>Versatilidad</strong>: Ideal para adornar mesas, estanterías o como centro de mesa en ocasiones especiales. Este jarrón se adapta a cualquier estilo decorativo, desde lo clásico hasta lo contemporáneo. </p>
<p>¡No te quedes sin embellecer tu hogar con el jarrón DANA y aporta un toque de frescura y elegancia a tus espacios!</p>";deco, florero, jarron;Jarrón/Florero DANA 20x15cm - Elegancia y Versatilidad;Descubre el jarrón/florero DANA 20x15cm, ideal para cualquier espacio. Dale frescura y estilo a tu hogar con su diseño moderno. ¡Compra ahora!;;SI;;;;;Visible
camino-de-mesa-aleli-de-gasa-beige-190x35cm;Camino de mesa ALELI de gasa BEIGE 190x35cm;COCINA > CAMINO DE MESA;;;;;;;11,500.00;;0.10;0.20;0.20;0.04;3;;;SI;NO;"<p><strong>Camino de mesa ALELI de gasa BEIGE 190x35cm</strong></p>
<p>A&ntilde;ade un toque de elegancia a tu mesa con el <strong>Camino de mesa ALELI</strong>, confeccionado en <strong>gasa pa&ntilde;alera pre-lavada</strong> y <strong>100% algod&oacute;n</strong>. Este hermoso camino no solo es un accesorio decorativo, sino que tambi&eacute;n aporta calidez y estilo a cualquier ambiente.</p>
<p><strong>Medidas</strong>: 190x35cm, perfectas para mesas de diferentes tama&ntilde;os. Recuerda que, por ser un producto artesanal, las medidas son aproximadas y pueden variar ligeramente.</p>
<p>Para el cuidado de tu camino, es importante lavarlo con <strong>agua fr&iacute;a</strong> o a una temperatura que no supere los <strong>30&ordm;C</strong>. Es apto para lavarropas, pero se recomienda secar preferentemente a la sombra para preservar su calidad.</p>
<p>Transforma tu comedor en un espacio acogedor y sofisticado con el camino ALELI. &iexcl;No te quedes sin el tuyo!</p>";;;;;SI;;;;;Visible
jarra-de-acrilico-negra-1-5l;Jarra de acrilico Negra 1.5L;COCINA > BAZAR, HOT SALE, BAJAMOS LOS PRECIOS! APROVECHÁ, BLACK DELUAR;;;;;;;31,500.00;;0.58;0.30;0.10;0.10;1;;;SI;NO;"<p><strong>Jarra de Acrílico Negra 1.5L</strong></p>
<p>Descubre nuestra elegante <strong>jarra de acrílico negra</strong>, diseñada para brindarte una experiencia premium en cada uso. Con una capacidad de <strong>1.5 litros</strong>, es perfecta para servir tus bebidas favoritas durante reuniones familiares o eventos especiales.</p>
<p><strong>Medidas:</strong> 30x10 cm
<strong>Material:</strong> Acrílico de alta calidad, resistente y duradero, ideal para uso diario. </p>
<p>Su diseño moderno y sofisticado no solo es funcional, sino que también aporta un toque de estilo a tu mesa. Además, la jarra es <strong>ligera y fácil de manejar</strong>, lo que la convierte en la elección perfecta para cualquier ocasión.</p>
<p><strong>Mantenimiento:</strong> Limpieza sencilla, apta para lavavajillas, lo que la hace práctica y conveniente.</p>
<p>No pierdas la oportunidad de añadir esta <strong>jarra de acrílico negra</strong> a tu colección. ¡Haz tu pedido ahora y transforma tus momentos en algo especial!</p>";;;;;SI;;;;;Visible
set-x4-individuales-negros-30x45cm;Set x4 Individuales negros 30x45cm;COCINA > INDIVIDUALES;;;;;;;19,900.00;;0.15;0.30;0.17;0.02;5;;;SI;NO;"<p><strong>SETX4 INDIVIDUALES</strong></p>
<p><strong>Material:</strong> Lavable, fabricados con tela antidesgarro de tapicer&iacute;a, garantizando resistencia y durabilidad. La terminaci&oacute;n est&aacute; cocida con doblez para una mayor calidad y presentaci&oacute;n.</p>
<p><strong>Medidas:</strong> Cada individual mide <strong>30x45cm</strong>, el tama&ntilde;o ideal para proteger y embellecer tu mesa durante las comidas.</p>
<p>Los <strong>individuales de tela de tapicer&iacute;a</strong> no solo son funcionales, sino que tambi&eacute;n aportan un toque decorativo a cualquier mesa. Su dise&ntilde;o grueso y resistente los convierte en una opci&oacute;n perfecta para el uso diario y ocasiones especiales.</p>
<p><strong>&iquest;C&oacute;mo lavarlos?</strong> Son aptos para lavarropas. Se recomienda usar un programa delicado para preservar su calidad y evitar da&ntilde;arlos.</p>
<p>Transforma tu comedor con este set de individuales, que combina estilo y practicidad. &iexcl;No te los pierdas!</p>";;;;;SI;;;;;Visible
mant-alfombra-tulum-200x175cm;Mant/Alfombra TULUM 200x175cm;LIVING > MANTAS, LIVING > ALFOMBRAS;;;;;;;29,900.00;;0.64;0.25;0.30;0.06;2;;;SI;NO;"<h2>Manta 100% Pabilo de Algod&oacute;n TULUM</h2>
<p><strong>Material:</strong> Confeccionada en telar, esta manta est&aacute; hecha 100% de pabilo de algod&oacute;n, lo que garantiza suavidad y calidad.</p>
<p><strong>Medidas:</strong> Aproximadamente 2,00 x 1,75 metros. Debido a su producci&oacute;n artesanal, puede haber ligeras variaciones en las dimensiones.</p>
<p>Color: Crudo con rayas en beige.&nbsp;</p>
<h3>&iquest;D&oacute;nde usarla?</h3>
<p>La manta TULUM es vers&aacute;til y se adapta a m&uacute;ltiples espacios. &Uacute;sala como: - Manta de sill&oacute;n - Cubre sill&oacute;n - Cubre cama de 2 plazas - Pie de cama - &iexcl;Incluso como alfombra!</p>
<h3>Cuidado y mantenimiento</h3>
<p>Para preservar su calidad, se recomienda: - <strong>Lavado a mano</strong> preferentemente. - Si usas lavarropas, selecciona el modo de lavado delicado, con agua fr&iacute;a (no superar los 30&deg;C). - Evita centrifugados fuertes (menos de 800 revoluciones). - <strong>Secar a la sombra</strong>, evitando el calor para prevenir el encogimiento.</p>
<p>&iexcl;Agrega un toque de calidez y estilo a tu hogar con la Manta TULUM!</p>";;;;;SI;;;;;Visible
manta-alfombra-petit-aurora-100x175cm;Manta/Alfombra Petit AURORA 100X175cm;LIVING > MANTAS, LIVING > ALFOMBRAS;;;;;;;19,500.00;;0.64;0.30;0.30;0.05;0;;;SI;NO;"<h3>Alfombra Petit AURORA</h3>
<p><strong>Material:</strong>&nbsp;100% algod&oacute;n, confeccionada en telar artesanal.&nbsp;<strong>Medidas:</strong>&nbsp;Aproximadamente 1,00 x 1,75 m.</p>
<p>La&nbsp;<strong>Alfombra Petit AURORA</strong>&nbsp;es la soluci&oacute;n perfecta para dar un toque acogedor a cualquier espacio de tu hogar. Su dise&ntilde;o vers&aacute;til permite usarla como:</p>
<ul>
<li>Manta de sill&oacute;n</li>
<li>Cubresill&oacute;n</li>
<li>Cubre cama de 2 plazas</li>
<li>Pie de cama</li>
<li>&iexcl;Incluso como alfombra!</li>
</ul>
<p>Recuerda que, al ser un producto elaborado de manera artesanal, las medidas pueden presentar peque&ntilde;as variaciones, lo que hace que cada pieza sea &uacute;nica.</p>
<h3>Cuidado de la alfombra</h3>
<p>Para preservar su calidad y textura, te recomendamos:</p>
<ul>
<li><strong>Lavado a mano</strong>&nbsp;preferentemente.</li>
<li>Si optas por lavar a m&aacute;quina, utiliza el modo de lavado a mano o delicado.</li>
<li>Temperatura del agua:&nbsp;<strong>preferentemente fr&iacute;a</strong>&nbsp;o que no supere los 30&ordm;C.</li>
<li>Centrifugado:&nbsp;<strong>menos de 800 revoluciones</strong>&nbsp;para evitar deshilachados.</li>
<li>Secar a la sombra, evitando el calor.</li>
</ul>
<p>No dejes pasar la oportunidad de tener esta hermosa alfombra en tu hogar. &iexcl;Transforma tus espacios con la&nbsp;<strong>Alfombra Petit AURORA</strong>!</p>";;;;;SI;;;;;Visible
alfombra-petit-lili-100x175cm;Alfombra Petit LILI 100X175cm;LIVING > MANTAS, LIVING > ALFOMBRAS;;;;;;;19,500.00;;0.55;0.30;0.20;0.05;2;;;SI;NO;"<h3>Alfombra Petit LILI</h3>
<p><strong>Material:</strong> 100% algod&oacute;n, confeccionada en telar artesanal. <strong>Medidas:</strong> Aproximadamente 1,00 x 1,75 m.</p>
<p>La <strong>Alfombra Petit LILI</strong> es la soluci&oacute;n perfecta para dar un toque acogedor a cualquier espacio de tu hogar. Su dise&ntilde;o vers&aacute;til permite usarla como:</p>
<ul>
<li>Manta de sill&oacute;n</li>
<li>Cubresill&oacute;n</li>
<li>Cubre cama de 2 plazas</li>
<li>Pie de cama</li>
<li>&iexcl;Incluso como alfombra!</li>
</ul>
<p>Recuerda que, al ser un producto elaborado de manera artesanal, las medidas pueden presentar peque&ntilde;as variaciones, lo que hace que cada pieza sea &uacute;nica.</p>
<h3>Cuidado de la alfombra</h3>
<p>Para preservar su calidad y textura, te recomendamos:</p>
<ul>
<li><strong>Lavado a mano</strong> preferentemente.</li>
<li>Si optas por lavar a m&aacute;quina, utiliza el modo de lavado a mano o delicado.</li>
<li>Temperatura del agua: <strong>preferentemente fr&iacute;a</strong> o que no supere los 30&ordm;C.</li>
<li>Centrifugado: <strong>menos de 800 revoluciones</strong> para evitar deshilachados.</li>
<li>Secar a la sombra, evitando el calor.</li>
</ul>
<p>No dejes pasar la oportunidad de tener esta hermosa alfombra en tu hogar. &iexcl;Transforma tus espacios con la <strong>Alfombra Petit LILI</strong>!</p>";;;;;SI;;;;;Visible
set-de-sushi;Set de sushi;COCINA > BAZAR > BANDEJAS - BOWLS - TABLAS, COCINA > BAZAR > CUBIERTOS - VAJILLA, BLACK DELUAR;;;;;;;20,900.00;;0.48;0.30;0.18;0.05;1;;;SI;NO;"<h2>Set de Sushi</h2>
<p>&iexcl;Disfruta de la experiencia de la gastronom&iacute;a japonesa en casa con nuestro <strong>Set de Sushi</strong>! Este elegante conjunto incluye todo lo que necesitas para servir y degustar tus platos favoritos.</p>
<h3>Contenido del Set:</h3>
<ul>
<li><strong>2 pares de palitos chinos</strong>: perfectos para disfrutar de tu sushi de manera aut&eacute;ntica.</li>
<li><strong>Bandeja de cer&aacute;mica</strong>: dise&ntilde;ada para presentar tus creaciones culinarias con estilo y elegancia.</li>
<li><strong>2 cuencos blancos</strong>: ideales para salsas o acompa&ntilde;amientos, complementando la presentaci&oacute;n de tu mesa.</li>
</ul>
<h3>Caracter&iacute;sticas:</h3>
<ul>
<li><strong>Material de alta calidad</strong>: la cer&aacute;mica garantiza durabilidad y un acabado atractivo.</li>
<li><strong>F&aacute;cil de limpiar</strong>: apto para lavarropas, lo que facilita su mantenimiento.</li>
</ul>
<p>Convierte cada comida en una ocasi&oacute;n especial con este <strong>Set de Sushi</strong>. &iexcl;No te lo pierdas y sorprende a tus invitados!</p>";;;;;SI;;;;;Visible
velador-torre-33x10cm;Velador TORRE 33X10cm;DORMITORIO, LIVING > ILUMINACION, HOT SALE, BAJAMOS LOS PRECIOS! APROVECHÁ, BLACK DELUAR;Color;Gris;;;;;28,000.00;;0.32;0.35;0.10;0.10;3;;;SI;NO;"<h3>Velador TORRE 33X10cm</h3>
<p>El <strong>Velador TORRE</strong> es la opci&oacute;n perfecta para iluminar tus espacios con estilo y funcionalidad. Con unas medidas de <strong>33X10cm</strong>, este velador es ideal para mesas de noche o rincones de lectura.</p>
<h4>Caracter&iacute;sticas:</h4>
<ul>
<li><strong>Material:</strong> Pl&aacute;stico resistente, garantizando durabilidad y ligereza.</li>
<li><strong>Colores disponibles:</strong> Gris, que se adaptan a cualquier decoraci&oacute;n.</li>
<li><strong>Nota:</strong> <em>No incluye foco</em>, lo que te permite elegir la luz que m&aacute;s se ajuste a tus necesidades.</li>
</ul>
<p>Este elegante velador no solo brinda luz, sino que tambi&eacute;n a&ntilde;ade un toque moderno a tu hogar. Su dise&ntilde;o minimalista lo convierte en un accesorio vers&aacute;til para cualquier ambiente, desde el dormitorio hasta el living.</p>
<p>&iexcl;No te pierdas la oportunidad de tener el <strong>Velador TORRE</strong> y transforma tu espacio con un toque de elegancia!</p>";;;;;SI;;;;13,670.00;Visible
canasto-seagrass-3-medidas;Canasto Seagrass chico;LIVING > YUTE - SEAGRASS, ORGANIZACIÓN, BLACK DELUAR;Talle;S;;;;;14,500.00;;0.10;0.15;0.15;0.15;1;;;SI;NO;"<p><strong>Canasto Seagrass&nbsp;</strong></p>
<p>Descubre la elegancia y funcionalidad de nuestro <strong>Canasto de Seagrass combinado con rosa</strong>. Este producto es ideal para organizar y decorar cualquier espacio de tu hogar.</p>
<p><strong>Medidas:</strong> - <strong>Chico:</strong> 13x14 cm</p>
<p>Cada canasto est&aacute; forrado en el interior con pl&aacute;stico, lo que lo hace perfecto para almacenar una variedad de objetos, desde juguetes hasta productos de ba&ntilde;o. Su dise&ntilde;o atractivo y colores suaves aportan un toque de calidez a tu decoraci&oacute;n.</p>
<p>&iexcl;No esperes m&aacute;s para a&ntilde;adir estilo y orden a tu hogar con estos hermosos canastos de seagrass!</p>";;;;;SI;;;;;Visible
jarron-florero-de-vidrio-13x15cm;Jarron/ Florero de vidrio 13x15cm;LIVING > DECO - FLOREROS, NAVIDAD;;;;;;;16,900.00;;0.45;0.20;0.15;0.10;4;;;SI;NO;"<p><strong>Jarr&oacute;n de vidrio</strong></p>
<p>Este elegante <strong>jarr&oacute;n de vidrio</strong> es el complemento perfecto para realzar la decoraci&oacute;n de cualquier espacio.</p>
<p>Con medidas de <strong>13x15 cm</strong>, es ideal para exhibir tus flores favoritas o simplemente como un elemento decorativo por s&iacute; solo.</p>
<p><strong>Material:</strong> Fabricado en vidrio de alta calidad, este jarr&oacute;n no solo es visualmente atractivo, sino que tambi&eacute;n es resistente y duradero.</p>
<p><strong>Versatilidad:</strong> Su dise&ntilde;o minimalista se adapta a diferentes estilos decorativos, desde lo contempor&aacute;neo hasta lo cl&aacute;sico, haciendo que sea una adici&oacute;n perfecta para tu hogar u oficina.</p>
<p><strong>Cuidado y mantenimiento:</strong> Se recomienda limpiar con un pa&ntilde;o suave y evitar productos abrasivos para preservar su brillo y claridad.</p>
<p>&iexcl;No pierdas la oportunidad de embellecer tu entorno con este jarr&oacute;n de vidrio &uacute;nico!</p>";copa vidrio, jarron, mesa;Jarrón de vidrio 13x15cm - Elegante y versátil;Embellece tu espacio con este jarrón de vidrio 13x15cm, ideal para flores o decoración. ¡Hazlo tuyo y transforma tu hogar hoy!;;SI;;;;4,948.00;Visible
vaso-organizador-para-cosmeticos-libreria;Vaso organizador para cosmeticos/libreria;VARIOS, ORGANIZACIÓN, BAJAMOS LOS PRECIOS! APROVECHÁ, BLACK DELUAR;;;;;;;6,800.00;;0.10;0.08;0.08;0.08;1;;;SI;NO;"<p><strong>Vaso Organizador para Cosméticos/Librería</strong></p>
<p><strong>Medidas:</strong> 8x8x9 cm
<strong>Material:</strong> Plástico duro</p>

<p>El <strong>Vaso organizador para cosméticos/librería</strong> es la solución perfecta para mantener tu espacio ordenado y estilizado. Con un diseño compacto de <strong>8x8x9 cm</strong>, se adapta fácilmente a cualquier rincón de tu hogar o lugar de trabajo. </p>
<p>Fabricado en <strong>plástico duro</strong>, este vaso garantiza durabilidad y resistencia, siendo ideal tanto para almacenar tus productos de belleza como para organizar útiles de escritorio. Su versatilidad lo convierte en un accesorio indispensable para optimizar tu organización diaria.</p>
<p><strong>Beneficios:</strong>
- <strong>Fácil de limpiar:</strong> Su material permite un mantenimiento sencillo, ideal para el uso diario.
- <strong>Estilo moderno:</strong> Aporta un toque contemporáneo a cualquier ambiente.</p>
<p>No pierdas la oportunidad de mejorar tu organización. ¡Hazte con tu vaso organizador hoy mismo y disfruta de un espacio más ordenado!</p>";;;;;SI;;;;;Visible
vela-de-soja-27x9cm;Vela de soja 27x9cm;VELAS Y ACCESORIOS > Velas , COMBOS PARA REGALAR, BLACK DELUAR;;;;;;;10,000.00;;0.29;0.27;0.09;0.02;1;;;SI;NO;"<p><strong>Vela de Soja con Aroma a Jazm&iacute;n - 27x9cm</strong></p>
<p>Disfruta de la <strong>tranquilidad y la elegancia</strong> que aporta nuestra Vela de Soja con Aroma a Jazm&iacute;n. Con unas medidas de <strong>27 cm de largo y 9 cm de ancho</strong>, esta vela es perfecta para cualquier rinc&oacute;n de tu hogar.</p>
<p>Fabricada con <strong>cera de soja</strong>, esta vela no solo es sostenible, sino que tambi&eacute;n ofrece una <strong>quemado limpio y prolongado</strong>. Su delicado aroma a jazm&iacute;n transformar&aacute; tu espacio en un refugio de paz y bienestar.</p>
<p>La <strong>base de madera</strong> complementa su dise&ntilde;o, brindando un toque natural y sofisticado. Ideal para iluminar tus momentos especiales o simplemente para relajarte despu&eacute;s de un largo d&iacute;a.</p>
<p><strong>&iexcl;No te pierdas la oportunidad de disfrutar de esta hermosa vela!</strong> Agrega un toque de aromaterapia a tu vida y transforma tu hogar con su fragancia envolvente.</p>";;;;;SI;;;;;Visible
sabana-look-144hilos-2-plazas-1-2;Sabana LOOK 144hilos 2 plazas 1/2;DORMITORIO > SABANAS Y AJUSTABLES > 2 1/2 - Queen;Color;Blanco;;;;;74,999.00;;0.5;30.00;23.00;10.00;1;;;SI;NO;"<p><strong>S&aacute;bana LOOK 144 hilos 2 1/2 Plazas</strong></p>
<p>&iexcl;Transform&aacute; tu dormitorio con la S&aacute;bana LOOK de 144 hilos! Este juego de s&aacute;banas lisas, confeccionado en <strong>100% algod&oacute;n</strong>, te asegura una suavidad y comodidad incomparables para tus noches de descanso.</p>
<p><strong>Medidas</strong>: 2 plazas y media</p>
<p>- Superior: <strong>230x255 cm</strong></p>
<p>- Ajustable: <strong>215x245 cm</strong></p>
<p>- Fundas de Almohada: <strong>2 fundas de 50x85 cm</strong></p>
<p>Dise&ntilde;ada para colchones de <strong>160 x 190 x 25 cm</strong>, su embozo y vivo aportan un toque de elegancia a tu cama. Ideal para quienes buscan un estilo b&aacute;sico pero con calidad premium.</p>
<p>&nbsp;</p>
<p>No te quedes sin esta opci&oacute;n que combina <strong>practicidad y confort</strong>. &iexcl;Renov&aacute; tu espacio y disfrut&aacute; de un descanso placentero cada noche!</p>";2 plazas, juego de sabanas, sabana;Sábana LOOK 144 hilos 2 plazas 1/2 - Algodón Premium;Transformá tu descanso con la Sábana LOOK 144 hilos. Suave y elegante, confeccionada en 100% algodón. ¡Renová tu dormitorio hoy mismo!;;SI;;;;36,497.00;Visible
sabana-platinum-700h-1-1-2;Sabana PLATINUM 700H 1 1/2;DORMITORIO > SABANAS Y AJUSTABLES > 1 1/2;;;;;;;49,900.00;;0.5;27.00;23.00;10.00;2;;;SI;NO;"<h1>Juego De S&aacute;banas 700H con Embozo y Vivo</h1>
<p>&iexcl;Transform&aacute; tu dormitorio en un oasis de confort con nuestro&nbsp;Juego de S&aacute;banas 700H! Dise&ntilde;ado especialmente para quienes buscan calidad y elegancia, este set est&aacute; compuesto al&nbsp;100% de microfibra High Quality, ofreciendo un&nbsp;tacto super suave&nbsp;que recuerda a la&nbsp;piel de durazno.</p>
<h3>Medida 1 PLAZA Y MEDIA</h3>
<p>Superior: 180 x 265 cm</p>
<p>Ajustable 240 x 265 cm - Para colchon de: 100 x 200 + 30 cm</p>
<p>1 Funda de 50 x 80 cm</p>
<p>&nbsp;</p>
<p>Color: BEIGE</p>
<p>Con un embozo con triple fest&oacute;n bordado, estas s&aacute;banas lisas no solo son pr&aacute;cticas, sino que tambi&eacute;n le aportan un toque de distinci&oacute;n a tu cama. &iexcl;No te quedes sin el tuyo y disfrut&aacute; de noches placenteras y llenas de estilo!</p>";1 PLAZA, CHICA, juego de sabanas, sabana;Sabana PLATINUM 700H 1 1/2 - Suave y Elegante;Descubrí el confort de nuestras Sábanas 700H. Confeccionadas en microfibra, brindan un toque suave y elegante. ¡Transformá tu cama hoy!;;SI;;;;26,644.00;Visible
sabana-platinum-700h-queen-blanco;Sabana PLATINUM 700H Queen blanco;DORMITORIO > SABANAS Y AJUSTABLES > 2 1/2 - Queen;;;;;;;65,900.00;;0.5;27.00;23.00;10.00;3;;;SI;NO;"<h1>Juego De S&aacute;banas 700H con Embozo y Vivo</h1>
<p>&iexcl;Transform&aacute; tu dormitorio en un oasis de confort con nuestro&nbsp;Juego de S&aacute;banas 700H! Dise&ntilde;ado especialmente para quienes buscan calidad y elegancia, este set est&aacute; compuesto al&nbsp;100% de microfibra High Quality, ofreciendo un&nbsp;tacto super suave&nbsp;que recuerda a la&nbsp;piel de durazno.</p>
<h3>Medida QUEEN:&nbsp;</h3>
<ul>
<li>Superior:&nbsp;240 x 265 cm</li>
<li>Ajustable:&nbsp;235 x 275 cm (ideal para colchones de hasta 160 x 200 + 30 cm)</li>
<li>2 Fundas de 50 x 80 cm</li>
</ul>
<p>Color: BLANCO</p>
<p>Con un&nbsp;embozo con triple fest&oacute;n bordado, estas s&aacute;banas lisas no solo son pr&aacute;cticas, sino que tambi&eacute;n le aportan un toque de distinci&oacute;n a tu cama. &iexcl;No te quedes sin el tuyo y disfrut&aacute; de noches placenteras y llenas de estilo!</p>";juego de sabanas, queen, sabana;Sabana PLATINUM 700H Queen Blanco - Confort y Elegancia;Descubrí el Juego de Sábanas 700H Platinum. Suaves, elegantes y con embozo bordado. ¡Transformá tu dormitorio y disfrutá de noches placenteras!;;SI;;;;35,122.00;Visible
sabana-platinum-700h-queen;Sabana PLATINUM 700H Queen;DORMITORIO > SABANAS Y AJUSTABLES > 2 1/2 - Queen;;;;;;;65,900.00;;0.5;27.00;23.00;10.00;3;;;SI;NO;"<h1>Juego De S&aacute;banas 700H con Embozo y Vivo</h1>
<p>&iexcl;Transform&aacute; tu dormitorio en un oasis de confort con nuestro Juego de S&aacute;banas 700H! Dise&ntilde;ado especialmente para quienes buscan calidad y elegancia, este set est&aacute; compuesto al 100% de microfibra High Quality, ofreciendo un tacto super suave que recuerda a la piel de durazno.</p>
<h3>Medida QUEEN:&nbsp;</h3>
<ul>
<li>Superior: 240 x 265 cm</li>
<li>Ajustable: 235 x 275 cm (ideal para colchones de hasta 160 x 200 + 30 cm)</li>
<li>2 Fundas de 50 x 80 cm</li>
</ul>
<p>Color: AZUL&nbsp;</p>
<p>Con un embozo con triple fest&oacute;n bordado, estas s&aacute;banas lisas no solo son pr&aacute;cticas, sino que tambi&eacute;n le aportan un toque de distinci&oacute;n a tu cama. &iexcl;No te quedes sin el tuyo y disfrut&aacute; de noches placenteras y llenas de estilo!</p>";juego de sabanas, queen, sabana;Juego de Sábanas PLATINUM 700H Queen - Elegancia y Confort;Disfrutá de la suavidad de las Sábanas PLATINUM 700H Queen. Ideal para tu descanso, ¡compralas ahora y transformá tu dormitorio!;;SI;;;;35,122.00;Visible
alfombra-teca-60x110cm;Alfombra TECA 60X110cm;DORMITORIO > ALFOMBRAS PARA SALIDA DE CAMA , LIVING > ALFOMBRAS;;;;;;;23,000.00;;0.5;30.00;30.00;7.00;2;;;SI;NO;"<p>Alfombra TECA</p>
<p>Medidas: 60X110cm</p>
<p>Es el toque que tu hogar necesita. Con su atractivo color crudo y rayas negras, se adapta a cualquier ambiente, desde el m&aacute;s moderno hasta el m&aacute;s cl&aacute;sico.</p>
<p>Est&aacute; hecha en telar autom&aacute;tico, lo que garantiza una calidad m&aacute;s excepcional y durabilidad. Ideal para el living, la habitaci&oacute;n o incluso la entrada, esta alfombra no solo aporta calidez, sino que tambi&eacute;n es f&aacute;cil de limpiar y mantener.&nbsp;</p>";;Alfombra TECA 60X110cm: Elegancia y Durabilidad;Descubre la Alfombra TECA 60X110cm, ideal para dar estilo a tu hogar. Fácil de limpiar y perfecta para cualquier ambiente. ¡Compra la tuya hoy!;;SI;;;;7,390.00;Visible
alfombra-juana-petit-170x95cm;Alfombra JUANA PETIT 170X95CM;DORMITORIO > PIE DE CAMA Y MANTAS , LIVING > MANTAS, LIVING > ALFOMBRAS;;;;;;;19,500.00;;0.60;25.00;20.00;6.00;1;;;SI;NO;"<p>La Alfombra JUANA es el complemento ideal para darle vida a tu espacio. <br /><br /></p>
<p>Medidas: 170x95cm</p>
<p>Color gris con rayas blancas, esta alfombra est&aacute; hecha 100% de algod&oacute;n, brindando suavidad y confort a tus pies. <br /><br />Fabricada en telar autom&aacute;tico, garantiza calidad y durabilidad, convirti&eacute;ndola en una opci&oacute;n pr&aacute;ctica y estilosa para cualquier ambiente de tu hogar. <br /><br />Su dise&ntilde;o moderno se adapta a cualquier decoraci&oacute;n, ya sea en el living, el dormitorio o la cocina. <br /><br /><br /></p>";ALFOMBRA, MANTA, PIE DE CAMA;Alfombra JUANA PETIT 170x95cm: Estilo y Confort;Transforma tu hogar con la Alfombra JUANA PETIT 170x95cm. Disfruta de su suavidad y diseño moderno. ¡Añádela a tu carrito y renueva tu espacio!;;SI;;;;;Visible
contenedor-bathroom;Contenedor Bathroom;BAÑO > ARTICULOS PARA BAÑO, BAÑO > CESTOS PARA BAÑO , ORGANIZACIÓN, PRODUCTOS PARA APROVECHAR;;;;;;;14,900.00;;0.08;20.00;13.00;2.00;9;;;SI;NO;"<p>El Contenedor Bathroom de 40x13cm es el complemento ideal para mantener tu ba&ntilde;o ordenado y con estilo. <br /><br />Fabricado en un material crudo, este contenedor cuenta con manijas negras que le aportan un toque moderno y original. <br /><br />Su tama&ntilde;o pr&aacute;ctico te permite almacenar todo lo que necesites, desde productos de higiene hasta toallas peque&ntilde;as, sin que se vea desordenado. <br /><br />Es perfecto para cualquier decoraci&oacute;n, ya sea minimalista o m&aacute;s colorida, adapt&aacute;ndose a tus necesidades. <br /><br />No dejes pasar la oportunidad de sumar este elemento funcional a tu ba&ntilde;o y disfrutar de un espacio m&aacute;s organizado!</p>";BANO, cesto, contenedor, papel higienico;Contenedor Bathroom 40x13cm - Estilo y Orden;Mantén tu baño ordenado con el Contenedor Bathroom. Ideal para productos de higiene y toallas. ¡Aprovecha y transforma tu espacio hoy mismo!;;SI;;;;5,500.00;Visible
camino-de-mesa-aleli-de-gasa-190x35cm;Camino de mesa ALELI de gasa 190x35cm;COCINA > CAMINO DE MESA;;;;;;;11,500.00;;0.09;20.00;12.00;3.00;4;;;SI;NO;"<p>El Camino de mesa ALELI de gasa</p>
<p>Medidas: 190x35cm, es cual lo hace perfecto para mesas grandes o peque&ntilde;as</p>
<p>Dale ese toque ideal para darle un aire fresco y elegante a tu comedor. Confeccionado en suave gasa, su color gris combina a la perfecci&oacute;n con cualquier decoraci&oacute;n, ya sea moderna o cl&aacute;sica.</p>";camino de mesa, gasa, gris;Camino de mesa ALELI de gasa 190x35cm elegante;El Camino de mesa ALELI de gasa 190x35cm aporta frescura y elegancia. Ideal para cualquier decoración. ¡Transforma tu comedor hoy mismo!;;SI;;;;3,500.00;Visible
funda-para-bidon-de-agua;Funda para bidon de agua;COCINA > BAZAR > ORGANIZACION COCINA, PRODUCTOS PARA APROVECHAR;;;;;;;11,500.00;;0.12;20.00;20.00;2.00;9;;;SI;NO;"<p>La Funda para Bid&oacute;n de Agua</p>
<p>Impreso con Estampa</p>
<p>Es el complemento ideal para mantener tu bid&oacute;n protegido y estilizado. Hecha al 100% de algod&oacute;n, esta funda en color crudo es suave al tacto y resistente al uso diario, garantizando durabilidad y funcionalidad, dandole un toque especial a tu bid&oacute;n.</p>";bidon, funda, funda bidon;Funda para Bidón de Agua de Algodón Estilizada;Protege y estiliza tu bidón con nuestra funda de algodón 100%. Suave, durable y perfecta para el uso diario. ¡Compra la tuya ahora!;;SI;;;;3,900.00;Visible
bandeja-ceramica-jaspeada-23x16cm;Bandeja Ceramica jaspeada 23x16cm;COCINA > BAZAR > BANDEJAS - BOWLS - TABLAS, VELAS Y ACCESORIOS;;;;;;;15,500.00;;0.48;23.00;0.16;0.02;1;;;SI;NO;"<p>Bandeja Cer&aacute;mica jaspeada</p>
<p>Medidas: 23x16cm.</p>
<p>Esta bandeja es el detalle ideal para darle un toque especial a tus reuniones. Su dise&ntilde;o beige jaspeado no solo es lindo, sino que tambi&eacute;n aporta un estilo &uacute;nico y artesanal que combina con cualquier decoraci&oacute;n.</p>
<p>Hecha de cer&aacute;mica, es perfecta para servir picadas, postres o como base para tus decoraciones.</p>";BANDEJA, ceramica;Bandeja Cerámica Jaspeada 23x16cm | Estilo Único;Descubre la Bandeja Cerámica jaspeada 23x16cm, ideal para picadas y postres. Añade un toque artesanal a tus reuniones. ¡Compra ahora!;;SI;;;;2,610.00;Visible
cesta-yute-24-5x15-5cm;Cesta YUTE 24.5X15.5cm;LIVING > YUTE - SEAGRASS, BAÑO > CESTOS PARA BAÑO , VARIOS, ORGANIZACIÓN, BLACK DELUAR;;;;;;;23,500.00;;0.32;0.24;0.15;0.10;1;;;SI;NO;"<p>Cesta de YUTE</p>
<p>Medidas: 24.5x15x9.5cm.</p>
<p>Ideal para organizar y darle un toque r&uacute;stico a tu hogar.</p>
<p>Con sus manijas, es s&uacute;per pr&aacute;ctica para moverla de un lado a otro sin complicaciones. Perfecta para guardar desde accesorios de cocina hasta peque&ntilde;os objetos del d&iacute;a a d&iacute;a. Su dise&ntilde;o vers&aacute;til se adapta a cualquier rinc&oacute;n, combinando funcionalidad y estilo.&nbsp;</p>
<p>&nbsp;</p>
<p>&iexcl;Animate a sumar esta hermosa cesta a tu decoraci&oacute;n y disfrut&aacute; de un espacio m&aacute;s ordenado y con onda!</p>";CANASTO, cesto, MANIJA, ORGANIZACION, YUTE;Cesta de Yute 24.5x15.5cm: Organización con Estilo;Descubrí la Cesta de Yute 24.5x15.5cm, ideal para organizar con estilo. Práctica y versátil, ¡sumala a tu hogar y disfrutá de un espacio ordenado!;;SI;;;;8,500.00;Visible
funda-almohadon-45x45cm-pelo;Funda almohadon 45x45cm pelo;LIVING > ALMOHADONES Y FUNDAS;Color;Blanco;;;;;12,500.00;;0.07;0.00;0.00;0.00;1;;;SI;NO;"<p>Funda almohadon de pelo sintetico.&nbsp;</p>
<p>&nbsp;</p>
<p>Medidas: 45x45cm&nbsp;</p>
<p>Colores: Beige - Blanco - Gris claro&nbsp; - Gris oscuro - Negro&nbsp;</p>";almohada, almohadon, funda, funda almohadon, pelito, pelo;Funda Almohadón 45x45cm Pelo Sintético Multicolor;Descubre nuestra funda de almohadón de pelo sintético de 45x45cm. Disponible en beige, blanco, gris claro y oscuro. ¡Renueva tu decoración hoy!;;SI;;;;;Visible
funda-almohadon-45x45cm-pelo;;;Color;Gris;;;;;12,500.00;;0.07;0.00;0.00;0.00;2;;;;;;;;;;;;;;;
funda-almohadon-45x45cm-pelo;;;Color;Plata;;;;;12,500.00;;0.07;0.00;0.00;0.00;2;;;;;;;;;;;;;;;
funda-almohadon-45x45cm-pelo;;;Color;Negro;;;;;12,500.00;;0.07;0.00;0.00;0.00;1;;;;;;;;;;;;;;;
trapo-piso-con-estampa-sweet-home;Trapo piso con estampa SWEET HOME;COCINA > REPASADORES, VARIOS;;;;;;;5,500.00;;0.00;0.20;0.20;0.02;3;;;SI;NO;"<p>Trapo de piso con estampa ""SWEET HOME""</p>
<p>&nbsp;</p>
<p>Medidas: 48x60cm&nbsp;</p>
<p>Material: Algod&oacute;n&nbsp;</p>";ALFOMBRA, piso, trapo, trapo de piso;Trapo Piso Estampa SWEET HOME - Algodón 48x60cm;Descubre el trapo de piso SWEET HOME, de algodón y medidas 48x60cm. Ideal para mantener tu hogar limpio y con estilo. ¡Compra el tuyo ahora!;;SI;;;;;Visible
alfombra-gray-45x70cm;Alfombra GRAY 45x70cm;LIVING > ALFOMBRAS;;;;;;;17,900.00;;0.50;0.36;0.25;0.03;4;;;SI;NO;"<p>Alfombra hecha en telar automatico.&nbsp;</p>
<p>&nbsp;</p>
<p>Material: 100% algod&oacute;n&nbsp;</p>
<p>Medidas: 45x70cm</p>
<p>Color: Crudo con rayas negras.</p>";ALFOMBRA, telar;Alfombra GRAY 45x50cm de Algodón con Rayas Negras;Descubre la Alfombra GRAY 45x50cm, hecha en 100% algodón. Ideal para decorar tu hogar con estilo. ¡Compra ahora y transforma tu espacio!;;SI;;;;5,450.00;Visible
cuchara-hojas-doradas;Cuchara hojas doradas;COCINA > BAZAR > CUBIERTOS - VAJILLA;Tamaño;corta;;;;;2,800.00;;0.01;0.00;0.00;0.00;4;;;SI;NO;"<p>Cuchara para T&eacute;/Caf&eacute; con Detalle en Hojas</p>
<p>Medidas: Corta 12.5 cm</p>
<p>Larga 16.5 cm.</p>
<p>Dale un toque de elegancia a tu hora del t&eacute; o caf&eacute; con esta hermosa cuchara dorada. Su dise&ntilde;o con detalle en hoja no solo es un deleite para la vista, sino que tambi&eacute;n es perfecta para mezclar y servir tus infusiones favoritas. Hecha con materiales de calidad, su brillo dorado har&aacute; que cada sorbo sea especial. Ideal para esos momentos de relax o para impresionar a tus invitados.</p>
<p>&iexcl;Sum&aacute; un toque de distinci&oacute;n a tu mesa con esta cuchara que combina funcionalidad y estilo! No te quedes sin la tuya, &iexcl;es un must-have para todo amante del t&eacute; y el caf&eacute;!</p>";cuchara, cuchara dorada, hojas;Cuchara Hojas Doradas para Té y Café Elegante;Descubre la cuchara hojas doradas para té y café. Su diseño elegante y funcionalidad son perfectos para cualquier ocasión. ¡Hazla tuya y aporta estilo!;;SI;;;;;Visible
cuchara-hojas-doradas;;;Tamaño;larga;;;;;3,100.00;;0.01;0.00;0.00;0.00;9;;;;;;;;;;;;;;;
plato-playo-15cm;Plato playo 15cm;COCINA > BAZAR > TAZAS Y PLATITOS;;;;;;;4,900.00;;0.24;0.10;0.15;0.10;10;;;SI;NO;"<p>Plato playo de cer&aacute;mica</p>
<p>Medidas: 15 cm de di&aacute;metro.</p>
<p>Este plato playo de cer&aacute;mica en color blanco es un b&aacute;sico que no puede faltar en tu mesa. Su dise&ntilde;o sencillo y elegante lo hace perfecto para cualquier ocasi&oacute;n, desde una cena &iacute;ntima hasta una reuni&oacute;n con amigos.</p>
<p>Ideal para servir aperitivos, ensaladas o postres, &iexcl;se adapta a todo!</p>
<p>Adem&aacute;s, la cer&aacute;mica le aporta durabilidad y un toque de sofisticaci&oacute;n.</p>
<p>Su tama&ntilde;o compacto facilita el apilamiento y el almacenamiento. Dale un giro a tu presentaci&oacute;n de platos y hac&eacute; que cada comida sea especial. &iexcl;Sum&aacute; este plato a tu colecci&oacute;n y disfrut&aacute; de su versatilidad en cada comida!</p>";ceramica, plato playo;Plato Playo de Cerámica 15cm - Elegante y Versátil;Descubrí el Plato Playo de Cerámica de 15cm, ideal para aperitivos y postres. ¡Añadí elegancia a tu mesa y disfrutá de su versatilidad en cada comida!;;SI;;;;1,400.00;Visible
vaso-mareado-para-whisky-185ml;Vaso Mareado para Whisky 185ml;COCINA > BAZAR > VASOS - COPAS, DIA DEL PADRE;Modelo;Rayas;;;;;5,200.00;;0.28;7.00;7.00;7.00;0;;;SI;NO;"<p>Vaso Mareado para Whisky</p>
<p>Vaso bolero&nbsp;</p>
<p>&nbsp;</p>
<p>Material: Vidrio</p>
<p>Medidas: 7x7cm&nbsp;</p>
<p>Capacidad: 185ml&nbsp;</p>
<p>&nbsp;</p>";labrado, mareado, vaso, whisky;Vaso Mareado para Whisky 185ml de Vidrio - Elegante;Disfruta tu whisky en nuestro vaso mareado de 185ml. Hecho de vidrio de alta calidad, ideal para cualquier ocasión. ¡Haz tu compra ahora!;;SI;;;;;Visible
vaso-mareado-para-whisky-185ml;;;Modelo;Hielo;;;;;5,200.00;;0.28;7.00;7.00;7.00;3;;;;;;;;;;;;;;;
pano-secaplatos-38x51cm;Paño secaplatos 38x51cm;COCINA > BAZAR > SECAPLATOS ;Color;Marrón;;;;;9,500.00;;0.08;20.00;10.00;2.00;6;;;SI;NO;"<p>El Pa&ntilde;o Secaplatos de 38x51cm es el aliado perfecto para tu cocina.</p>
<p>Est&aacute; hecho de poli&eacute;ster, un material resistente y f&aacute;cil de limpiar, que har&aacute; que secar tus platos sea un paseo.</p>
<p>Su dise&ntilde;o en tonos gris y beige le da un toque moderno y elegante a tu mesada, combinando con cualquier estilo. Ideal para absorber la humedad y mantener tus platos en perfectas condiciones, este pa&ntilde;o es un must-have que no puede faltar en tu hogar. &iexcl;Sumalo a tu kit de limpieza y disfrut&aacute; de una cocina m&aacute;s ordenada y con estilo!</p>";cocina, repasador, secaplatos;Paño Secaplatos 38x51cm - Elegante y Absorbente;Descubre el Paño Secaplatos 38x51cm, ideal para tu cocina. Su diseño moderno y material resistente facilitan el secado de platos. ¡Añádelo hoy!;;SI;;;;;Visible
pano-secaplatos-38x51cm;;;Color;Negro;;;;;9,500.00;;0.08;20.00;10.00;2.00;7;;;;;;;;;;;;;;;
pano-secaplatos-38x51cm;;;Color;Gris;;;;;9,500.00;;0.08;20.00;10.00;2.00;6;;;;;;;;;;;;;;;
cesto-combinado-chico;Cesto Combinado 20x17cm;LIVING > YUTE - SEAGRASS, VARIOS, ORGANIZACIÓN, BLACK DELUAR;;;;;;;37,500.00;;0.20;0.20;0.25;0.20;1;;;SI;NO;"<p>Cesto Combinado&nbsp;</p>
<p>&nbsp;</p>
<p>Medidas: 20x17cm (Alto x ancho)</p>
<p>Fibras naturales.</p>";;;;;SI;;;;12,500.00;Visible
alfombra-olga-160x195;Alfombra OLGA 160X195;LIVING > MANTAS, LIVING > ALFOMBRAS;;;;;;;29,900.00;;0.5;40.00;30.00;5.00;3;;;SI;NO;"<p>Alfombra liviana rustica</p>
<p>&nbsp;</p>
<p>Material: 100% algod&oacute;n&nbsp;</p>
<p>Medidas: 160x195cm</p>
<p>&nbsp;</p>
<p>APTA LAVARROPAS. ACONSEJAMOS EN PROGRAMA DE ROPA DELICADA Y AGUA FRIA. NO UTILIZAR QUITAMANCHAS</p>";;;;;SI;;;;11,150.00;Visible
bandeja-rectangular-yute-varios-tamanos;Bandeja Rectangular YUTE Varios tamaños;COCINA, LIVING > YUTE - SEAGRASS, VARIOS, ORGANIZACIÓN;Tamaño;XL;;;;;41,000.00;;0.62;43.00;31.00;9.00;1;;;SI;NO;"<p>Bandeja Rectangular de YUTE</p>
<p>Tama&ntilde;os:</p>
<p>XL (46x36x10 cm)</p>
<p>XXL (50x39x11,5 cm)</p>
<p>&nbsp;</p>
<p>Ideales para agregar un toque r&uacute;stico y natural a tu hogar, estas bandejas son perfectas para servir snacks, organizar tu mesa o decorar cualquier espacio. Resistentes y vers&aacute;tiles, se adaptan a tus necesidades y son perfectas para cualquier ocasi&oacute;n.&nbsp;</p>
<p>&iexcl;Animate a darle un nuevo aire a tu casa con estas lindas bandejas de yute que est&aacute;n en tendencia!</p>";BANDEJA, CANASTO, CANASTOS, MANIJA, YUTE;Bandeja Rectangular de YUTE - Varios tamaños y estilos;Descubre nuestras bandejas rectangulares de yute, ideales para dar un toque rústico a tu hogar. ¡Elige el tamaño perfecto y renueva tu espacio hoy!;;SI;;;;12,000.00;Visible
bandeja-rectangular-yute-varios-tamanos;;;Tamaño;XXL;;;;;45,000.00;;0.62;43.00;31.00;9.00;1;;;;;;;;;;;;;;12,000.00;
sabana-premiun-600h-twin;Sabana Premiun 600H Twin;DORMITORIO > SABANAS Y AJUSTABLES > 1 1/2;Color;Beige;;;;;33,500.00;;0.5;25.00;25.00;10.00;2;;;SI;NO;"<p>Sabana Premiun 600H Twin&nbsp;</p>
<p>Efecto Piel de durazno&nbsp;</p>
<p>Super suavecitas! Producto Hipoalerg&eacute;nico.&nbsp;</p>
<p>&nbsp;</p>
<p>Medidas: TWIN</p>
<p>Para colch&oacute;n de 100x190x30cm</p>
<p>Sabana Superior: 160x240cm</p>
<p>Sabana Ajustable: 100x190X30cmcm</p>
<p>2 Fundas de Almohadon: 0.75x0.50cm</p>
<p>&nbsp;</p>
<p>Colores: Blanco - Beige</p>
<p>Material: Microfibra.</p>";;;;;SI;;;;13,140.00;Visible
sabana-premiun-600h-twin;;;Color;Gris;;;;;33,500.00;;0.5;25.00;25.00;10.00;2;;;;;;;;;;;;;;13,140.00;
sabana-premiun-600h-twin;;;Color;Blanco;;;;;33,500.00;;0.5;25.00;25.00;10.00;1;;;;;;;;;;;;;;13,140.00;
sabana-premiun-600h-queen;Sabana Premiun 600H QUEEN;DORMITORIO > SABANAS Y AJUSTABLES > 2 1/2 - Queen;Color;Beige;;;;;54,950.00;;0.5;30.00;25.00;6.00;0;;;SI;NO;"<p>Sabana Premiun 600H QUEEN</p>
<p>Efecto Piel de durazno&nbsp;</p>
<p>Super suavecitas! Producto Hipoalerg&eacute;nico.&nbsp;</p>
<p>&nbsp;</p>
<p>Medidas: QUEEN</p>
<p>Para colch&oacute;n de hasta 160x200x30</p>
<p>Sabana Superior: 250x280cm</p>
<p>Sabana Ajustable: 160x200cm</p>
<p>2 Fundas de Almohadon: 0.70x0.50cm</p>
<p>&nbsp;</p>
<p>Colores: Blanco - Beige</p>
<p>Material: Microfibra.</p>";;;;;SI;;;;;Visible
sabana-premiun-600h-queen;;;Color;Gris;;;;;54,950.00;;0.5;30.00;25.00;6.00;1;;;;;;;;;;;;;;;
dispenser-jabon-relax;Dispenser Jabón RELAX;BAÑO > ARTICULOS PARA BAÑO;;;;;;;9,700.00;;0.29;0.20;0.08;0.08;2;;;SI;NO;"<p>Dispenser Jab&oacute;n RELAX</p>
<p>&nbsp;</p>
<p>Medidas: 7x7x19 cm</p>
<p>Material: Vidrio&nbsp;</p>";;;;;SI;;;;4,800.00;Visible
alfombra-gala;Alfombra GALA;BAÑO > ALFOMBRAS PARA BAÑO, HOT SALE, BAJAMOS LOS PRECIOS! APROVECHÁ, BLACK DELUAR;Color;Gris;;;;;24,999.00;;0.32;15.00;15.00;5.00;1;;;SI;NO;"<p>Alfombra GALA&nbsp;</p>
<p>&nbsp;</p>
<p>Antideslizante</p>
<p>Medidas: 60x40cm</p>
<p>Color: Gris - Vis&oacute;n&nbsp;</p>";;;;;SI;;;;;Visible
alfombra-gala;;;Color;Visón;;;;;24,999.00;;0.32;15.00;15.00;5.00;1;;;;;;;;;;;;;;;
alfombra-gala;;;Color;Negro;;;;;24,999.00;;0.32;15.00;15.00;5.00;1;;;;;;;;;;;;;;;
sabana-plisse-500h-premium-1-1-2;Sabana PLISSE 500H Premium 1 1/2;DORMITORIO > SABANAS Y AJUSTABLES > 1 1/2;Color;Rosa;;;;;42,500.00;;0.5;30.00;25.00;5.00;1;;;SI;NO;"<p>Juego De Sabanas PLISSE 500 H</p>
<p><br />Composicion: 100% Microfibra High Quality</p>
<p><br />Tacto Super Suave. Efecto Piel de durazno.</p>
<p>No se Arruga!<br /><br />Embozo Plissado</p>
<p>&nbsp;</p>
<p>Medidas:&nbsp;</p>
<p><strong>1 1/2 Size</strong></p>
<p>Sabana superior: 160x230cm</p>
<p>Sabana Ajustable para colchon de: 90x190x25cm</p>
<p>1 Funda: 75x50cm</p>
<p>&nbsp;</p>
<p>Colores: Arena - Blanco - Rosa</p>";;;;;SI;;;;;Visible
sabana-plisse-500h-premium-1-1-2;;;Color;Arena;;;;;42,500.00;;0.5;30.00;25.00;5.00;1;;;;;;;;;;;;;;;
alfombra-paz-160x195;Alfombra/ Manta PAZ 160X195;LIVING > MANTAS, LIVING > ALFOMBRAS;;;;;;;29,900.00;;0.5;40.00;30.00;5.00;0;;;SI;NO;"<p>Alfombra liviana r&uacute;stica</p>
<p>&nbsp;</p>
<p>Va ideal tambi&eacute;n como cubre sill&oacute;n!</p>
<p>&nbsp;</p>
<p>Material: 100% algod&oacute;n&nbsp;</p>
<p>Medidas: 160x195cm</p>
<p>&nbsp;</p>
<p>APTA LAVARROPAS. ACONSEJAMOS EN PROGRAMA DE ROPA DELICADA Y AGUA FRIA. NO UTILIZAR QUITAMANCHAS</p>";;;;;SI;;;;11,600.00;Visible
funda-de-almohadon-rectangular-tusor;Funda de Almohadon Rectangular Tusor;DORMITORIO, LIVING > ALMOHADONES Y FUNDAS;Color;Celeste;;;;;11,900.00;;0.13;0.00;0.00;0.00;1;;;SI;NO;"<p>Funda de Almohadon Rectangular</p>
<p>&nbsp;</p>
<p>Medida: 50x70cm</p>
<p>Material: Tusor 100% Algod&oacute;n</p>
<p>Colores: Celeste - Negro</p>";;;;;SI;;;;;Visible
funda-de-almohadon-rectangular-tusor;;;Color;Negro;;;;;11,900.00;;0.13;0.00;0.00;0.00;2;;;;;;;;;;;;;;;
funda-tusor-rayada;Funda Tusor Rayada;LIVING > ALMOHADONES Y FUNDAS, BLACK DELUAR;Color;Rayas Finas;;;;;7,990.00;;0.11;0.00;0.00;0.00;4;;;SI;NO;"<p>Funda de Almohadon&nbsp;</p>
<p>Material: Tusor - 100% algod&oacute;n</p>
<p>Medidas: 45x45cm</p>
<p>Color: Mostaza con rayas color crudo&nbsp;</p>";;;;;SI;;;;;Visible
camino-de-mesa-rayas;Camino de mesa RAYAS;COCINA > CAMINO DE MESA, BAJAMOS LOS PRECIOS! APROVECHÁ, BLACK DELUAR;Tamaño;1.60x0.40cm;;;;;7,700.00;;0.10;0.00;0.00;0.00;1;;;SI;NO;"<p>Camino de mesa&nbsp;</p>
<p>Color: Gris con rayas blancas</p>
<p>&nbsp;</p>
<p>Medidas:&nbsp;</p>
<p>- 1.60 x 0.40cm</p>";;;;;SI;;;;;Visible
sabanas-sense-150h-100-algodon-2-1-2;Sabanas SENSE 150H 100% algodon 2 1/2;DORMITORIO > SABANAS Y AJUSTABLES > 2 1/2 - Queen;Color;Blanco;;;;;89,900.00;;0.5;30.00;25.00;6.00;1;;;SI;NO;"<p>Juego de s&aacute;banas lisas con embozo de percal 150 hilos.</p>
<p>&nbsp;</p>
<p>100% PURO ALGOD&Oacute;N</p>
<p>&nbsp;</p>
<p>Medidas:&nbsp;</p>
<p><strong>2 1/2 Size</strong></p>
<p>Sabana superior: 220x255cm</p>
<p>Sabana Ajustable para colchon de: 150x190x25cm</p>
<p>2 Fundas: 85x50cm</p>
<p>&nbsp;</p>
<p>No se hacen pelotitas!</p>";;;;;SI;;;;;Visible
alfombra-home-60x45cm;Alfombra HOME 60X45cm;LIVING > ALFOMBRAS, BAÑO > ALFOMBRAS PARA BAÑO;;;;;;;14,500.00;;0.58;0.30;0.25;0.04;0;;;SI;NO;"<p>Alfombra HOME</p>
<p>&nbsp;</p>
<p>Medidas: 0.60 x 0.45 cm&nbsp;</p>
<p>Color:Crudo&nbsp;</p>
<p>Material: 100% Algod&oacute;n&nbsp;</p>
<p>&nbsp;</p>
<p>Hecho a mano. Artesanal&nbsp;</p>
<p>&nbsp;</p>";;;;;SI;;;;5,300.00;Visible
funda-de-almohadon-bali-40x40cm;Funda de Almohadon BALI 40x40cm negro;LIVING > ALMOHADONES Y FUNDAS;Color;Negro;;;;;8,200.00;;0.09;15.00;15.00;2.00;1;;;SI;NO;"<p>Funda de almohad&oacute;n&nbsp;</p>
<p>Medidas: 40x40cm</p>
<p>Color: negro</p>
<p>Material: Tusor 100% algod&oacute;n&nbsp;</p>";;;;;SI;;;;;Visible
alfombra-marga-160x195-cm;Alfombra MARGA 160x195 cm;LIVING > MANTAS, LIVING > ALFOMBRAS;;;;;;;29,900.00;;0.5;0.45;0.30;0.06;2;;;SI;NO;"<p><span style=""color: #737374; font-family: 'Open Sans', Roboto, -apple-system, BlinkMacSystemFont, 'Segoe UI', Oxygen, Ubuntu, Cantarell, 'Fira Sans', 'Droid Sans', 'Helvetica Neue', sans-serif; font-size: 14px; background-color: #ffffff;"">Alfombra liviana rustica 100% de algod&oacute;n.&nbsp;</span><span style=""background-color: #ffffff; color: #737374; font-family: 'Open Sans', Roboto, -apple-system, BlinkMacSystemFont, 'Segoe UI', Oxygen, Ubuntu, Cantarell, 'Fira Sans', 'Droid Sans', 'Helvetica Neue', sans-serif; font-size: 14px;"">Tejida en telar automatico</span></p>
<p><span style=""color: #737374; font-family: 'Open Sans', Roboto, -apple-system, BlinkMacSystemFont, 'Segoe UI', Oxygen, Ubuntu, Cantarell, 'Fira Sans', 'Droid Sans', 'Helvetica Neue', sans-serif; font-size: 14px; background-color: #ffffff;"">(Tambien podes usarla como manta)</span></p>
<p><span style=""color: #737374; font-family: 'Open Sans', Roboto, -apple-system, BlinkMacSystemFont, 'Segoe UI', Oxygen, Ubuntu, Cantarell, 'Fira Sans', 'Droid Sans', 'Helvetica Neue', sans-serif; font-size: 14px; background-color: #ffffff;"">Medidas: 160x195cm. </span></p>
<p><span style=""color: #737374; font-family: 'Open Sans', Roboto, -apple-system, BlinkMacSystemFont, 'Segoe UI', Oxygen, Ubuntu, Cantarell, 'Fira Sans', 'Droid Sans', 'Helvetica Neue', sans-serif; font-size: 14px; background-color: #ffffff;"">Color: Gris con rayas crudas.</span></p>
<p><span style=""color: #737374; font-family: 'Open Sans', Roboto, -apple-system, BlinkMacSystemFont, 'Segoe UI', Oxygen, Ubuntu, Cantarell, 'Fira Sans', 'Droid Sans', 'Helvetica Neue', sans-serif; font-size: 14px; background-color: #ffffff;"">Apto lavarropas. Aconsejamos en programa de ropa delicada y agua fria. No utilizar quitamanchas.&nbsp;</span></p>";;;;;SI;;;;6,636.00;Visible
alfombra-helena-60x110cm;Alfombra HELENA 60X110cm;DORMITORIO > ALFOMBRAS PARA SALIDA DE CAMA , LIVING > ALFOMBRAS;;;;;;;23,000.00;;0.5;0.32;0.30;0.12;0;;;SI;NO;"<p>Alfombra HELENA&nbsp;</p>
<p>Material: tejida en telar manual en hilo de algod&oacute;n&nbsp;</p>
<p>Medidas: 60x110cm</p>
<p>Color: CRUDO&nbsp;</p>
<p>&nbsp;</p>
<p>&nbsp;</p>
<p><span style=""color: #737374; font-family: 'Open Sans', Roboto, -apple-system, BlinkMacSystemFont, 'Segoe UI', Oxygen, Ubuntu, Cantarell, 'Fira Sans', 'Droid Sans', 'Helvetica Neue', sans-serif; font-size: 14px; background-color: #ffffff;"">&iquest;Como lavarlas? Son aptas lavarropa, Aconsejamos en programa de ropa delicada, evitando fuertes centrifugados.</span></p>";;;;;SI;;;;4,110.00;Visible
